sample_id,domain,error_type,split,clean_domain_mismatch,clean_subdomain_mismatch,clean_topic_mismatch,clean_document_mismatch,clean_total_mismatches,err_domain_mismatch,err_subdomain_mismatch,err_topic_mismatch,err_document_mismatch,err_total_mismatches
nlu_0179_03,medical,domain_term_phonetic_semantic_substitution,train,0,0,0,0,0,0,0,0,0,0
nlu_0392_08,legal,domain_term_phonetic_semantic_substitution,train,0,0,0,0,0,0,0,0,0,0
nlu_0023_02,medical,domain_term_phonetic_semantic_substitution,train,0,0,0,0,0,0,1,1,0,2
nlu_0214_06,finance,domain_term_phonetic_semantic_substitution,train,0,0,0,0,0,0,0,0,1,1
nlu_0523_05,general,domain_term_phonetic_semantic_substitution,train,0,0,0,0,0,0,0,0,0,0
nlu_0117_09,medical,domain_term_phonetic_semantic_substitution,train,0,0,0,0,0,0,0,0,0,0
nlu_0088_10,medical,domain_term_phonetic_semantic_substitution,train,0,0,0,0,0,0,0,0,1,1
nlu_0016_07,medical,domain_term_phonetic_semantic_substitution,train,0,0,0,0,0,0,0,0,0,0
nlu_0166_08,medical,domain_term_phonetic_semantic_substitution,validation,0,0,0,0,0,0,0,0,1,1
nlu_0033_04,medical,domain_term_phonetic_semantic_substitution,unseen,0,0,1,1,2,0,1,1,1,3
nlu_0531_03,general,domain_term_phonetic_semantic_substitution,train,0,0,0,0,0,0,0,0,0,0
nlu_0262_02,finance,domain_term_phonetic_semantic_substitution,train,0,0,0,0,0,0,0,0,0,0
nlu_0082_02,medical,domain_term_phonetic_semantic_substitution,unseen,0,0,1,0,1,0,0,1,0,1
nlu_0040_04,medical,domain_term_phonetic_semantic_substitution,train,0,0,0,0,0,0,1,1,0,2
nlu_0360_04,legal,domain_term_phonetic_semantic_substitution,train,0,0,0,0,0,0,0,0,0,0
nlu_0264_09,finance,domain_term_phonetic_semantic_substitution,train,0,0,0,0,0,0,1,1,1,3
nlu_0219_08,finance,domain_term_phonetic_semantic_substitution,train,0,0,0,0,0,0,0,0,0,0
nlu_0536_02,general,domain_term_phonetic_semantic_substitution,train,0,0,0,0,0,0,0,0,0,0
nlu_0032_10,medical,domain_term_phonetic_semantic_substitution,train,0,0,0,0,0,0,1,1,1,3
nlu_0017_08,medical,domain_term_phonetic_semantic_substitution,train,0,0,0,0,0,0,0,0,0,0
nlu_0075_07,medical,domain_term_phonetic_semantic_substitution,train,0,0,0,0,0,0,0,0,1,1
nlu_0548_01,general,domain_term_phonetic_semantic_substitution,validation,0,0,0,0,0,0,0,0,0,0
nlu_0371_08,legal,domain_term_phonetic_semantic_substitution,unseen,0,0,0,0,0,0,0,0,0,0
nlu_0277_05,finance,domain_term_phonetic_semantic_substitution,unseen,0,0,0,0,0,0,0,0,0,0
nlu_0512_03,general,domain_term_phonetic_semantic_substitution,unseen,0,0,0,0,0,0,0,0,0,0
nlu_0401_07,legal,domain_term_phonetic_semantic_substitution,train,0,0,0,0,0,0,0,0,0,0
nlu_0188_02,medical,domain_term_phonetic_semantic_substitution,train,0,0,0,0,0,0,0,1,1,2
nlu_0576_07,general,domain_term_phonetic_semantic_substitution,train,0,0,0,0,0,0,0,0,0,0
nlu_0320_04,legal,domain_term_phonetic_semantic_substitution,train,0,0,0,0,0,0,0,1,1,2
nlu_0376_05,legal,domain_term_phonetic_semantic_substitution,train,0,0,0,0,0,0,0,0,0,0
nlu_0563_06,general,domain_term_phonetic_semantic_substitution,train,0,0,0,0,0,0,0,0,0,0
nlu_0490_05,technology,domain_term_phonetic_semantic_substitution,validation,0,0,0,0,0,0,0,1,0,1
nlu_0411_03,legal,domain_term_phonetic_semantic_substitution,unseen,0,0,0,0,0,0,0,0,0,0
nlu_0127_02,medical,domain_term_phonetic_semantic_substitution,unseen,0,0,0,0,0,0,1,0,0,1
nlu_0234_09,finance,domain_term_phonetic_semantic_substitution,unseen,0,0,0,1,1,0,0,1,1,2
nlu_0009_05,medical,domain_term_phonetic_semantic_substitution,train,0,0,0,0,0,0,0,0,0,0
nlu_0383_02,legal,domain_term_phonetic_semantic_substitution,validation,0,0,0,0,0,0,0,0,0,0
nlu_0266_04,finance,domain_term_phonetic_semantic_substitution,train,0,0,0,0,0,0,0,1,0,1
nlu_0555_06,general,domain_term_phonetic_semantic_substitution,train,0,0,0,0,0,0,0,0,0,0
nlu_0275_07,finance,domain_term_phonetic_semantic_substitution,unseen,0,0,0,0,0,0,0,0,1,1
nlu_0286_09,finance,domain_term_phonetic_semantic_substitution,train,0,0,0,0,0,0,0,0,0,0
nlu_0100_07,medical,domain_term_phonetic_semantic_substitution,unseen,0,0,0,0,0,0,0,1,0,1
nlu_0023_09,medical,domain_term_phonetic_semantic_substitution,train,0,0,0,0,0,0,0,0,0,0
nlu_0327_05,legal,domain_term_phonetic_semantic_substitution,train,0,0,0,0,0,0,0,0,0,0
nlu_0483_09,technology,domain_term_phonetic_semantic_substitution,train,0,0,0,0,0,0,0,0,0,0
nlu_0395_03,legal,domain_term_phonetic_semantic_substitution,train,0,0,0,0,0,0,0,0,0,0
nlu_0546_10,general,domain_term_phonetic_semantic_substitution,train,0,0,0,0,0,0,0,0,0,0
nlu_0384_03,legal,domain_term_phonetic_semantic_substitution,train,0,0,0,0,0,0,0,0,1,1
nlu_0166_03,medical,domain_term_phonetic_semantic_substitution,validation,0,0,0,0,0,0,0,0,1,1
nlu_0008_10,medical,domain_term_phonetic_semantic_substitution,train,0,0,0,0,0,0,0,0,1,1
nlu_0097_05,medical,domain_term_phonetic_semantic_substitution,train,0,0,0,0,0,0,0,1,0,1
nlu_0093_07,medical,domain_term_phonetic_semantic_substitution,train,0,0,0,0,0,0,1,1,0,2
nlu_0080_05,medical,domain_term_phonetic_semantic_substitution,train,0,0,0,0,0,0,1,0,0,1
nlu_0338_10,legal,domain_term_phonetic_semantic_substitution,train,0,0,0,0,0,0,0,0,0,0
nlu_0317_05,legal,domain_term_phonetic_semantic_substitution,train,0,0,0,0,0,0,0,0,0,0
nlu_0466_08,technology,domain_term_phonetic_semantic_substitution,train,0,0,0,0,0,0,0,0,0,0
nlu_0332_02,legal,domain_term_phonetic_semantic_substitution,train,0,0,0,0,0,0,0,0,0,0
nlu_0394_05,legal,domain_term_phonetic_semantic_substitution,validation,0,0,0,0,0,0,0,0,0,0
nlu_0108_05,medical,domain_term_phonetic_semantic_substitution,train,0,0,0,0,0,0,0,0,0,0
nlu_0485_01,technology,domain_term_phonetic_semantic_substitution,train,0,0,0,0,0,0,0,0,0,0
nlu_0419_04,legal,domain_term_phonetic_semantic_substitution,train,0,0,0,0,0,0,0,0,0,0
nlu_0203_05,finance,domain_term_phonetic_semantic_substitution,train,0,0,0,0,0,0,0,0,0,0
nlu_0568_08,general,domain_term_phonetic_semantic_substitution,train,0,0,0,0,0,0,0,0,0,0
nlu_0464_05,technology,domain_term_phonetic_semantic_substitution,train,0,0,0,0,0,0,0,0,0,0
nlu_0175_06,medical,domain_term_phonetic_semantic_substitution,validation,0,0,0,0,0,0,1,1,1,3
nlu_0315_04,legal,domain_term_phonetic_semantic_substitution,train,0,0,0,0,0,0,0,1,1,2
nlu_0327_04,legal,domain_term_phonetic_semantic_substitution,train,0,0,0,0,0,0,0,1,1,2
nlu_0313_02,finance,domain_term_phonetic_semantic_substitution,train,0,0,0,0,0,0,0,0,0,0
nlu_0146_02,medical,domain_term_phonetic_semantic_substitution,train,0,0,0,0,0,0,0,0,0,0
nlu_0044_10,medical,domain_term_phonetic_semantic_substitution,train,0,0,0,0,0,0,0,0,0,0
nlu_0332_07,legal,domain_term_phonetic_semantic_substitution,train,0,0,0,0,0,0,0,0,0,0
nlu_0455_04,technology,domain_term_phonetic_semantic_substitution,validation,0,0,1,1,2,0,0,1,1,2
nlu_0299_02,finance,domain_term_phonetic_semantic_substitution,validation,0,0,0,0,0,0,0,0,0,0
nlu_0209_01,finance,domain_term_phonetic_semantic_substitution,train,0,0,0,0,0,0,0,0,0,0
nlu_0403_01,legal,domain_term_phonetic_semantic_substitution,train,0,0,0,0,0,0,0,0,0,0
nlu_0146_05,medical,domain_term_phonetic_semantic_substitution,train,0,0,0,0,0,0,0,0,0,0
nlu_0026_05,medical,domain_term_phonetic_semantic_substitution,unseen,0,0,0,0,0,0,1,1,1,3
nlu_0047_06,medical,domain_term_phonetic_semantic_substitution,unseen,0,0,0,0,0,0,0,1,1,2
nlu_0212_08,finance,domain_term_phonetic_semantic_substitution,train,0,0,0,0,0,0,0,0,0,0
nlu_0051_07,medical,domain_term_phonetic_semantic_substitution,train,0,0,0,0,0,0,1,1,1,3
nlu_0428_02,legal,domain_term_phonetic_semantic_substitution,train,0,0,0,0,0,0,0,0,0,0
nlu_0429_09,legal,domain_term_phonetic_semantic_substitution,train,0,0,0,0,0,0,0,1,1,2
nlu_0422_04,legal,domain_term_phonetic_semantic_substitution,train,0,0,0,0,0,0,0,0,0,0
nlu_0024_04,medical,domain_term_phonetic_semantic_substitution,train,0,0,0,0,0,0,1,1,1,3
nlu_0056_04,medical,domain_term_phonetic_semantic_substitution,train,0,0,0,0,0,0,1,1,1,3
nlu_0532_05,general,domain_term_phonetic_semantic_substitution,train,0,0,0,0,0,0,0,0,0,0
nlu_0055_05,medical,domain_term_phonetic_semantic_substitution,validation,0,0,0,0,0,0,1,1,0,2
nlu_0371_01,legal,domain_term_phonetic_semantic_substitution,unseen,0,0,0,0,0,0,0,0,0,0
nlu_0355_01,legal,domain_term_phonetic_semantic_substitution,train,0,0,0,0,0,0,0,0,0,0
nlu_0279_09,finance,domain_term_phonetic_semantic_substitution,train,0,0,0,0,0,0,0,0,0,0
nlu_0287_05,finance,domain_term_phonetic_semantic_substitution,train,0,0,0,0,0,0,0,0,0,0
nlu_0209_04,finance,domain_term_phonetic_semantic_substitution,train,0,0,0,0,0,0,0,0,0,0
nlu_0555_03,general,domain_term_phonetic_semantic_substitution,train,0,0,0,0,0,0,0,0,0,0
nlu_0031_09,medical,domain_term_phonetic_semantic_substitution,unseen,0,0,0,1,1,0,1,1,1,3
nlu_0072_01,medical,domain_term_phonetic_semantic_substitution,unseen,0,0,0,0,0,0,0,0,1,1
nlu_0411_04,legal,domain_term_phonetic_semantic_substitution,unseen,0,0,1,0,1,0,0,1,0,1
nlu_0159_01,medical,domain_term_phonetic_semantic_substitution,train,0,0,0,0,0,0,0,0,0,0
nlu_0132_01,medical,domain_term_phonetic_semantic_substitution,train,0,0,0,0,0,0,0,0,0,0
nlu_0063_06,medical,domain_term_phonetic_semantic_substitution,train,0,0,0,0,0,0,0,0,0,0
nlu_0003_04,medical,domain_term_phonetic_semantic_substitution,train,0,0,0,0,0,0,1,1,1,3
nlu_0254_02,finance,domain_term_phonetic_semantic_substitution,train,0,0,0,0,0,0,0,0,0,0
nlu_0188_01,medical,domain_term_phonetic_semantic_substitution,train,0,0,0,0,0,0,0,0,0,0
nlu_0512_01,general,domain_term_phonetic_semantic_substitution,unseen,0,0,0,0,0,0,0,0,0,0
nlu_0349_09,legal,domain_term_phonetic_semantic_substitution,unseen,0,0,0,0,0,0,0,1,0,1
nlu_0118_01,medical,domain_term_phonetic_semantic_substitution,train,0,0,0,0,0,0,0,0,0,0
nlu_0475_06,technology,domain_term_phonetic_semantic_substitution,train,0,0,0,0,0,0,0,1,1,2
nlu_0212_09,finance,domain_term_phonetic_semantic_substitution,train,0,0,0,0,0,0,0,1,0,1
nlu_0302_09,finance,domain_term_phonetic_semantic_substitution,train,0,0,0,0,0,0,0,0,0,0
nlu_0120_05,medical,domain_term_phonetic_semantic_substitution,train,0,0,0,0,0,0,0,0,0,0
nlu_0225_06,finance,domain_term_phonetic_semantic_substitution,unseen,0,0,1,0,1,0,0,1,0,1
nlu_0288_04,finance,domain_term_phonetic_semantic_substitution,validation,0,0,0,1,1,0,0,0,1,1
nlu_0564_10,general,domain_term_phonetic_semantic_substitution,train,0,0,0,0,0,0,0,0,0,0
nlu_0255_10,finance,domain_term_phonetic_semantic_substitution,train,0,0,0,0,0,0,0,0,0,0
nlu_0316_05,legal,domain_term_phonetic_semantic_substitution,train,0,0,0,0,0,0,0,0,1,1
nlu_0010_04,medical,domain_term_phonetic_semantic_substitution,validation,0,0,0,0,0,0,1,1,1,3
nlu_0208_08,finance,domain_term_phonetic_semantic_substitution,train,0,0,0,0,0,0,0,0,0,0
nlu_0047_10,medical,domain_term_phonetic_semantic_substitution,unseen,0,0,0,0,0,0,0,0,0,0
nlu_0079_08,medical,domain_term_phonetic_semantic_substitution,validation,0,0,0,0,0,0,1,0,0,1
nlu_0170_10,medical,domain_term_phonetic_semantic_substitution,train,0,0,0,0,0,0,0,1,0,1
nlu_0184_08,medical,domain_term_phonetic_semantic_substitution,train,0,0,0,0,0,0,0,1,1,2
nlu_0307_04,finance,domain_term_phonetic_semantic_substitution,validation,0,0,1,1,2,0,0,1,1,2
nlu_0171_07,medical,domain_term_phonetic_semantic_substitution,train,0,0,0,0,0,0,0,0,1,1
nlu_0397_08,legal,domain_term_phonetic_semantic_substitution,train,0,0,0,0,0,0,0,0,0,0
nlu_0387_03,legal,domain_term_phonetic_semantic_substitution,validation,0,0,0,0,0,0,0,0,1,1
nlu_0367_05,legal,domain_term_phonetic_semantic_substitution,train,0,0,0,0,0,0,0,0,0,0
nlu_0590_02,general,domain_term_phonetic_semantic_substitution,unseen,0,0,0,0,0,0,0,0,0,0
nlu_0321_05,legal,domain_term_phonetic_semantic_substitution,validation,0,0,0,0,0,0,0,0,1,1
nlu_0061_05,medical,domain_term_phonetic_semantic_substitution,train,0,0,0,0,0,0,0,0,0,0
nlu_0495_03,technology,domain_term_phonetic_semantic_substitution,train,0,0,0,0,0,0,0,0,0,0
nlu_0156_01,medical,domain_term_phonetic_semantic_substitution,train,0,0,0,0,0,0,0,0,0,0
nlu_0471_09,technology,domain_term_phonetic_semantic_substitution,unseen,0,0,0,0,0,0,0,0,0,0
nlu_0484_05,technology,domain_term_phonetic_semantic_substitution,validation,0,0,0,0,0,0,0,0,0,0
nlu_0319_06,legal,domain_term_phonetic_semantic_substitution,train,0,0,0,0,0,0,0,1,1,2
nlu_0439_07,technology,domain_term_phonetic_semantic_substitution,train,0,0,0,0,0,0,0,0,0,0
nlu_0159_07,medical,domain_term_phonetic_semantic_substitution,train,0,0,0,0,0,0,0,0,0,0
nlu_0312_10,finance,domain_term_phonetic_semantic_substitution,validation,0,0,0,0,0,0,0,0,0,0
nlu_0340_10,legal,domain_term_phonetic_semantic_substitution,train,0,0,0,0,0,0,0,0,0,0
nlu_0041_02,medical,domain_term_phonetic_semantic_substitution,train,0,0,0,0,0,0,0,0,0,0
nlu_0004_02,medical,domain_term_phonetic_semantic_substitution,train,0,0,0,0,0,0,0,0,0,0
nlu_0149_04,medical,domain_term_phonetic_semantic_substitution,train,0,0,0,0,0,0,0,1,0,1
nlu_0269_01,finance,domain_term_phonetic_semantic_substitution,train,0,0,0,0,0,0,0,0,1,1
nlu_0060_10,medical,domain_term_phonetic_semantic_substitution,train,0,0,0,0,0,0,0,0,0,0
nlu_0315_10,legal,domain_term_phonetic_semantic_substitution,train,0,0,0,0,0,0,0,0,0,0
nlu_0555_05,general,domain_term_phonetic_semantic_substitution,train,0,0,0,0,0,0,0,0,0,0
nlu_0187_01,medical,domain_term_phonetic_semantic_substitution,train,0,0,0,0,0,0,0,0,0,0
nlu_0057_06,medical,domain_term_phonetic_semantic_substitution,validation,0,0,0,0,0,0,0,1,0,1
nlu_0222_04,finance,domain_term_phonetic_semantic_substitution,train,0,0,0,0,0,0,0,0,0,0
nlu_0197_07,finance,domain_term_phonetic_semantic_substitution,unseen,0,0,0,0,0,0,1,1,1,3
nlu_0087_06,medical,domain_term_phonetic_semantic_substitution,train,0,0,0,0,0,0,0,0,0,0
nlu_0461_08,technology,domain_term_phonetic_semantic_substitution,train,0,0,0,0,0,0,0,0,0,0
nlu_0246_01,finance,domain_term_phonetic_semantic_substitution,train,0,0,0,0,0,0,0,0,0,0
nlu_0570_03,general,domain_term_phonetic_semantic_substitution,train,0,0,0,0,0,0,0,0,0,0
nlu_0082_03,medical,domain_term_phonetic_semantic_substitution,unseen,0,0,0,0,0,0,0,0,0,0
nlu_0148_08,medical,domain_term_phonetic_semantic_substitution,train,0,0,0,0,0,0,0,0,0,0
nlu_0474_05,technology,domain_term_phonetic_semantic_substitution,unseen,0,0,0,0,0,0,0,0,1,1
nlu_0228_02,finance,domain_term_phonetic_semantic_substitution,train,0,0,0,0,0,0,0,0,0,0
nlu_0104_09,medical,domain_term_phonetic_semantic_substitution,unseen,0,0,1,0,1,0,0,1,0,1
nlu_0453_07,technology,domain_term_phonetic_semantic_substitution,train,0,0,0,0,0,0,0,0,0,0
nlu_0009_01,medical,domain_term_phonetic_semantic_substitution,train,0,0,0,0,0,0,0,0,0,0
nlu_0121_05,medical,domain_term_phonetic_semantic_substitution,train,0,0,0,0,0,0,0,0,0,0
nlu_0329_06,legal,domain_term_phonetic_semantic_substitution,validation,0,1,1,0,2,0,1,1,0,2
nlu_0155_06,medical,domain_term_phonetic_semantic_substitution,train,0,0,0,0,0,0,0,1,0,1
nlu_0018_08,medical,domain_term_phonetic_semantic_substitution,train,0,0,0,0,0,0,0,0,0,0
nlu_0259_06,finance,domain_term_phonetic_semantic_substitution,train,0,0,0,0,0,0,1,0,1,2
nlu_0600_03,general,domain_term_phonetic_semantic_substitution,train,0,0,0,0,0,0,0,0,0,0
nlu_0487_04,technology,domain_term_phonetic_semantic_substitution,train,0,0,0,0,0,0,0,1,1,2
nlu_0144_09,medical,domain_term_phonetic_semantic_substitution,train,0,0,0,0,0,0,0,0,0,0
nlu_0030_07,medical,domain_term_phonetic_semantic_substitution,validation,0,0,0,0,0,0,1,1,1,3
nlu_0362_06,legal,domain_term_phonetic_semantic_substitution,train,0,0,0,0,0,0,0,1,1,2
nlu_0365_08,legal,domain_term_phonetic_semantic_substitution,train,0,0,0,0,0,0,0,0,0,0
nlu_0016_08,medical,domain_term_phonetic_semantic_substitution,train,0,0,0,0,0,0,0,1,0,1
nlu_0103_08,medical,domain_term_phonetic_semantic_substitution,train,0,0,0,0,0,0,0,0,0,0
nlu_0042_01,medical,domain_term_phonetic_semantic_substitution,train,0,0,0,0,0,0,0,0,0,0
nlu_0396_09,legal,domain_term_phonetic_semantic_substitution,train,0,0,0,0,0,0,0,0,0,0
nlu_0594_08,general,domain_term_phonetic_semantic_substitution,unseen,0,0,0,0,0,0,0,0,0,0
nlu_0496_07,technology,domain_term_phonetic_semantic_substitution,train,0,0,0,0,0,0,0,0,0,0
nlu_0476_07,technology,domain_term_phonetic_semantic_substitution,train,0,0,0,0,0,0,0,0,0,0
nlu_0545_08,general,domain_term_phonetic_semantic_substitution,train,0,0,0,0,0,0,0,0,0,0
nlu_0219_02,finance,domain_term_phonetic_semantic_substitution,train,0,0,0,0,0,0,0,0,0,0
nlu_0581_09,general,domain_term_phonetic_semantic_substitution,train,0,0,0,0,0,0,0,0,0,0
nlu_0082_01,medical,domain_term_phonetic_semantic_substitution,unseen,0,0,1,0,1,0,0,1,0,1
nlu_0492_06,technology,domain_term_phonetic_semantic_substitution,validation,0,0,0,0,0,0,0,0,0,0
nlu_0496_04,technology,domain_term_phonetic_semantic_substitution,train,0,0,0,0,0,0,0,0,0,0
nlu_0374_04,legal,domain_term_phonetic_semantic_substitution,unseen,0,0,0,0,0,0,0,0,0,0
nlu_0517_04,general,domain_term_phonetic_semantic_substitution,train,0,0,0,0,0,0,0,0,0,0
nlu_0298_08,finance,domain_term_phonetic_semantic_substitution,train,0,0,0,0,0,0,0,0,0,0
nlu_0380_06,legal,domain_term_phonetic_semantic_substitution,unseen,0,0,0,0,0,0,1,1,1,3
nlu_0217_09,finance,domain_term_phonetic_semantic_substitution,unseen,0,0,1,0,1,0,0,1,0,1
nlu_0308_08,finance,domain_term_phonetic_semantic_substitution,train,0,0,0,0,0,0,0,0,0,0
nlu_0170_05,medical,domain_term_phonetic_semantic_substitution,train,0,0,0,0,0,0,0,0,0,0
nlu_0103_05,medical,domain_term_phonetic_semantic_substitution,train,0,0,0,0,0,0,0,0,0,0
nlu_0395_07,legal,domain_term_phonetic_semantic_substitution,train,0,0,0,0,0,0,0,0,0,0
nlu_0213_05,finance,domain_term_phonetic_semantic_substitution,train,0,0,0,0,0,0,0,0,0,0
nlu_0530_05,general,domain_term_phonetic_semantic_substitution,validation,0,0,0,0,0,0,0,0,0,0
nlu_0271_05,finance,domain_term_phonetic_semantic_substitution,unseen,0,0,0,0,0,0,0,0,0,0
nlu_0104_04,medical,domain_term_phonetic_semantic_substitution,unseen,0,0,1,0,1,0,1,1,1,3
nlu_0588_02,general,domain_term_phonetic_semantic_substitution,train,0,0,0,0,0,0,0,0,0,0
nlu_0537_05,general,domain_term_phonetic_semantic_substitution,train,0,0,0,0,0,0,0,0,0,0
nlu_0416_10,legal,domain_term_phonetic_semantic_substitution,train,0,0,0,0,0,0,0,0,0,0
nlu_0171_01,medical,domain_term_phonetic_semantic_substitution,train,0,0,0,0,0,0,0,0,0,0
nlu_0292_04,finance,domain_term_phonetic_semantic_substitution,train,0,0,0,0,0,0,0,0,0,0
nlu_0488_09,technology,domain_term_phonetic_semantic_substitution,train,0,0,0,0,0,0,0,1,1,2
nlu_0333_01,legal,domain_term_phonetic_semantic_substitution,unseen,0,0,0,0,0,0,0,0,0,0
nlu_0503_07,general,domain_term_phonetic_semantic_substitution,train,0,0,0,0,0,0,0,0,0,0
nlu_0259_03,finance,domain_term_phonetic_semantic_substitution,train,0,0,0,0,0,0,0,0,0,0
nlu_0529_04,general,domain_term_phonetic_semantic_substitution,train,0,0,0,0,0,0,0,0,0,0
nlu_0426_01,legal,domain_term_phonetic_semantic_substitution,train,0,0,0,0,0,0,0,0,0,0
nlu_0119_07,medical,domain_term_phonetic_semantic_substitution,train,0,0,0,0,0,0,0,0,0,0
nlu_0374_08,legal,domain_term_phonetic_semantic_substitution,unseen,0,0,0,0,0,0,0,0,0,0
nlu_0079_04,medical,domain_term_phonetic_semantic_substitution,validation,0,0,0,0,0,0,1,1,1,3
nlu_0441_03,technology,domain_term_phonetic_semantic_substitution,validation,0,0,0,0,0,0,0,0,0,0
nlu_0006_01,medical,domain_term_phonetic_semantic_substitution,validation,0,0,0,0,0,0,0,0,0,0
nlu_0072_03,medical,domain_term_phonetic_semantic_substitution,unseen,0,0,0,0,0,0,0,0,0,0
nlu_0231_07,finance,domain_term_phonetic_semantic_substitution,train,0,0,0,0,0,0,0,0,0,0
nlu_0387_08,legal,domain_term_phonetic_semantic_substitution,validation,0,0,0,1,1,0,0,0,1,1
nlu_0245_07,finance,domain_term_phonetic_semantic_substitution,train,0,0,0,0,0,0,0,0,0,0
nlu_0225_01,finance,domain_term_phonetic_semantic_substitution,unseen,0,0,1,0,1,0,0,1,0,1
nlu_0461_04,technology,domain_term_phonetic_semantic_substitution,train,0,0,0,0,0,0,0,0,1,1
nlu_0480_01,technology,domain_term_phonetic_semantic_substitution,train,0,0,0,0,0,0,0,0,0,0
nlu_0311_04,finance,domain_term_phonetic_semantic_substitution,train,0,0,0,0,0,0,0,0,0,0
nlu_0557_07,general,domain_term_phonetic_semantic_substitution,train,0,0,0,0,0,0,0,0,0,0
nlu_0068_07,medical,domain_term_phonetic_semantic_substitution,unseen,0,0,0,0,0,0,0,0,0,0
nlu_0556_07,general,domain_term_phonetic_semantic_substitution,validation,0,0,0,0,0,0,0,0,0,0
nlu_0364_10,legal,domain_term_phonetic_semantic_substitution,unseen,0,0,0,0,0,0,0,0,0,0
nlu_0270_05,finance,domain_term_phonetic_semantic_substitution,train,0,0,0,0,0,0,0,0,0,0
nlu_0300_06,finance,domain_term_phonetic_semantic_substitution,validation,0,0,0,0,0,0,0,0,0,0
nlu_0157_03,medical,domain_term_phonetic_semantic_substitution,train,0,0,0,0,0,0,0,0,0,0
nlu_0365_10,legal,domain_term_phonetic_semantic_substitution,train,0,0,0,0,0,0,0,0,0,0
nlu_0247_06,finance,domain_term_phonetic_semantic_substitution,train,0,0,0,0,0,0,0,1,0,1
nlu_0035_07,medical,domain_term_phonetic_semantic_substitution,train,0,0,0,0,0,0,0,1,0,1
nlu_0150_07,medical,domain_term_phonetic_semantic_substitution,train,0,0,0,0,0,0,0,0,0,0
nlu_0235_05,finance,domain_term_phonetic_semantic_substitution,unseen,0,0,0,0,0,0,0,0,0,0
nlu_0391_06,legal,domain_term_phonetic_semantic_substitution,validation,0,0,1,0,1,0,0,1,1,2
nlu_0366_09,legal,domain_term_phonetic_semantic_substitution,train,0,0,0,0,0,0,0,1,1,2
nlu_0063_03,medical,domain_term_phonetic_semantic_substitution,train,0,0,0,0,0,0,0,0,0,0
nlu_0410_07,legal,domain_term_phonetic_semantic_substitution,train,0,0,0,0,0,0,0,1,0,1
nlu_0141_01,medical,domain_term_phonetic_semantic_substitution,train,0,0,0,0,0,0,0,0,0,0
nlu_0330_08,legal,domain_term_phonetic_semantic_substitution,train,0,0,0,0,0,0,0,0,0,0
nlu_0399_06,legal,domain_term_phonetic_semantic_substitution,validation,0,0,1,1,2,0,0,1,1,2
nlu_0519_02,general,domain_term_phonetic_semantic_substitution,train,0,0,0,0,0,0,0,0,0,0
nlu_0462_08,technology,domain_term_phonetic_semantic_substitution,validation,0,0,0,0,0,0,0,0,0,0
nlu_0033_05,medical,domain_term_phonetic_semantic_substitution,unseen,0,0,0,0,0,0,0,0,0,0
nlu_0300_08,finance,domain_term_phonetic_semantic_substitution,validation,0,0,0,0,0,0,0,0,0,0
nlu_0004_08,medical,domain_term_phonetic_semantic_substitution,train,0,0,0,0,0,0,0,0,0,0
nlu_0538_05,general,domain_term_phonetic_semantic_substitution,train,0,0,0,0,0,0,0,0,0,0
nlu_0419_05,legal,domain_term_phonetic_semantic_substitution,train,0,0,0,0,0,0,0,0,0,0
nlu_0054_01,medical,domain_term_phonetic_semantic_substitution,train,0,0,0,0,0,0,1,1,1,3
nlu_0265_03,finance,domain_term_phonetic_semantic_substitution,train,0,0,0,0,0,0,0,0,0,0
nlu_0369_01,legal,domain_term_phonetic_semantic_substitution,validation,0,0,0,0,0,0,0,0,0,0
nlu_0235_09,finance,domain_term_phonetic_semantic_substitution,unseen,0,1,1,1,3,0,1,1,1,3
nlu_0279_05,finance,domain_term_phonetic_semantic_substitution,train,0,0,0,0,0,0,0,0,0,0
nlu_0550_03,general,domain_term_phonetic_semantic_substitution,unseen,0,0,0,0,0,0,0,0,0,0
nlu_0223_06,finance,domain_term_phonetic_semantic_substitution,validation,0,0,1,1,2,0,0,1,1,2
nlu_0108_04,medical,domain_term_phonetic_semantic_substitution,train,0,0,0,0,0,0,0,1,0,1
nlu_0120_08,medical,domain_term_phonetic_semantic_substitution,train,0,0,0,0,0,0,0,0,0,0
nlu_0514_09,general,domain_term_phonetic_semantic_substitution,train,0,0,0,0,0,0,0,0,0,0
nlu_0027_04,medical,domain_term_phonetic_semantic_substitution,train,0,0,0,0,0,0,1,1,1,3
nlu_0173_10,medical,domain_term_phonetic_semantic_substitution,train,0,0,0,0,0,0,0,1,0,1
nlu_0533_09,general,domain_term_phonetic_semantic_substitution,train,0,0,0,0,0,0,0,0,0,0
nlu_0091_08,medical,domain_term_phonetic_semantic_substitution,train,0,0,0,0,0,0,0,1,0,1
nlu_0134_06,medical,domain_term_phonetic_semantic_substitution,train,0,0,0,0,0,0,0,0,0,0
nlu_0140_04,medical,domain_term_phonetic_semantic_substitution,train,0,0,0,0,0,0,0,0,0,0
nlu_0097_01,medical,domain_term_phonetic_semantic_substitution,train,0,0,0,0,0,0,0,0,0,0
nlu_0024_10,medical,domain_term_phonetic_semantic_substitution,train,0,0,0,0,0,0,1,1,0,2
nlu_0020_10,medical,domain_term_phonetic_semantic_substitution,train,0,0,0,0,0,0,1,1,1,3
nlu_0242_08,finance,domain_term_phonetic_semantic_substitution,train,0,0,0,0,0,0,0,0,0,0
nlu_0547_10,general,domain_term_phonetic_semantic_substitution,train,0,0,0,0,0,0,0,0,0,0
nlu_0432_01,legal,domain_term_phonetic_semantic_substitution,train,0,0,0,0,0,0,0,0,0,0
nlu_0472_05,technology,domain_term_phonetic_semantic_substitution,validation,0,0,0,0,0,0,0,1,1,2
nlu_0580_01,general,domain_term_phonetic_semantic_substitution,train,0,0,0,0,0,0,0,0,0,0
nlu_0033_06,medical,domain_term_phonetic_semantic_substitution,unseen,0,1,1,0,2,0,1,1,0,2
nlu_0268_08,finance,domain_term_phonetic_semantic_substitution,train,0,0,0,0,0,0,0,0,0,0
nlu_0583_04,general,domain_term_phonetic_semantic_substitution,train,0,0,0,0,0,0,0,0,0,0
nlu_0442_09,technology,domain_term_phonetic_semantic_substitution,train,0,0,0,0,0,0,0,1,0,1
nlu_0011_02,medical,domain_term_phonetic_semantic_substitution,train,0,0,0,0,0,0,0,0,0,0
nlu_0174_08,medical,domain_term_phonetic_semantic_substitution,train,0,0,0,0,0,0,0,0,0,0
nlu_0527_02,general,domain_term_phonetic_semantic_substitution,validation,0,0,0,0,0,0,0,0,0,0
nlu_0088_08,medical,domain_term_phonetic_semantic_substitution,train,0,0,0,0,0,0,1,1,0,2
nlu_0590_03,general,domain_term_phonetic_semantic_substitution,unseen,0,0,0,0,0,0,0,0,0,0
nlu_0041_09,medical,domain_term_phonetic_semantic_substitution,train,0,0,0,0,0,0,0,1,1,2
nlu_0375_06,legal,domain_term_phonetic_semantic_substitution,train,0,0,0,0,0,0,1,1,1,3
nlu_0125_05,medical,domain_term_phonetic_semantic_substitution,train,0,0,0,0,0,0,0,0,0,0
nlu_0229_08,finance,domain_term_phonetic_semantic_substitution,unseen,0,0,0,0,0,0,0,0,0,0
nlu_0136_05,medical,domain_term_phonetic_semantic_substitution,train,0,0,0,0,0,0,0,0,0,0
nlu_0286_08,finance,domain_term_phonetic_semantic_substitution,train,0,0,0,0,0,0,0,0,0,0
nlu_0090_04,medical,domain_term_phonetic_semantic_substitution,unseen,0,1,1,1,3,0,0,1,1,2
nlu_0119_02,medical,domain_term_phonetic_semantic_substitution,train,0,0,0,0,0,0,0,0,0,0
nlu_0466_06,technology,domain_term_phonetic_semantic_substitution,train,0,0,0,0,0,0,0,0,0,0
nlu_0533_03,general,domain_term_phonetic_semantic_substitution,train,0,0,0,0,0,0,0,0,0,0
nlu_0370_09,legal,domain_term_phonetic_semantic_substitution,validation,0,0,1,0,1,0,1,1,1,3
nlu_0447_07,technology,domain_term_phonetic_semantic_substitution,train,0,0,0,0,0,0,0,0,0,0
nlu_0433_06,legal,domain_term_phonetic_semantic_substitution,unseen,0,0,0,0,0,0,0,1,1,2
nlu_0074_01,medical,domain_term_phonetic_semantic_substitution,unseen,0,0,0,0,0,0,0,0,0,0
nlu_0104_03,medical,domain_term_phonetic_semantic_substitution,unseen,0,0,0,0,0,0,0,0,0,0
nlu_0307_07,finance,domain_term_phonetic_semantic_substitution,validation,0,0,0,0,0,0,0,0,0,0
nlu_0566_09,general,domain_term_phonetic_semantic_substitution,unseen,0,0,0,0,0,0,0,0,0,0
nlu_0490_07,technology,domain_term_phonetic_semantic_substitution,validation,0,0,0,0,0,0,0,1,1,2
nlu_0098_08,medical,domain_term_phonetic_semantic_substitution,train,0,0,0,0,0,0,1,1,0,2
nlu_0497_10,technology,domain_term_phonetic_semantic_substitution,train,0,0,0,0,0,0,0,0,0,0
nlu_0263_03,finance,domain_term_phonetic_semantic_substitution,train,0,0,0,0,0,0,0,0,0,0
nlu_0123_06,medical,domain_term_phonetic_semantic_substitution,validation,0,0,1,1,2,0,0,1,1,2
nlu_0121_10,medical,domain_term_phonetic_semantic_substitution,train,0,0,0,0,0,0,0,0,0,0
nlu_0549_01,general,domain_term_phonetic_semantic_substitution,train,0,0,0,0,0,0,0,0,0,0
nlu_0059_07,medical,domain_term_phonetic_semantic_substitution,validation,0,0,0,0,0,0,0,1,0,1
nlu_0546_05,general,domain_term_phonetic_semantic_substitution,train,0,0,0,0,0,0,0,0,0,0
nlu_0283_01,finance,domain_term_phonetic_semantic_substitution,train,0,0,0,0,0,0,0,0,0,0
nlu_0576_06,general,domain_term_phonetic_semantic_substitution,train,0,0,0,0,0,0,0,0,0,0
nlu_0272_09,finance,domain_term_phonetic_semantic_substitution,unseen,0,0,0,0,0,0,0,1,1,2
nlu_0563_05,general,domain_term_phonetic_semantic_substitution,train,0,0,0,0,0,0,0,0,0,0
nlu_0177_01,medical,domain_term_phonetic_semantic_substitution,train,0,0,0,0,0,0,0,1,0,1
nlu_0305_10,finance,domain_term_phonetic_semantic_substitution,train,0,0,0,0,0,0,0,0,0,0
nlu_0187_10,medical,domain_term_phonetic_semantic_substitution,train,0,0,0,0,0,0,1,1,1,3
nlu_0155_05,medical,domain_term_phonetic_semantic_substitution,train,0,0,0,0,0,0,0,0,0,0
nlu_0048_03,medical,domain_term_phonetic_semantic_substitution,train,0,0,0,0,0,0,0,0,0,0
nlu_0524_10,general,domain_term_phonetic_semantic_substitution,train,0,0,0,0,0,0,0,0,0,0
nlu_0116_09,medical,domain_term_phonetic_semantic_substitution,train,0,0,0,0,0,0,0,0,0,0
nlu_0014_03,medical,domain_term_phonetic_semantic_substitution,train,0,0,0,0,0,0,0,0,0,0
nlu_0154_07,medical,domain_term_phonetic_semantic_substitution,train,0,0,0,0,0,0,0,0,0,0
nlu_0249_09,finance,domain_term_phonetic_semantic_substitution,train,0,0,0,0,0,0,0,0,0,0
nlu_0164_03,medical,domain_term_phonetic_semantic_substitution,unseen,0,0,1,0,1,0,0,1,1,2
nlu_0133_02,medical,domain_term_phonetic_semantic_substitution,train,0,0,0,0,0,0,0,0,0,0
nlu_0543_08,general,domain_term_phonetic_semantic_substitution,train,0,0,0,0,0,0,0,0,0,0
nlu_0119_09,medical,domain_term_phonetic_semantic_substitution,train,0,0,0,0,0,0,0,0,0,0
nlu_0438_09,legal,domain_term_phonetic_semantic_substitution,train,0,0,0,0,0,0,0,0,1,1
nlu_0398_02,legal,domain_term_phonetic_semantic_substitution,train,0,0,0,0,0,0,0,0,0,0
nlu_0482_07,technology,domain_term_phonetic_semantic_substitution,train,0,0,0,0,0,0,0,0,0,0
nlu_0069_02,medical,domain_term_phonetic_semantic_substitution,train,0,0,0,0,0,0,0,0,0,0
nlu_0178_08,medical,domain_term_phonetic_semantic_substitution,train,0,0,0,0,0,0,0,0,0,0
nlu_0441_06,technology,domain_term_phonetic_semantic_substitution,validation,0,0,0,0,0,0,0,0,0,0
nlu_0461_01,technology,domain_term_phonetic_semantic_substitution,train,0,0,0,0,0,0,0,0,0,0
nlu_0457_03,technology,domain_term_phonetic_semantic_substitution,train,0,0,0,0,0,0,0,0,0,0
nlu_0291_03,finance,domain_term_phonetic_semantic_substitution,train,0,0,0,0,0,0,0,0,0,0
nlu_0569_07,general,domain_term_phonetic_semantic_substitution,train,0,0,0,0,0,0,0,0,0,0
nlu_0356_02,legal,domain_term_phonetic_semantic_substitution,train,0,0,0,0,0,0,0,0,0,0
nlu_0565_03,general,domain_term_phonetic_semantic_substitution,train,0,0,0,0,0,0,0,0,0,0
nlu_0138_05,medical,domain_term_phonetic_semantic_substitution,train,0,0,0,0,0,0,0,0,0,0
nlu_0195_06,finance,domain_term_phonetic_semantic_substitution,train,0,0,0,0,0,0,0,0,1,1
nlu_0017_09,medical,domain_term_phonetic_semantic_substitution,train,0,0,0,0,0,0,0,0,0,0
nlu_0408_02,legal,domain_term_phonetic_semantic_substitution,train,0,0,0,0,0,0,0,0,0,0
nlu_0475_08,technology,domain_term_phonetic_semantic_substitution,train,0,0,0,0,0,0,0,0,0,0
nlu_0051_02,medical,domain_term_phonetic_semantic_substitution,train,0,0,0,0,0,0,1,1,1,3
nlu_0181_04,medical,domain_term_phonetic_semantic_substitution,train,0,0,0,0,0,0,0,0,0,0
nlu_0089_02,medical,domain_term_phonetic_semantic_substitution,train,0,0,0,0,0,0,1,0,0,1
nlu_0071_07,medical,domain_term_phonetic_semantic_substitution,validation,0,0,0,0,0,0,0,0,0,0
nlu_0337_07,legal,domain_term_phonetic_semantic_substitution,train,0,0,0,0,0,0,0,1,0,1
nlu_0233_04,finance,domain_term_phonetic_semantic_substitution,validation,0,0,1,0,1,0,0,1,0,1
nlu_0290_04,finance,domain_term_phonetic_semantic_substitution,train,0,0,0,0,0,0,0,1,0,1
nlu_0382_07,legal,domain_term_phonetic_semantic_substitution,validation,0,0,0,0,0,0,0,0,1,1
nlu_0256_10,finance,domain_term_phonetic_semantic_substitution,train,0,0,0,0,0,0,0,0,0,0
nlu_0024_01,medical,domain_term_phonetic_semantic_substitution,train,0,0,0,0,0,0,0,0,0,0
nlu_0510_02,general,domain_term_phonetic_semantic_substitution,train,0,0,0,0,0,0,0,0,0,0
nlu_0156_05,medical,domain_term_phonetic_semantic_substitution,train,0,0,0,0,0,0,0,0,0,0
nlu_0424_10,legal,domain_term_phonetic_semantic_substitution,train,0,0,0,0,0,0,0,0,0,0
nlu_0510_05,general,domain_term_phonetic_semantic_substitution,train,0,0,0,0,0,0,0,0,0,0
nlu_0479_07,technology,domain_term_phonetic_semantic_substitution,train,0,0,0,0,0,0,0,0,0,0
nlu_0361_02,legal,domain_term_phonetic_semantic_substitution,train,0,0,0,0,0,0,0,0,0,0
nlu_0522_08,general,domain_term_phonetic_semantic_substitution,validation,0,0,0,0,0,0,0,0,0,0
nlu_0508_06,general,domain_term_phonetic_semantic_substitution,train,0,0,0,0,0,0,0,0,0,0
nlu_0002_08,medical,domain_term_phonetic_semantic_substitution,validation,0,0,0,0,0,0,0,1,1,2
nlu_0518_06,general,domain_term_phonetic_semantic_substitution,unseen,0,0,0,0,0,0,0,0,0,0
nlu_0287_09,finance,domain_term_phonetic_semantic_substitution,train,0,0,0,0,0,0,0,0,0,0
nlu_0166_05,medical,domain_term_phonetic_semantic_substitution,validation,0,0,1,0,1,0,0,1,1,2
nlu_0113_10,medical,domain_term_phonetic_semantic_substitution,validation,0,0,0,0,0,0,0,1,0,1
nlu_0233_10,finance,domain_term_phonetic_semantic_substitution,validation,0,0,0,0,0,0,0,0,0,0
nlu_0110_01,medical,domain_term_phonetic_semantic_substitution,train,0,0,0,0,0,0,0,0,0,0
nlu_0561_04,general,domain_term_phonetic_semantic_substitution,train,0,0,0,0,0,0,0,0,0,0
nlu_0446_09,technology,domain_term_phonetic_semantic_substitution,validation,0,0,0,0,0,0,0,1,1,2
nlu_0150_09,medical,domain_term_phonetic_semantic_substitution,train,0,0,1,0,1,0,0,1,0,1
nlu_0304_04,finance,domain_term_phonetic_semantic_substitution,train,0,0,0,0,0,0,0,1,0,1
nlu_0189_02,finance,domain_term_phonetic_semantic_substitution,train,0,0,0,0,0,0,0,0,0,0
nlu_0267_03,finance,domain_term_phonetic_semantic_substitution,train,0,0,0,0,0,0,0,0,0,0
nlu_0512_04,general,domain_term_phonetic_semantic_substitution,unseen,0,0,0,0,0,0,0,0,0,0
nlu_0342_04,legal,domain_term_phonetic_semantic_substitution,train,0,0,0,0,0,0,0,0,0,0
nlu_0070_07,medical,domain_term_phonetic_semantic_substitution,train,0,0,0,0,0,0,0,0,0,0
nlu_0443_04,technology,domain_term_phonetic_semantic_substitution,train,0,0,0,0,0,0,0,0,0,0
nlu_0349_05,legal,domain_term_phonetic_semantic_substitution,unseen,0,0,0,0,0,0,0,0,0,0
nlu_0054_06,medical,domain_term_phonetic_semantic_substitution,train,0,0,0,0,0,0,1,1,1,3
nlu_0263_08,finance,domain_term_phonetic_semantic_substitution,train,0,0,0,0,0,0,0,0,0,0
nlu_0317_04,legal,domain_term_phonetic_semantic_substitution,train,0,0,0,0,0,0,0,1,1,2
nlu_0350_03,legal,domain_term_phonetic_semantic_substitution,validation,0,0,0,0,0,0,0,0,0,0
nlu_0366_04,legal,domain_term_phonetic_semantic_substitution,train,0,0,0,0,0,0,0,0,1,1
nlu_0260_05,finance,domain_term_phonetic_semantic_substitution,validation,0,0,0,0,0,0,0,0,0,0
nlu_0572_08,general,domain_term_phonetic_semantic_substitution,unseen,0,0,0,0,0,0,0,0,0,0
nlu_0552_01,general,domain_term_phonetic_semantic_substitution,train,0,0,0,0,0,0,0,0,0,0
nlu_0105_08,medical,domain_term_phonetic_semantic_substitution,unseen,0,0,0,0,0,0,0,0,0,0
nlu_0569_05,general,domain_term_phonetic_semantic_substitution,train,0,0,0,0,0,0,0,0,0,0
nlu_0502_09,general,domain_term_phonetic_semantic_substitution,train,0,0,0,0,0,0,0,0,0,0
nlu_0002_05,medical,domain_term_phonetic_semantic_substitution,validation,0,0,0,0,0,0,0,0,0,0
nlu_0375_03,legal,domain_term_phonetic_semantic_substitution,train,0,0,0,0,0,0,0,0,0,0
nlu_0431_08,legal,domain_term_phonetic_semantic_substitution,validation,0,0,0,0,0,0,0,0,0,0
nlu_0588_04,general,domain_term_phonetic_semantic_substitution,train,0,0,0,0,0,0,0,0,0,0
nlu_0235_08,finance,domain_term_phonetic_semantic_substitution,unseen,0,0,0,0,0,0,0,0,0,0
nlu_0570_01,general,domain_term_phonetic_semantic_substitution,train,0,0,0,0,0,0,0,0,0,0
nlu_0157_05,medical,domain_term_phonetic_semantic_substitution,train,0,0,0,0,0,0,0,0,0,0
nlu_0562_10,general,domain_term_phonetic_semantic_substitution,validation,0,0,0,0,0,0,0,0,0,0
nlu_0187_05,medical,domain_term_phonetic_semantic_substitution,train,0,0,0,0,0,0,0,0,0,0
nlu_0310_05,finance,domain_term_phonetic_semantic_substitution,train,0,0,0,0,0,0,0,0,0,0
nlu_0007_06,medical,domain_term_phonetic_semantic_substitution,unseen,0,0,0,0,0,0,0,0,0,0
nlu_0341_04,legal,domain_term_phonetic_semantic_substitution,train,0,0,0,0,0,0,0,0,0,0
nlu_0541_10,general,domain_term_phonetic_semantic_substitution,train,0,0,0,0,0,0,0,0,0,0
nlu_0586_05,general,domain_term_phonetic_semantic_substitution,unseen,0,0,0,0,0,0,0,0,0,0
nlu_0242_01,finance,domain_term_phonetic_semantic_substitution,train,0,0,0,0,0,0,0,0,0,0
nlu_0577_10,general,domain_term_phonetic_semantic_substitution,unseen,0,0,0,0,0,0,0,0,0,0
nlu_0285_02,finance,domain_term_phonetic_semantic_substitution,unseen,0,0,0,0,0,0,0,0,0,0
nlu_0201_09,finance,domain_term_phonetic_semantic_substitution,train,0,0,0,0,0,0,0,0,0,0
nlu_0128_03,medical,domain_term_phonetic_semantic_substitution,unseen,0,0,0,0,0,0,0,0,0,0
nlu_0495_06,technology,domain_term_phonetic_semantic_substitution,train,0,0,0,0,0,0,0,0,0,0
nlu_0190_05,finance,domain_term_phonetic_semantic_substitution,train,0,0,0,0,0,0,0,0,0,0
nlu_0432_08,legal,domain_term_phonetic_semantic_substitution,train,0,0,0,0,0,0,0,0,0,0
nlu_0198_02,finance,domain_term_phonetic_semantic_substitution,validation,0,0,0,0,0,0,1,0,1,2
nlu_0410_06,legal,domain_term_phonetic_semantic_substitution,train,0,0,0,0,0,0,0,1,0,1
nlu_0009_09,medical,domain_term_phonetic_semantic_substitution,train,0,0,0,0,0,0,0,0,0,0
nlu_0310_01,finance,domain_term_phonetic_semantic_substitution,train,0,0,0,0,0,0,0,0,0,0
nlu_0489_04,technology,domain_term_phonetic_semantic_substitution,train,0,0,0,0,0,0,0,0,1,1
nlu_0150_10,medical,domain_term_phonetic_semantic_substitution,train,0,0,0,0,0,0,0,0,0,0
nlu_0290_10,finance,domain_term_phonetic_semantic_substitution,train,0,0,0,0,0,0,0,0,0,0
nlu_0141_08,medical,domain_term_phonetic_semantic_substitution,train,0,0,0,0,0,0,0,0,0,0
nlu_0346_10,legal,domain_term_phonetic_semantic_substitution,train,0,0,0,0,0,0,0,0,0,0
nlu_0368_01,legal,domain_term_phonetic_semantic_substitution,unseen,0,0,0,0,0,0,0,0,0,0
nlu_0470_09,technology,domain_term_phonetic_semantic_substitution,unseen,0,0,0,0,0,0,0,0,0,0
nlu_0578_08,general,domain_term_phonetic_semantic_substitution,validation,0,0,0,0,0,0,0,0,0,0
nlu_0451_04,technology,domain_term_phonetic_semantic_substitution,validation,0,0,0,0,0,0,0,0,0,0
nlu_0077_04,medical,domain_term_phonetic_semantic_substitution,train,0,0,0,0,0,0,1,1,1,3
nlu_0167_03,medical,domain_term_phonetic_semantic_substitution,unseen,0,0,1,0,1,0,0,1,1,2
nlu_0043_01,medical,domain_term_phonetic_semantic_substitution,train,0,0,0,0,0,0,0,0,0,0
nlu_0302_05,finance,domain_term_phonetic_semantic_substitution,train,0,0,0,0,0,0,0,0,0,0
nlu_0259_05,finance,domain_term_phonetic_semantic_substitution,train,0,0,0,0,0,0,0,0,0,0
nlu_0038_04,medical,domain_term_phonetic_semantic_substitution,train,0,0,0,0,0,0,1,1,0,2
nlu_0504_02,general,domain_term_phonetic_semantic_substitution,train,0,0,0,0,0,0,0,0,0,0
nlu_0454_05,technology,domain_term_phonetic_semantic_substitution,validation,0,0,0,0,0,0,0,0,0,0
nlu_0238_04,finance,domain_term_phonetic_semantic_substitution,train,0,0,0,0,0,0,0,0,0,0
nlu_0277_08,finance,domain_term_phonetic_semantic_substitution,unseen,0,0,0,0,0,0,0,0,0,0
nlu_0337_02,legal,domain_term_phonetic_semantic_substitution,train,0,0,0,0,0,0,0,0,0,0
nlu_0184_03,medical,domain_term_phonetic_semantic_substitution,train,0,0,0,0,0,0,0,0,0,0
nlu_0163_01,medical,domain_term_phonetic_semantic_substitution,train,0,0,0,0,0,0,0,0,1,1
nlu_0328_06,legal,domain_term_phonetic_semantic_substitution,validation,0,1,1,1,3,0,1,1,1,3
nlu_0054_09,medical,domain_term_phonetic_semantic_substitution,train,0,0,0,0,0,0,0,0,0,0
nlu_0356_01,legal,domain_term_phonetic_semantic_substitution,train,0,0,0,0,0,0,0,0,0,0
nlu_0076_06,medical,domain_term_phonetic_semantic_substitution,train,0,0,0,0,0,0,0,0,0,0
nlu_0361_07,legal,domain_term_phonetic_semantic_substitution,train,0,0,0,0,0,0,0,0,1,1
nlu_0054_05,medical,domain_term_phonetic_semantic_substitution,train,0,0,0,0,0,0,0,1,0,1
nlu_0145_09,medical,domain_term_phonetic_semantic_substitution,train,0,0,0,0,0,0,0,0,0,0
nlu_0092_06,medical,domain_term_phonetic_semantic_substitution,validation,0,0,1,0,1,0,0,1,0,1
nlu_0313_08,finance,domain_term_phonetic_semantic_substitution,train,0,0,0,0,0,0,0,0,0,0
nlu_0494_10,technology,domain_term_deletion,train,0,0,0,0,0,0,0,0,0,0
nlu_0542_08,general,domain_term_phonetic_semantic_substitution,train,0,0,0,0,0,0,0,0,0,0
nlu_0019_02,medical,domain_term_phonetic_semantic_substitution,train,0,0,0,0,0,0,1,1,0,2
nlu_0177_10,medical,domain_term_phonetic_semantic_substitution,train,0,0,0,0,0,0,1,1,1,3
nlu_0461_10,technology,domain_term_phonetic_semantic_substitution,train,0,0,0,0,0,0,0,0,0,0
nlu_0283_10,finance,domain_term_phonetic_semantic_substitution,train,0,0,0,0,0,0,0,0,0,0
nlu_0332_04,legal,domain_term_phonetic_semantic_substitution,train,0,0,0,0,0,0,0,1,1,2
nlu_0546_08,general,domain_term_phonetic_semantic_substitution,train,0,0,0,0,0,0,0,0,0,0
nlu_0120_03,medical,domain_term_phonetic_semantic_substitution,train,0,0,0,0,0,0,0,0,0,0
nlu_0409_02,legal,domain_term_phonetic_semantic_substitution,train,0,0,0,0,0,0,0,0,0,0
nlu_0213_08,finance,domain_term_phonetic_semantic_substitution,train,0,0,0,0,0,0,0,0,0,0
nlu_0540_06,general,domain_term_phonetic_semantic_substitution,train,0,0,0,0,0,0,0,0,0,0
nlu_0048_07,medical,domain_term_phonetic_semantic_substitution,train,0,0,0,0,0,0,0,1,0,1
nlu_0493_01,technology,domain_term_phonetic_semantic_substitution,train,0,0,0,0,0,0,0,0,0,0
nlu_0133_04,medical,domain_term_phonetic_semantic_substitution,train,0,0,0,0,0,0,0,0,0,0
nlu_0026_10,medical,domain_term_phonetic_semantic_substitution,unseen,0,0,0,0,0,0,0,1,1,2
nlu_0028_10,medical,domain_term_phonetic_semantic_substitution,unseen,0,0,1,1,2,0,0,1,1,2
nlu_0057_02,medical,domain_term_phonetic_semantic_substitution,validation,0,0,0,0,0,0,0,0,0,0
nlu_0429_05,legal,domain_term_phonetic_semantic_substitution,train,0,0,0,0,0,0,0,0,0,0
nlu_0020_09,medical,domain_term_phonetic_semantic_substitution,train,0,0,0,0,0,0,0,0,0,0
nlu_0393_10,legal,domain_term_phonetic_semantic_substitution,train,0,0,0,0,0,0,0,0,1,1
nlu_0438_08,legal,domain_term_phonetic_semantic_substitution,train,0,0,0,0,0,0,0,0,0,0
nlu_0228_06,finance,domain_term_phonetic_semantic_substitution,train,0,0,0,0,0,0,0,0,0,0
nlu_0175_01,medical,domain_term_phonetic_semantic_substitution,validation,0,0,0,0,0,0,0,1,0,1
nlu_0190_02,finance,domain_term_phonetic_semantic_substitution,train,0,0,0,0,0,0,0,0,1,1
nlu_0186_10,medical,domain_term_phonetic_semantic_substitution,validation,0,0,1,1,2,0,0,1,0,1
nlu_0462_05,technology,domain_term_phonetic_semantic_substitution,validation,0,0,0,0,0,0,0,0,0,0
nlu_0591_04,general,domain_term_phonetic_semantic_substitution,unseen,0,0,0,0,0,0,0,0,0,0
nlu_0303_07,finance,domain_term_phonetic_semantic_substitution,train,0,0,0,0,0,0,0,1,1,2
nlu_0139_04,medical,domain_term_phonetic_semantic_substitution,train,0,0,0,0,0,0,0,0,0,0
nlu_0210_02,finance,domain_term_phonetic_semantic_substitution,train,0,0,0,0,0,0,0,0,0,0
nlu_0308_07,finance,domain_term_phonetic_semantic_substitution,train,0,0,0,0,0,0,0,0,0,0
nlu_0434_04,legal,domain_term_phonetic_semantic_substitution,train,0,0,0,0,0,0,1,1,1,3
nlu_0320_09,legal,domain_term_phonetic_semantic_substitution,train,0,0,0,0,0,0,0,1,1,2
nlu_0160_10,medical,domain_term_phonetic_semantic_substitution,unseen,0,0,0,0,0,0,0,0,0,0
nlu_0258_05,finance,domain_term_phonetic_semantic_substitution,train,0,0,0,0,0,0,0,0,0,0
nlu_0173_07,medical,domain_term_phonetic_semantic_substitution,train,0,0,0,0,0,0,0,0,0,0
nlu_0324_08,legal,domain_term_phonetic_semantic_substitution,unseen,0,0,0,0,0,0,0,0,0,0
nlu_0525_07,general,domain_term_phonetic_semantic_substitution,validation,0,0,0,0,0,0,0,0,0,0
nlu_0570_04,general,domain_term_phonetic_semantic_substitution,train,0,0,0,0,0,0,0,0,0,0
nlu_0467_07,technology,domain_term_phonetic_semantic_substitution,train,0,0,0,0,0,0,0,0,0,0
nlu_0480_03,technology,domain_term_phonetic_semantic_substitution,train,0,0,0,0,0,0,0,0,0,0
nlu_0123_04,medical,domain_term_phonetic_semantic_substitution,validation,0,0,0,0,0,0,1,1,1,3
nlu_0130_08,medical,domain_term_phonetic_semantic_substitution,train,0,0,0,0,0,0,0,0,0,0
nlu_0278_06,finance,domain_term_phonetic_semantic_substitution,train,0,0,0,0,0,0,0,0,0,0
nlu_0002_06,medical,domain_term_phonetic_semantic_substitution,validation,0,0,0,0,0,0,0,0,1,1
nlu_0543_06,general,domain_term_phonetic_semantic_substitution,train,0,0,0,0,0,0,0,0,0,0
nlu_0036_02,medical,domain_term_phonetic_semantic_substitution,train,0,0,0,0,0,0,0,0,0,0
nlu_0541_05,general,domain_term_phonetic_semantic_substitution,train,0,0,0,0,0,0,0,0,0,0
nlu_0137_03,medical,domain_term_phonetic_semantic_substitution,validation,0,0,0,0,0,0,0,0,0,0
nlu_0218_01,finance,domain_term_phonetic_semantic_substitution,unseen,0,0,0,1,1,0,0,1,0,1
nlu_0204_02,finance,domain_term_phonetic_semantic_substitution,unseen,0,0,0,0,0,0,0,0,0,0
nlu_0382_04,legal,domain_term_phonetic_semantic_substitution,validation,0,0,1,1,2,0,1,1,1,3
nlu_0103_03,medical,domain_term_phonetic_semantic_substitution,train,0,0,0,0,0,0,0,0,0,0
nlu_0038_02,medical,domain_term_phonetic_semantic_substitution,train,0,0,0,0,0,0,0,0,0,0
nlu_0225_05,finance,domain_term_phonetic_semantic_substitution,unseen,0,0,1,0,1,0,0,1,0,1
nlu_0232_04,finance,domain_term_phonetic_semantic_substitution,train,0,0,0,0,0,0,0,1,0,1
nlu_0587_01,general,domain_term_phonetic_semantic_substitution,train,0,0,0,0,0,0,0,0,0,0
nlu_0380_07,legal,domain_term_phonetic_semantic_substitution,unseen,0,0,0,1,1,0,0,0,1,1
nlu_0380_10,legal,domain_term_phonetic_semantic_substitution,unseen,0,0,1,1,2,0,0,1,1,2
nlu_0581_05,general,domain_term_phonetic_semantic_substitution,train,0,0,0,0,0,0,0,0,0,0
nlu_0075_03,medical,domain_term_phonetic_semantic_substitution,train,0,0,0,0,0,0,0,0,1,1
nlu_0127_09,medical,domain_term_phonetic_semantic_substitution,unseen,0,0,0,1,1,0,0,0,1,1
nlu_0261_01,finance,domain_term_phonetic_semantic_substitution,validation,0,0,0,0,0,0,0,0,0,0
nlu_0162_08,medical,domain_term_phonetic_semantic_substitution,train,0,0,0,0,0,0,0,0,1,1
nlu_0081_06,medical,domain_term_phonetic_semantic_substitution,unseen,0,0,0,0,0,0,0,1,1,2
nlu_0480_07,technology,domain_term_phonetic_semantic_substitution,train,0,0,0,0,0,0,0,0,0,0
nlu_0069_04,medical,domain_term_phonetic_semantic_substitution,train,0,0,0,0,0,0,0,0,0,0
nlu_0499_04,technology,domain_term_phonetic_semantic_substitution,train,0,0,0,0,0,0,0,0,0,0
nlu_0356_10,legal,domain_term_phonetic_semantic_substitution,train,0,0,0,0,0,0,0,0,0,0
nlu_0386_03,legal,domain_term_phonetic_semantic_substitution,train,0,0,0,0,0,0,0,0,1,1
nlu_0381_06,legal,domain_term_phonetic_semantic_substitution,train,0,0,0,0,0,0,0,0,0,0
nlu_0557_04,general,domain_term_phonetic_semantic_substitution,train,0,0,0,0,0,0,0,0,0,0
nlu_0471_07,technology,domain_term_phonetic_semantic_substitution,unseen,0,0,0,0,0,0,0,0,0,0
nlu_0437_10,legal,domain_term_phonetic_semantic_substitution,train,0,0,0,0,0,0,0,0,0,0
nlu_0502_03,general,domain_term_phonetic_semantic_substitution,train,0,0,0,0,0,0,0,0,0,0
nlu_0386_07,legal,domain_term_phonetic_semantic_substitution,train,0,0,1,1,2,0,0,1,1,2
nlu_0386_10,legal,domain_term_phonetic_semantic_substitution,train,0,0,0,0,0,0,0,0,0,0
nlu_0001_09,medical,domain_term_phonetic_semantic_substitution,validation,0,0,1,1,2,0,0,1,0,1
nlu_0187_03,medical,domain_term_phonetic_semantic_substitution,train,0,0,0,0,0,0,0,0,0,0
nlu_0282_10,finance,domain_term_phonetic_semantic_substitution,unseen,0,0,0,0,0,0,0,0,0,0
nlu_0136_02,medical,domain_term_phonetic_semantic_substitution,train,0,0,0,0,0,0,0,0,0,0
nlu_0058_07,medical,domain_term_phonetic_semantic_substitution,unseen,0,0,0,0,0,0,0,1,0,1
nlu_0063_07,medical,domain_term_phonetic_semantic_substitution,train,0,0,0,0,0,0,0,0,0,0
nlu_0362_09,legal,domain_term_phonetic_semantic_substitution,train,0,0,0,0,0,0,0,1,1,2
nlu_0554_02,general,domain_term_phonetic_semantic_substitution,train,0,0,0,0,0,0,0,0,0,0
nlu_0043_07,medical,domain_term_phonetic_semantic_substitution,train,0,0,0,0,0,0,0,1,1,2
nlu_0004_04,medical,domain_term_phonetic_semantic_substitution,train,0,0,0,0,0,0,1,1,1,3
nlu_0105_07,medical,domain_term_phonetic_semantic_substitution,unseen,0,0,0,0,0,0,0,0,0,0
nlu_0005_05,medical,domain_term_phonetic_semantic_substitution,train,0,0,0,0,0,0,0,0,0,0
nlu_0334_10,legal,domain_term_phonetic_semantic_substitution,train,0,0,0,0,0,0,0,1,1,2
nlu_0105_05,medical,domain_term_phonetic_semantic_substitution,unseen,0,0,0,0,0,0,0,0,0,0
nlu_0111_02,medical,domain_term_phonetic_semantic_substitution,train,0,0,0,0,0,0,0,0,0,0
nlu_0105_10,medical,domain_term_phonetic_semantic_substitution,unseen,0,0,0,0,0,0,0,0,0,0
nlu_0189_04,finance,domain_term_phonetic_semantic_substitution,train,0,0,0,0,0,0,0,0,0,0
nlu_0448_02,technology,domain_term_phonetic_semantic_substitution,train,0,0,0,0,0,0,0,0,0,0
nlu_0464_04,technology,domain_term_phonetic_semantic_substitution,train,0,0,0,0,0,0,0,0,1,1
nlu_0175_04,medical,domain_term_phonetic_semantic_substitution,validation,0,0,0,0,0,0,0,1,0,1
nlu_0258_08,finance,domain_term_phonetic_semantic_substitution,train,0,0,0,0,0,0,0,0,0,0
nlu_0007_04,medical,domain_term_phonetic_semantic_substitution,unseen,0,0,0,0,0,0,1,1,1,3
nlu_0436_04,legal,domain_term_phonetic_semantic_substitution,train,0,0,0,0,0,0,0,0,0,0
nlu_0308_01,finance,domain_term_phonetic_semantic_substitution,train,0,0,0,0,0,0,0,0,0,0
nlu_0533_10,general,domain_term_phonetic_semantic_substitution,train,0,0,0,0,0,0,0,0,0,0
nlu_0262_08,finance,domain_term_phonetic_semantic_substitution,train,0,0,0,0,0,0,0,0,0,0
nlu_0112_10,medical,domain_term_phonetic_semantic_substitution,train,0,0,0,0,0,0,0,0,0,0
nlu_0250_10,finance,domain_term_phonetic_semantic_substitution,train,0,0,0,0,0,0,0,0,0,0
nlu_0340_03,legal,domain_term_phonetic_semantic_substitution,train,0,0,0,0,0,0,0,0,0,0
nlu_0071_06,medical,domain_term_phonetic_semantic_substitution,validation,0,0,1,0,1,0,0,1,0,1
nlu_0499_07,technology,domain_term_phonetic_semantic_substitution,train,0,0,0,0,0,0,0,0,0,0
nlu_0497_03,technology,domain_term_phonetic_semantic_substitution,train,0,0,0,0,0,0,0,1,0,1
nlu_0327_09,legal,domain_term_phonetic_semantic_substitution,train,0,0,0,0,0,0,0,1,1,2
nlu_0402_01,legal,domain_term_phonetic_semantic_substitution,train,0,0,0,0,0,0,0,0,0,0
nlu_0162_03,medical,domain_term_phonetic_semantic_substitution,train,0,0,0,0,0,0,0,0,1,1
nlu_0423_03,legal,domain_term_phonetic_semantic_substitution,train,0,0,0,0,0,0,0,0,0,0
nlu_0198_04,finance,domain_term_phonetic_semantic_substitution,validation,0,0,0,1,1,0,0,0,1,1
nlu_0482_06,technology,domain_term_phonetic_semantic_substitution,train,0,0,0,0,0,0,0,0,0,0
nlu_0556_10,general,domain_term_phonetic_semantic_substitution,validation,0,0,0,0,0,0,0,0,0,0
nlu_0394_03,legal,domain_term_phonetic_semantic_substitution,validation,0,0,0,0,0,0,0,1,1,2
nlu_0132_06,medical,domain_term_phonetic_semantic_substitution,train,0,0,0,0,0,0,0,0,0,0
nlu_0569_08,general,domain_term_phonetic_semantic_substitution,train,0,0,0,0,0,0,0,0,0,0
nlu_0570_05,general,domain_term_phonetic_semantic_substitution,train,0,0,0,0,0,0,0,0,0,0
nlu_0280_09,finance,domain_term_phonetic_semantic_substitution,train,0,0,0,0,0,0,0,0,0,0
nlu_0579_03,general,domain_term_phonetic_semantic_substitution,train,0,0,0,0,0,0,0,0,0,0
nlu_0384_07,legal,domain_term_phonetic_semantic_substitution,train,0,0,0,0,0,0,0,0,0,0
nlu_0477_03,technology,domain_term_phonetic_semantic_substitution,train,0,0,0,0,0,0,0,0,0,0
nlu_0075_08,medical,domain_term_phonetic_semantic_substitution,train,0,0,0,0,0,0,1,0,0,1
nlu_0425_02,legal,domain_term_phonetic_semantic_substitution,train,0,0,0,0,0,0,0,0,0,0
nlu_0048_04,medical,domain_term_phonetic_semantic_substitution,train,0,0,0,0,0,0,0,1,1,2
nlu_0345_04,legal,domain_term_phonetic_semantic_substitution,unseen,0,0,0,0,0,0,0,1,0,1
nlu_0568_04,general,domain_term_phonetic_semantic_substitution,train,0,0,0,0,0,0,0,0,0,0
nlu_0030_08,medical,domain_term_phonetic_semantic_substitution,validation,0,0,0,0,0,0,0,1,1,2
nlu_0031_04,medical,domain_term_phonetic_semantic_substitution,unseen,0,0,1,0,1,0,1,1,1,3
nlu_0248_07,finance,domain_term_phonetic_semantic_substitution,train,0,0,0,0,0,0,0,0,0,0
nlu_0238_08,finance,domain_term_phonetic_semantic_substitution,train,0,0,0,0,0,0,0,0,0,0
nlu_0354_05,legal,domain_term_phonetic_semantic_substitution,train,0,0,0,0,0,0,0,0,0,0
nlu_0331_10,legal,domain_term_phonetic_semantic_substitution,train,0,0,0,0,0,0,1,1,1,3
nlu_0387_10,legal,domain_term_phonetic_semantic_substitution,validation,0,0,0,1,1,0,0,0,1,1
nlu_0413_09,legal,domain_term_phonetic_semantic_substitution,train,0,0,0,0,0,0,0,1,1,2
nlu_0362_07,legal,domain_term_phonetic_semantic_substitution,train,0,0,0,0,0,0,0,0,1,1
nlu_0269_06,finance,domain_term_phonetic_semantic_substitution,train,0,0,0,0,0,0,1,1,1,3
nlu_0025_01,medical,domain_term_phonetic_semantic_substitution,validation,0,0,0,0,0,0,1,1,1,3
nlu_0574_08,general,domain_term_phonetic_semantic_substitution,train,0,0,0,0,0,0,0,0,0,0
nlu_0230_03,finance,domain_term_phonetic_semantic_substitution,train,0,0,0,0,0,0,0,0,0,0
nlu_0168_02,medical,domain_term_phonetic_semantic_substitution,unseen,0,0,0,0,0,0,0,0,0,0
nlu_0210_10,finance,domain_term_phonetic_semantic_substitution,train,0,0,0,0,0,0,0,0,0,0
nlu_0507_01,general,domain_term_phonetic_semantic_substitution,validation,0,0,0,0,0,0,0,0,0,0
nlu_0118_06,medical,domain_term_phonetic_semantic_substitution,train,0,0,0,0,0,0,0,0,0,0
nlu_0394_04,legal,domain_term_phonetic_semantic_substitution,validation,0,0,1,0,1,0,0,1,0,1
nlu_0439_04,technology,domain_term_phonetic_semantic_substitution,train,0,0,0,0,0,0,0,0,0,0
nlu_0309_03,finance,domain_term_phonetic_semantic_substitution,train,0,0,0,0,0,0,0,0,0,0
nlu_0287_03,finance,domain_term_phonetic_semantic_substitution,train,0,0,0,0,0,0,0,0,0,0
nlu_0560_02,general,domain_term_phonetic_semantic_substitution,train,0,0,0,0,0,0,0,0,0,0
nlu_0572_01,general,domain_term_phonetic_semantic_substitution,unseen,0,0,0,0,0,0,0,0,0,0
nlu_0518_07,general,domain_term_phonetic_semantic_substitution,unseen,0,0,0,0,0,0,0,0,0,0
nlu_0165_08,medical,domain_term_phonetic_semantic_substitution,train,0,0,0,0,0,0,0,0,1,1
nlu_0342_05,legal,domain_term_phonetic_semantic_substitution,train,0,0,0,0,0,0,0,0,0,0
nlu_0034_04,medical,domain_term_phonetic_semantic_substitution,train,0,0,0,0,0,0,0,0,0,0
nlu_0261_03,finance,domain_term_phonetic_semantic_substitution,validation,0,0,0,0,0,0,0,0,0,0
nlu_0587_08,general,domain_term_phonetic_semantic_substitution,train,0,0,0,0,0,0,0,0,0,0
nlu_0216_08,finance,domain_term_phonetic_semantic_substitution,train,0,0,0,0,0,0,0,0,0,0
nlu_0117_02,medical,domain_term_phonetic_semantic_substitution,train,0,0,0,0,0,0,0,0,0,0
nlu_0358_05,legal,domain_term_phonetic_semantic_substitution,train,0,0,0,0,0,0,0,0,0,0
nlu_0448_07,technology,domain_term_phonetic_semantic_substitution,train,0,0,0,0,0,0,0,0,0,0
nlu_0459_02,technology,domain_term_phonetic_semantic_substitution,train,0,0,0,0,0,0,0,0,0,0
nlu_0496_01,technology,domain_term_phonetic_semantic_substitution,train,0,0,0,0,0,0,0,0,0,0
nlu_0301_03,finance,domain_term_phonetic_semantic_substitution,unseen,0,0,0,0,0,0,0,0,0,0
nlu_0025_08,medical,domain_term_phonetic_semantic_substitution,validation,0,0,0,0,0,0,1,1,1,3
nlu_0488_07,technology,domain_term_phonetic_semantic_substitution,train,0,0,0,0,0,0,0,1,1,2
nlu_0353_10,legal,domain_term_phonetic_semantic_substitution,unseen,0,0,0,0,0,0,0,0,0,0
nlu_0081_01,medical,domain_term_phonetic_semantic_substitution,unseen,0,0,1,0,1,0,0,1,1,2
nlu_0169_05,medical,domain_term_phonetic_semantic_substitution,train,0,0,0,0,0,0,0,1,0,1
nlu_0469_02,technology,domain_term_phonetic_semantic_substitution,train,0,0,0,0,0,0,0,0,0,0
nlu_0420_07,legal,domain_term_phonetic_semantic_substitution,train,0,0,0,0,0,0,0,1,0,1
nlu_0193_02,finance,domain_term_phonetic_semantic_substitution,train,0,0,0,0,0,0,0,0,1,1
nlu_0221_10,finance,domain_term_phonetic_semantic_substitution,unseen,0,0,1,1,2,0,0,1,1,2
nlu_0123_02,medical,domain_term_phonetic_semantic_substitution,validation,0,0,0,0,0,0,0,0,0,0
nlu_0401_04,legal,domain_term_phonetic_semantic_substitution,train,0,0,0,0,0,0,0,0,0,0
nlu_0152_04,medical,domain_term_phonetic_semantic_substitution,train,0,0,0,0,0,0,0,1,0,1
nlu_0436_02,legal,domain_term_phonetic_semantic_substitution,train,0,0,0,0,0,0,0,0,0,0
nlu_0126_04,medical,domain_term_phonetic_semantic_substitution,train,0,0,0,0,0,0,1,1,1,3
nlu_0534_01,general,domain_term_phonetic_semantic_substitution,validation,0,0,0,0,0,0,0,0,0,0
nlu_0517_10,general,domain_term_phonetic_semantic_substitution,train,0,0,0,0,0,0,0,0,0,0
nlu_0060_09,medical,domain_term_phonetic_semantic_substitution,train,0,0,0,0,0,0,0,0,0,0
nlu_0161_10,medical,domain_term_phonetic_semantic_substitution,train,0,0,0,0,0,0,0,0,1,1
nlu_0032_06,medical,domain_term_phonetic_semantic_substitution,train,0,0,0,0,0,0,0,0,0,0
nlu_0525_03,general,domain_term_phonetic_semantic_substitution,validation,0,0,0,0,0,0,0,0,0,0
nlu_0228_07,finance,domain_term_phonetic_semantic_substitution,train,0,0,0,0,0,0,0,0,0,0
nlu_0015_10,medical,domain_term_phonetic_semantic_substitution,train,0,0,0,0,0,0,0,0,0,0
nlu_0474_04,technology,domain_term_phonetic_semantic_substitution,unseen,0,0,0,0,0,0,0,0,0,0
nlu_0185_05,medical,domain_term_phonetic_semantic_substitution,train,0,0,0,0,0,0,0,1,1,2
nlu_0030_01,medical,domain_term_phonetic_semantic_substitution,validation,0,0,0,0,0,0,0,1,1,2
nlu_0046_04,medical,domain_term_phonetic_semantic_substitution,train,0,0,0,0,0,0,0,1,1,2
nlu_0597_02,general,domain_term_phonetic_semantic_substitution,unseen,0,0,0,0,0,0,0,0,0,0
nlu_0481_09,technology,domain_term_phonetic_semantic_substitution,train,0,0,0,0,0,0,0,0,0,0
nlu_0340_07,legal,domain_term_phonetic_semantic_substitution,train,0,0,0,0,0,0,0,0,0,0
nlu_0070_02,medical,domain_term_phonetic_semantic_substitution,train,0,0,0,0,0,0,0,0,0,0
nlu_0115_05,medical,domain_term_phonetic_semantic_substitution,unseen,0,0,0,0,0,0,0,0,0,0
nlu_0164_05,medical,domain_term_phonetic_semantic_substitution,unseen,0,0,0,0,0,0,0,0,1,1
nlu_0420_03,legal,domain_term_phonetic_semantic_substitution,train,0,0,0,0,0,0,0,0,0,0
nlu_0179_01,medical,domain_term_phonetic_semantic_substitution,train,0,0,0,0,0,0,0,1,0,1
nlu_0498_01,technology,domain_term_phonetic_semantic_substitution,train,0,0,0,0,0,0,0,0,0,0
nlu_0366_02,legal,domain_term_phonetic_semantic_substitution,train,0,0,0,0,0,0,0,0,0,0
nlu_0066_06,medical,domain_term_phonetic_semantic_substitution,train,0,0,0,0,0,0,0,0,0,0
nlu_0314_06,legal,domain_term_phonetic_semantic_substitution,train,0,0,0,0,0,0,0,1,1,2
nlu_0191_03,finance,domain_term_phonetic_semantic_substitution,train,0,0,0,0,0,0,0,0,0,0
nlu_0443_08,technology,domain_term_deletion,train,0,0,0,0,0,0,0,0,0,0
nlu_0104_10,medical,domain_term_phonetic_semantic_substitution,unseen,0,0,0,0,0,0,0,1,0,1
nlu_0463_10,technology,domain_term_phonetic_semantic_substitution,train,0,0,0,0,0,0,0,0,0,0
nlu_0142_02,medical,domain_term_phonetic_semantic_substitution,train,0,0,0,0,0,0,0,0,0,0
nlu_0575_08,general,domain_term_phonetic_semantic_substitution,unseen,0,0,0,0,0,0,0,0,0,0
nlu_0168_03,medical,domain_term_phonetic_semantic_substitution,unseen,0,0,0,0,0,0,0,0,0,0
nlu_0510_06,general,domain_term_phonetic_semantic_substitution,train,0,0,0,0,0,0,0,0,0,0
nlu_0138_01,medical,domain_term_phonetic_semantic_substitution,train,0,0,0,0,0,0,0,0,0,0
nlu_0509_03,general,domain_term_phonetic_semantic_substitution,train,0,0,0,0,0,0,0,0,0,0
nlu_0314_04,legal,domain_term_phonetic_semantic_substitution,train,0,0,0,0,0,0,0,1,1,2
nlu_0239_01,finance,domain_term_phonetic_semantic_substitution,unseen,0,0,0,0,0,0,0,0,0,0
nlu_0373_01,legal,domain_term_phonetic_semantic_substitution,train,0,0,0,0,0,0,0,0,0,0
nlu_0410_02,legal,domain_term_phonetic_semantic_substitution,train,0,0,0,0,0,0,0,0,0,0
nlu_0501_07,general,domain_term_phonetic_semantic_substitution,train,0,0,0,0,0,0,0,0,0,0
nlu_0163_04,medical,domain_term_phonetic_semantic_substitution,train,0,0,0,0,0,0,0,1,0,1
nlu_0367_10,legal,domain_term_phonetic_semantic_substitution,train,0,0,0,0,0,0,0,0,0,0
nlu_0039_02,medical,domain_term_phonetic_semantic_substitution,train,0,0,0,0,0,0,0,0,0,0
nlu_0312_05,finance,domain_term_phonetic_semantic_substitution,validation,0,0,0,0,0,0,0,0,0,0
nlu_0183_01,medical,domain_term_phonetic_semantic_substitution,train,0,0,0,0,0,0,0,0,0,0
nlu_0364_01,legal,domain_term_phonetic_semantic_substitution,unseen,0,0,0,0,0,0,0,0,0,0
nlu_0043_03,medical,domain_term_phonetic_semantic_substitution,train,0,0,0,0,0,0,0,0,0,0
nlu_0081_09,medical,domain_term_phonetic_semantic_substitution,unseen,0,0,0,1,1,0,0,0,1,1
nlu_0138_10,medical,domain_term_phonetic_semantic_substitution,train,0,0,0,0,0,0,0,0,0,0
nlu_0167_10,medical,domain_term_phonetic_semantic_substitution,unseen,0,0,1,1,2,0,0,1,1,2
nlu_0210_09,finance,domain_term_phonetic_semantic_substitution,train,0,0,0,0,0,0,0,0,0,0
nlu_0553_06,general,domain_term_phonetic_semantic_substitution,train,0,0,0,0,0,0,0,0,0,0
nlu_0013_05,medical,domain_term_phonetic_semantic_substitution,train,0,0,0,0,0,0,0,0,0,0
nlu_0011_03,medical,domain_term_phonetic_semantic_substitution,train,0,0,0,0,0,0,0,0,0,0
nlu_0406_09,legal,domain_term_phonetic_semantic_substitution,unseen,0,0,1,0,1,0,0,1,0,1
nlu_0174_03,medical,domain_term_phonetic_semantic_substitution,train,0,0,0,0,0,0,0,0,0,0
nlu_0304_06,finance,domain_term_phonetic_semantic_substitution,train,0,0,0,0,0,0,0,1,0,1
nlu_0292_06,finance,domain_term_phonetic_semantic_substitution,train,0,0,0,0,0,0,0,1,1,2
nlu_0049_07,medical,domain_term_phonetic_semantic_substitution,train,0,0,0,0,0,0,0,0,0,0
nlu_0113_09,medical,domain_term_phonetic_semantic_substitution,validation,0,0,0,0,0,0,0,0,0,0
nlu_0362_08,legal,domain_term_phonetic_semantic_substitution,train,0,0,0,0,0,0,0,0,0,0
nlu_0152_05,medical,domain_term_phonetic_semantic_substitution,train,0,0,0,0,0,0,0,0,0,0
nlu_0014_06,medical,domain_term_phonetic_semantic_substitution,train,0,0,0,0,0,0,0,0,0,0
nlu_0260_09,finance,domain_term_phonetic_semantic_substitution,validation,1,1,1,1,4,1,1,1,1,4
nlu_0201_03,finance,domain_term_phonetic_semantic_substitution,train,0,0,0,0,0,0,0,0,0,0
nlu_0284_04,finance,domain_term_phonetic_semantic_substitution,validation,0,0,0,0,0,0,0,1,0,1
nlu_0182_08,medical,domain_term_phonetic_semantic_substitution,train,0,0,0,0,0,0,0,1,1,2
nlu_0076_03,medical,domain_term_phonetic_semantic_substitution,train,0,0,0,0,0,0,0,0,0,0
nlu_0401_02,legal,domain_term_phonetic_semantic_substitution,train,0,0,0,0,0,0,0,0,0,0
nlu_0503_08,general,domain_term_phonetic_semantic_substitution,train,0,0,0,0,0,0,0,0,0,0
nlu_0111_04,medical,domain_term_phonetic_semantic_substitution,train,0,0,0,0,0,0,1,1,0,2
nlu_0538_01,general,domain_term_phonetic_semantic_substitution,train,0,0,0,0,0,0,0,0,0,0
nlu_0232_07,finance,domain_term_phonetic_semantic_substitution,train,0,0,0,0,0,0,0,0,1,1
nlu_0192_09,finance,domain_term_phonetic_semantic_substitution,validation,0,0,0,0,0,0,0,0,0,0
nlu_0155_04,medical,domain_term_phonetic_semantic_substitution,train,0,0,0,0,0,0,0,0,0,0
nlu_0367_08,legal,domain_term_phonetic_semantic_substitution,train,0,0,0,0,0,0,0,0,0,0
nlu_0445_02,technology,domain_term_phonetic_semantic_substitution,train,0,0,0,0,0,0,0,0,0,0
nlu_0371_07,legal,domain_term_phonetic_semantic_substitution,unseen,0,0,1,0,1,0,0,1,0,1
nlu_0118_07,medical,domain_term_phonetic_semantic_substitution,train,0,0,0,0,0,0,0,0,0,0
nlu_0156_10,medical,domain_term_phonetic_semantic_substitution,train,0,0,0,0,0,0,0,0,0,0
nlu_0567_04,general,domain_term_phonetic_semantic_substitution,train,0,0,0,0,0,0,0,0,0,0
nlu_0015_05,medical,domain_term_phonetic_semantic_substitution,train,0,0,0,0,0,0,0,0,0,0
nlu_0039_01,medical,domain_term_phonetic_semantic_substitution,train,0,0,0,0,0,0,0,0,0,0
nlu_0144_04,medical,domain_term_phonetic_semantic_substitution,train,0,0,0,0,0,0,0,0,0,0
nlu_0110_06,medical,domain_term_phonetic_semantic_substitution,train,0,0,0,0,0,0,0,0,0,0
nlu_0542_04,general,domain_term_phonetic_semantic_substitution,train,0,0,0,0,0,0,0,0,0,0
nlu_0013_02,medical,domain_term_phonetic_semantic_substitution,train,0,0,0,0,0,0,0,0,0,0
nlu_0557_06,general,domain_term_phonetic_semantic_substitution,train,0,0,0,0,0,0,0,0,0,0
nlu_0062_02,medical,domain_term_phonetic_semantic_substitution,train,0,0,0,0,0,0,0,0,0,0
nlu_0483_05,technology,domain_term_phonetic_semantic_substitution,train,0,0,0,0,0,0,0,0,0,0
nlu_0195_02,finance,domain_term_phonetic_semantic_substitution,train,0,0,0,0,0,0,0,0,1,1
nlu_0042_09,medical,domain_term_phonetic_semantic_substitution,train,0,0,0,0,0,0,0,1,1,2
nlu_0226_03,finance,domain_term_phonetic_semantic_substitution,unseen,0,0,0,0,0,0,0,0,0,0
nlu_0136_01,medical,domain_term_phonetic_semantic_substitution,train,0,0,0,0,0,0,0,0,0,0
nlu_0231_04,finance,domain_term_phonetic_semantic_substitution,train,0,0,0,0,0,0,0,1,0,1
nlu_0544_04,general,domain_term_phonetic_semantic_substitution,train,0,0,0,0,0,0,0,0,0,0
nlu_0426_09,legal,domain_term_phonetic_semantic_substitution,train,0,0,0,0,0,0,1,1,1,3
nlu_0198_09,finance,domain_term_phonetic_semantic_substitution,validation,0,0,0,0,0,0,0,0,0,0
nlu_0448_10,technology,domain_term_phonetic_semantic_substitution,train,0,0,0,0,0,0,0,0,0,0
nlu_0131_03,medical,domain_term_phonetic_semantic_substitution,train,0,0,0,0,0,0,0,0,0,0
nlu_0306_06,finance,domain_term_phonetic_semantic_substitution,validation,0,0,0,0,0,0,0,0,0,0
nlu_0025_09,medical,domain_term_phonetic_semantic_substitution,validation,0,0,0,0,0,0,1,1,1,3
nlu_0140_08,medical,domain_term_phonetic_semantic_substitution,train,0,0,0,0,0,0,0,0,0,0
nlu_0403_09,legal,domain_term_phonetic_semantic_substitution,train,0,0,0,0,0,0,0,0,0,0
nlu_0045_08,medical,domain_term_phonetic_semantic_substitution,unseen,0,0,0,0,0,0,0,0,0,0
nlu_0143_06,medical,domain_term_phonetic_semantic_substitution,unseen,0,0,0,0,0,0,0,0,0,0
nlu_0469_07,technology,domain_term_phonetic_semantic_substitution,train,0,0,0,0,0,0,0,0,0,0
nlu_0120_10,medical,domain_term_phonetic_semantic_substitution,train,0,0,0,0,0,0,0,0,0,0
nlu_0143_02,medical,domain_term_phonetic_semantic_substitution,unseen,0,0,0,0,0,0,0,0,0,0
nlu_0456_08,technology,domain_term_phonetic_semantic_substitution,train,0,0,0,0,0,0,0,0,0,0
nlu_0377_05,legal,domain_term_phonetic_semantic_substitution,train,0,0,0,0,0,0,0,0,0,0
nlu_0392_07,legal,domain_term_phonetic_semantic_substitution,train,0,0,0,1,1,0,0,0,1,1
nlu_0448_04,technology,domain_term_phonetic_semantic_substitution,train,0,0,0,0,0,0,0,0,0,0
nlu_0467_05,technology,domain_term_phonetic_semantic_substitution,train,0,0,0,0,0,0,0,0,0,0
nlu_0473_08,technology,domain_term_phonetic_semantic_substitution,train,0,0,0,0,0,0,0,0,0,0
nlu_0412_04,legal,domain_term_phonetic_semantic_substitution,train,0,0,0,0,0,0,0,0,0,0
nlu_0351_10,legal,domain_term_phonetic_semantic_substitution,train,0,0,0,0,0,0,0,0,0,0
nlu_0289_06,finance,domain_term_phonetic_semantic_substitution,train,0,0,0,0,0,0,0,0,0,0
nlu_0154_06,medical,domain_term_phonetic_semantic_substitution,train,0,0,0,0,0,0,0,1,0,1
nlu_0042_05,medical,domain_term_phonetic_semantic_substitution,train,0,0,0,0,0,0,0,0,0,0
nlu_0459_06,technology,domain_term_phonetic_semantic_substitution,train,0,0,0,0,0,0,0,0,0,0
nlu_0173_01,medical,domain_term_phonetic_semantic_substitution,train,0,0,0,0,0,0,0,0,0,0
nlu_0066_05,medical,domain_term_phonetic_semantic_substitution,train,0,0,0,0,0,0,0,0,0,0
nlu_0357_01,legal,domain_term_phonetic_semantic_substitution,train,0,0,0,0,0,0,0,0,0,0
nlu_0101_03,medical,domain_term_phonetic_semantic_substitution,train,0,0,0,0,0,0,0,0,0,0
nlu_0446_05,technology,domain_term_phonetic_semantic_substitution,validation,0,0,0,0,0,0,0,1,1,2
nlu_0338_03,legal,domain_term_phonetic_semantic_substitution,train,0,0,0,0,0,0,0,0,0,0
nlu_0398_04,legal,domain_term_phonetic_semantic_substitution,train,0,0,0,0,0,0,0,0,0,0
nlu_0592_03,general,domain_term_deletion,train,0,0,0,0,0,0,0,0,0,0
nlu_0149_08,medical,domain_term_phonetic_semantic_substitution,train,0,0,0,0,0,0,0,0,0,0
nlu_0059_10,medical,domain_term_phonetic_semantic_substitution,validation,0,0,0,0,0,0,0,0,0,0
nlu_0209_07,finance,domain_term_phonetic_semantic_substitution,train,0,0,0,0,0,0,1,0,0,1
nlu_0361_09,legal,domain_term_phonetic_semantic_substitution,train,0,0,0,0,0,0,0,1,1,2
nlu_0452_07,technology,domain_term_phonetic_semantic_substitution,train,0,0,0,0,0,0,0,0,0,0
nlu_0161_01,medical,domain_term_phonetic_semantic_substitution,train,0,0,1,0,1,0,0,1,1,2
nlu_0529_10,general,domain_term_phonetic_semantic_substitution,train,0,0,0,0,0,0,0,0,0,0
nlu_0284_07,finance,domain_term_phonetic_semantic_substitution,validation,0,0,0,0,0,0,0,0,0,0
nlu_0236_08,finance,domain_term_phonetic_semantic_substitution,train,0,0,0,0,0,0,0,0,0,0
nlu_0100_05,medical,domain_term_phonetic_semantic_substitution,unseen,0,0,0,0,0,0,0,1,0,1
nlu_0220_08,finance,domain_term_phonetic_semantic_substitution,validation,0,0,0,0,0,0,0,0,0,0
nlu_0188_10,medical,domain_term_phonetic_semantic_substitution,train,0,0,0,0,0,0,0,0,0,0
nlu_0457_05,technology,domain_term_phonetic_semantic_substitution,train,0,0,0,0,0,0,0,0,0,0
nlu_0138_02,medical,domain_term_phonetic_semantic_substitution,train,0,0,0,0,0,0,0,0,0,0
nlu_0188_04,medical,domain_term_phonetic_semantic_substitution,train,0,0,0,0,0,0,1,1,1,3
nlu_0021_09,medical,domain_term_phonetic_semantic_substitution,train,0,0,0,0,0,0,0,0,0,0
nlu_0482_03,technology,domain_term_phonetic_semantic_substitution,train,0,0,0,0,0,0,0,0,0,0
nlu_0425_01,legal,domain_term_phonetic_semantic_substitution,train,0,0,0,0,0,0,0,0,0,0
nlu_0043_06,medical,domain_term_phonetic_semantic_substitution,train,0,0,0,0,0,0,0,1,1,2
nlu_0579_07,general,domain_term_phonetic_semantic_substitution,train,0,0,0,0,0,0,0,0,0,0
nlu_0141_07,medical,domain_term_phonetic_semantic_substitution,train,0,0,0,0,0,0,0,0,0,0
nlu_0565_09,general,domain_term_phonetic_semantic_substitution,train,0,0,0,0,0,0,0,0,0,0
nlu_0111_09,medical,domain_term_phonetic_semantic_substitution,train,0,0,0,0,0,0,0,0,0,0
nlu_0528_03,general,domain_term_phonetic_semantic_substitution,train,0,0,0,0,0,0,0,0,0,0
nlu_0012_01,medical,domain_term_phonetic_semantic_substitution,train,0,0,0,0,0,0,0,0,0,0
nlu_0308_05,finance,domain_term_phonetic_semantic_substitution,train,0,0,0,0,0,0,0,0,0,0
nlu_0583_06,general,domain_term_phonetic_semantic_substitution,train,0,0,0,0,0,0,0,0,0,0
nlu_0227_04,finance,domain_term_phonetic_semantic_substitution,train,0,0,0,0,0,0,0,0,0,0
nlu_0255_09,finance,domain_term_phonetic_semantic_substitution,train,0,0,0,0,0,0,0,0,0,0
nlu_0204_05,finance,domain_term_phonetic_semantic_substitution,unseen,0,0,0,0,0,0,0,0,0,0
nlu_0118_03,medical,domain_term_phonetic_semantic_substitution,train,0,0,0,0,0,0,0,0,0,0
nlu_0377_09,legal,domain_term_phonetic_semantic_substitution,train,0,0,0,0,0,0,0,0,0,0
nlu_0245_06,finance,domain_term_phonetic_semantic_substitution,train,0,0,0,0,0,0,0,0,0,0
nlu_0319_03,legal,domain_term_phonetic_semantic_substitution,train,0,0,0,0,0,0,0,0,0,0
nlu_0295_06,finance,domain_term_phonetic_semantic_substitution,train,0,0,0,0,0,0,0,0,1,1
nlu_0460_02,technology,domain_term_phonetic_semantic_substitution,unseen,0,0,0,0,0,0,0,0,0,0
nlu_0459_10,technology,domain_term_phonetic_semantic_substitution,train,0,0,0,0,0,0,0,0,0,0
nlu_0362_02,legal,domain_term_phonetic_semantic_substitution,train,0,0,0,0,0,0,0,0,0,0
nlu_0394_08,legal,domain_term_phonetic_semantic_substitution,validation,0,0,0,0,0,0,0,0,0,0
nlu_0215_07,finance,domain_term_phonetic_semantic_substitution,unseen,0,0,0,0,0,0,0,1,1,2
nlu_0576_02,general,domain_term_phonetic_semantic_substitution,train,0,0,0,0,0,0,0,0,0,0
nlu_0147_09,medical,domain_term_phonetic_semantic_substitution,unseen,0,0,1,0,1,0,0,1,0,1
nlu_0044_08,medical,domain_term_phonetic_semantic_substitution,train,0,0,0,0,0,0,0,0,0,0
nlu_0579_08,general,domain_term_phonetic_semantic_substitution,train,0,0,0,0,0,0,0,0,0,0
nlu_0106_08,medical,domain_term_phonetic_semantic_substitution,train,0,0,0,0,0,0,0,0,0,0
nlu_0280_06,finance,domain_term_phonetic_semantic_substitution,train,0,0,0,0,0,0,0,1,1,2
nlu_0011_08,medical,domain_term_phonetic_semantic_substitution,train,0,0,0,0,0,0,1,1,0,2
nlu_0356_03,legal,domain_term_phonetic_semantic_substitution,train,0,0,0,0,0,0,0,0,0,0
nlu_0003_10,medical,domain_term_phonetic_semantic_substitution,train,0,0,0,0,0,0,0,0,0,0
nlu_0224_03,finance,domain_term_phonetic_semantic_substitution,unseen,0,0,0,0,0,0,0,0,0,0
nlu_0089_10,medical,domain_term_phonetic_semantic_substitution,train,0,0,0,0,0,0,1,1,1,3
nlu_0307_06,finance,domain_term_phonetic_semantic_substitution,validation,1,0,1,1,3,1,0,1,1,3
nlu_0164_01,medical,domain_term_phonetic_semantic_substitution,unseen,0,0,1,0,1,0,0,1,1,2
nlu_0076_02,medical,domain_term_phonetic_semantic_substitution,train,0,0,0,0,0,0,0,0,0,0
nlu_0236_09,finance,domain_term_phonetic_semantic_substitution,train,0,0,0,0,0,0,0,1,1,2
nlu_0059_05,medical,domain_term_phonetic_semantic_substitution,validation,0,0,0,0,0,0,0,0,0,0
nlu_0194_05,finance,domain_term_phonetic_semantic_substitution,train,0,0,0,0,0,0,0,0,0,0
nlu_0499_03,technology,domain_term_phonetic_semantic_substitution,train,0,0,0,0,0,0,0,1,0,1
nlu_0236_01,finance,domain_term_phonetic_semantic_substitution,train,0,0,0,0,0,0,0,0,0,0
nlu_0561_06,general,domain_term_phonetic_semantic_substitution,train,0,0,0,0,0,0,0,0,0,0
nlu_0522_05,general,domain_term_phonetic_semantic_substitution,validation,0,0,0,0,0,0,0,0,0,0
nlu_0385_07,legal,domain_term_phonetic_semantic_substitution,validation,0,0,1,0,1,0,0,0,0,0
nlu_0512_09,general,domain_term_phonetic_semantic_substitution,unseen,0,0,0,0,0,0,0,0,0,0
nlu_0595_09,general,domain_term_phonetic_semantic_substitution,unseen,0,0,0,0,0,0,0,0,0,0
nlu_0232_08,finance,domain_term_phonetic_semantic_substitution,train,0,0,0,0,0,0,0,0,0,0
nlu_0135_05,medical,domain_term_phonetic_semantic_substitution,validation,0,0,0,0,0,0,0,0,0,0
nlu_0345_02,legal,domain_term_phonetic_semantic_substitution,unseen,0,0,0,0,0,0,0,0,0,0
nlu_0464_06,technology,domain_term_phonetic_semantic_substitution,train,0,0,0,0,0,0,0,0,0,0
nlu_0588_01,general,domain_term_phonetic_semantic_substitution,train,0,0,0,0,0,0,0,0,0,0
nlu_0097_10,medical,domain_term_phonetic_semantic_substitution,train,0,0,0,0,0,0,0,1,0,1
nlu_0018_10,medical,domain_term_phonetic_semantic_substitution,train,0,0,0,0,0,0,1,1,0,2
nlu_0280_05,finance,domain_term_phonetic_semantic_substitution,train,0,0,0,0,0,0,0,0,0,0
nlu_0151_08,medical,domain_term_phonetic_semantic_substitution,validation,0,0,0,0,0,0,0,0,0,0
nlu_0405_07,legal,domain_term_phonetic_semantic_substitution,train,0,0,0,0,0,0,0,0,0,0
nlu_0214_09,finance,domain_term_phonetic_semantic_substitution,train,0,0,0,0,0,0,0,0,0,0
nlu_0583_09,general,domain_term_phonetic_semantic_substitution,train,0,0,0,0,0,0,0,0,0,0
nlu_0349_08,legal,domain_term_phonetic_semantic_substitution,unseen,0,0,0,0,0,0,0,0,0,0
nlu_0454_07,technology,domain_term_phonetic_semantic_substitution,validation,0,0,1,1,2,0,0,1,1,2
nlu_0529_07,general,domain_term_phonetic_semantic_substitution,train,0,0,0,0,0,0,0,0,0,0
nlu_0550_06,general,domain_term_phonetic_semantic_substitution,unseen,0,0,0,0,0,0,0,0,0,0
nlu_0187_08,medical,domain_term_phonetic_semantic_substitution,train,0,0,0,0,0,0,0,1,0,1
nlu_0010_01,medical,domain_term_phonetic_semantic_substitution,validation,0,0,0,0,0,0,0,0,0,0
nlu_0282_06,finance,domain_term_phonetic_semantic_substitution,unseen,0,0,0,0,0,0,0,1,1,2
nlu_0341_10,legal,domain_term_phonetic_semantic_substitution,train,0,0,0,0,0,0,0,0,0,0
nlu_0241_06,finance,domain_term_phonetic_semantic_substitution,train,0,0,0,0,0,0,0,0,0,0
nlu_0248_02,finance,domain_term_phonetic_semantic_substitution,train,0,0,0,0,0,0,0,0,0,0
nlu_0063_05,medical,domain_term_phonetic_semantic_substitution,train,0,0,0,0,0,0,0,0,0,0
nlu_0007_10,medical,domain_term_phonetic_semantic_substitution,unseen,0,0,0,0,0,0,0,0,0,0
nlu_0363_05,legal,domain_term_phonetic_semantic_substitution,train,0,0,0,0,0,0,0,0,0,0
nlu_0151_06,medical,domain_term_phonetic_semantic_substitution,validation,0,0,0,0,0,0,0,0,0,0
nlu_0350_02,legal,domain_term_phonetic_semantic_substitution,validation,0,0,0,0,0,0,0,0,0,0
nlu_0514_08,general,domain_term_phonetic_semantic_substitution,train,0,0,0,0,0,0,0,0,0,0
nlu_0467_10,technology,domain_term_phonetic_semantic_substitution,train,0,0,0,0,0,0,0,0,0,0
nlu_0077_05,medical,domain_term_phonetic_semantic_substitution,train,0,0,0,0,0,0,1,0,0,1
nlu_0030_04,medical,domain_term_phonetic_semantic_substitution,validation,0,0,0,1,1,0,0,1,1,2
nlu_0436_03,legal,domain_term_phonetic_semantic_substitution,train,0,0,0,0,0,0,0,0,0,0
nlu_0045_06,medical,domain_term_phonetic_semantic_substitution,unseen,0,0,0,0,0,0,0,1,1,2
nlu_0047_09,medical,domain_term_phonetic_semantic_substitution,unseen,0,0,0,0,0,0,0,1,1,2
nlu_0344_06,legal,domain_term_phonetic_semantic_substitution,train,0,0,0,0,0,0,0,1,0,1
nlu_0122_10,medical,domain_term_phonetic_semantic_substitution,train,0,0,0,0,0,0,1,1,0,2
nlu_0044_03,medical,domain_term_phonetic_semantic_substitution,train,0,0,0,0,0,0,0,0,0,0
nlu_0319_08,legal,domain_term_phonetic_semantic_substitution,train,0,0,0,0,0,0,0,0,0,0
nlu_0149_09,medical,domain_term_phonetic_semantic_substitution,train,0,0,0,0,0,0,0,0,0,0
nlu_0355_08,legal,domain_term_phonetic_semantic_substitution,train,0,0,0,0,0,0,0,0,0,0
nlu_0376_02,legal,domain_term_phonetic_semantic_substitution,train,0,0,0,0,0,0,0,0,0,0
nlu_0058_08,medical,domain_term_phonetic_semantic_substitution,unseen,0,0,0,0,0,0,0,0,0,0
nlu_0218_04,finance,domain_term_phonetic_semantic_substitution,unseen,0,1,1,1,3,0,1,1,1,3
nlu_0025_06,medical,domain_term_phonetic_semantic_substitution,validation,0,0,0,0,0,0,0,0,0,0
nlu_0420_01,legal,domain_term_phonetic_semantic_substitution,train,0,0,0,0,0,0,0,0,0,0
nlu_0037_08,medical,domain_term_phonetic_semantic_substitution,train,0,0,0,0,0,0,0,1,0,1
nlu_0457_09,technology,domain_term_phonetic_semantic_substitution,train,0,0,0,0,0,0,0,1,1,2
nlu_0291_01,finance,domain_term_phonetic_semantic_substitution,train,0,0,0,0,0,0,0,1,1,2
nlu_0162_02,medical,domain_term_phonetic_semantic_substitution,train,0,0,0,0,0,0,0,0,0,0
nlu_0285_06,finance,domain_term_phonetic_semantic_substitution,unseen,0,0,0,0,0,0,0,1,1,2
nlu_0379_05,legal,domain_term_phonetic_semantic_substitution,train,0,0,0,0,0,0,0,0,0,0
nlu_0421_10,legal,domain_term_phonetic_semantic_substitution,train,0,0,0,0,0,0,0,0,0,0
nlu_0551_01,general,domain_term_phonetic_semantic_substitution,validation,0,0,0,0,0,0,0,0,0,0
nlu_0125_03,medical,domain_term_phonetic_semantic_substitution,train,0,0,0,0,0,0,0,0,1,1
nlu_0238_01,finance,domain_term_phonetic_semantic_substitution,train,0,0,0,0,0,0,0,0,0,0
nlu_0427_10,legal,domain_term_phonetic_semantic_substitution,train,0,0,0,0,0,0,0,0,0,0
nlu_0448_03,technology,domain_term_phonetic_semantic_substitution,train,0,0,0,0,0,0,0,0,0,0
nlu_0439_06,technology,domain_term_phonetic_semantic_substitution,train,0,0,0,0,0,0,0,0,0,0
nlu_0056_06,medical,domain_term_phonetic_semantic_substitution,train,0,0,0,0,0,0,1,1,1,3
nlu_0217_04,finance,domain_term_phonetic_semantic_substitution,unseen,0,0,1,0,1,0,0,1,0,1
nlu_0597_09,general,domain_term_phonetic_semantic_substitution,unseen,0,0,0,0,0,0,0,0,0,0
nlu_0596_10,general,domain_term_phonetic_semantic_substitution,train,0,0,0,0,0,0,0,0,0,0
nlu_0475_03,technology,domain_term_phonetic_semantic_substitution,train,0,0,0,0,0,0,0,0,0,0
nlu_0586_02,general,domain_term_phonetic_semantic_substitution,unseen,0,0,0,0,0,0,0,0,0,0
nlu_0428_06,legal,domain_term_phonetic_semantic_substitution,train,0,0,0,0,0,0,0,0,1,1
nlu_0197_04,finance,domain_term_phonetic_semantic_substitution,unseen,0,0,1,1,2,0,0,1,1,2
nlu_0427_05,legal,domain_term_phonetic_semantic_substitution,train,0,0,0,0,0,0,0,0,0,0
nlu_0329_10,legal,domain_term_phonetic_semantic_substitution,validation,0,0,0,0,0,0,0,0,0,0
nlu_0559_05,general,domain_term_phonetic_semantic_substitution,unseen,0,0,0,0,0,0,0,0,0,0
nlu_0016_02,medical,domain_term_phonetic_semantic_substitution,train,0,0,0,0,0,0,0,0,0,0
nlu_0468_05,technology,domain_term_phonetic_semantic_substitution,train,0,0,0,0,0,0,0,0,0,0
nlu_0474_03,technology,domain_term_phonetic_semantic_substitution,unseen,0,0,0,0,0,0,0,0,0,0
nlu_0476_09,technology,domain_term_phonetic_semantic_substitution,train,0,0,0,0,0,0,0,0,0,0
nlu_0528_01,general,domain_term_phonetic_semantic_substitution,train,0,0,0,0,0,0,0,0,0,0
nlu_0422_05,legal,domain_term_phonetic_semantic_substitution,train,0,0,0,0,0,0,0,0,0,0
nlu_0350_05,legal,domain_term_phonetic_semantic_substitution,validation,0,0,0,0,0,0,0,0,0,0
nlu_0584_01,general,domain_term_phonetic_semantic_substitution,train,0,0,0,0,0,0,0,0,0,0
nlu_0370_03,legal,domain_term_phonetic_semantic_substitution,validation,0,0,0,0,0,0,0,0,0,0
nlu_0463_01,technology,domain_term_phonetic_semantic_substitution,train,0,0,0,0,0,0,0,0,0,0
nlu_0361_08,legal,domain_term_phonetic_semantic_substitution,train,0,0,0,0,0,0,0,0,1,1
nlu_0176_06,medical,domain_term_phonetic_semantic_substitution,unseen,0,0,0,0,0,0,1,1,1,3
nlu_0528_04,general,domain_term_phonetic_semantic_substitution,train,0,0,0,0,0,0,0,0,0,0
nlu_0456_10,technology,domain_term_phonetic_semantic_substitution,train,0,0,0,0,0,0,0,0,0,0
nlu_0075_09,medical,domain_term_phonetic_semantic_substitution,train,0,0,0,0,0,0,0,0,0,0
nlu_0579_01,general,domain_term_phonetic_semantic_substitution,train,0,0,0,0,0,0,0,0,0,0
nlu_0154_04,medical,domain_term_phonetic_semantic_substitution,train,0,0,0,0,0,0,0,0,0,0
nlu_0105_03,medical,domain_term_phonetic_semantic_substitution,unseen,0,0,0,0,0,0,0,0,0,0
nlu_0550_02,general,domain_term_phonetic_semantic_substitution,unseen,0,0,0,0,0,0,0,0,0,0
nlu_0388_10,legal,domain_term_phonetic_semantic_substitution,unseen,0,0,1,1,2,0,0,1,1,2
nlu_0267_04,finance,domain_term_phonetic_semantic_substitution,train,0,0,0,0,0,0,0,0,0,0
nlu_0511_07,general,domain_term_phonetic_semantic_substitution,train,0,0,0,0,0,0,0,0,0,0
nlu_0156_08,medical,domain_term_phonetic_semantic_substitution,train,0,0,0,0,0,0,0,0,0,0
nlu_0050_02,medical,domain_term_phonetic_semantic_substitution,train,0,0,0,0,0,0,1,1,1,3
nlu_0438_04,legal,domain_term_phonetic_semantic_substitution,train,0,0,0,0,0,0,0,1,0,1
nlu_0339_03,legal,domain_term_phonetic_semantic_substitution,train,0,0,0,0,0,0,0,0,0,0
nlu_0553_08,general,domain_term_phonetic_semantic_substitution,train,0,0,0,0,0,0,0,0,0,0
nlu_0048_02,medical,domain_term_phonetic_semantic_substitution,train,0,0,0,0,0,0,0,0,0,0
nlu_0531_04,general,domain_term_phonetic_semantic_substitution,train,0,0,0,0,0,0,0,0,0,0
nlu_0232_03,finance,domain_term_phonetic_semantic_substitution,train,0,0,0,0,0,0,0,0,0,0
nlu_0560_08,general,domain_term_phonetic_semantic_substitution,train,0,0,0,0,0,0,0,0,0,0
nlu_0081_08,medical,domain_term_phonetic_semantic_substitution,unseen,0,0,1,0,1,0,0,1,1,2
nlu_0568_01,general,domain_term_phonetic_semantic_substitution,train,0,0,0,0,0,0,0,0,0,0
nlu_0488_10,technology,domain_term_phonetic_semantic_substitution,train,0,0,0,0,0,0,0,0,0,0
nlu_0090_07,medical,domain_term_phonetic_semantic_substitution,unseen,0,0,0,0,0,0,1,1,0,2
nlu_0538_02,general,domain_term_phonetic_semantic_substitution,train,0,0,0,0,0,0,0,0,0,0
nlu_0251_04,finance,domain_term_phonetic_semantic_substitution,unseen,0,0,0,0,0,0,0,0,0,0
nlu_0569_04,general,domain_term_phonetic_semantic_substitution,train,0,0,0,0,0,0,0,0,0,0
nlu_0433_03,legal,domain_term_phonetic_semantic_substitution,unseen,0,0,0,0,0,0,0,1,0,1
nlu_0036_05,medical,domain_term_phonetic_semantic_substitution,train,0,0,0,0,0,0,0,0,0,0
nlu_0026_02,medical,domain_term_phonetic_semantic_substitution,unseen,0,0,0,0,0,0,0,0,1,1
nlu_0019_06,medical,domain_term_phonetic_semantic_substitution,train,0,0,0,0,0,0,0,0,0,0
nlu_0238_09,finance,domain_term_phonetic_semantic_substitution,train,0,0,0,0,0,0,0,0,0,0
nlu_0119_04,medical,domain_term_phonetic_semantic_substitution,train,0,0,0,0,0,0,1,1,0,2
nlu_0212_01,finance,domain_term_phonetic_semantic_substitution,train,0,0,0,0,0,0,0,0,0,0
nlu_0428_05,legal,domain_term_phonetic_semantic_substitution,train,0,0,0,0,0,0,0,0,0,0
nlu_0023_08,medical,domain_term_phonetic_semantic_substitution,train,0,0,0,0,0,0,0,0,0,0
nlu_0216_04,finance,domain_term_phonetic_semantic_substitution,train,0,0,0,0,0,0,0,0,0,0
nlu_0577_08,general,domain_term_phonetic_semantic_substitution,unseen,0,0,0,0,0,0,0,0,0,0
nlu_0130_06,medical,domain_term_phonetic_semantic_substitution,train,0,0,0,0,0,0,0,0,0,0
nlu_0594_02,general,domain_term_phonetic_semantic_substitution,unseen,0,0,0,0,0,0,0,0,0,0
nlu_0486_02,technology,domain_term_phonetic_semantic_substitution,validation,0,0,0,0,0,0,0,0,0,0
nlu_0394_09,legal,domain_term_phonetic_semantic_substitution,validation,0,0,0,0,0,0,0,0,0,0
nlu_0547_01,general,domain_term_phonetic_semantic_substitution,train,0,0,0,0,0,0,0,0,0,0
nlu_0281_03,finance,domain_term_phonetic_semantic_substitution,train,0,0,0,0,0,0,0,0,0,0
nlu_0319_05,legal,domain_term_phonetic_semantic_substitution,train,0,0,0,0,0,0,0,0,0,0
nlu_0191_06,finance,domain_term_phonetic_semantic_substitution,train,0,0,0,0,0,0,0,0,0,0
nlu_0504_07,general,domain_term_phonetic_semantic_substitution,train,0,0,0,0,0,0,0,0,0,0
nlu_0223_04,finance,domain_term_phonetic_semantic_substitution,validation,0,0,1,1,2,0,0,1,1,2
nlu_0384_09,legal,domain_term_phonetic_semantic_substitution,train,0,0,0,0,0,0,0,0,1,1
nlu_0319_02,legal,domain_term_phonetic_semantic_substitution,train,0,0,0,0,0,0,0,0,0,0
nlu_0030_03,medical,domain_term_phonetic_semantic_substitution,validation,0,0,0,0,0,0,0,1,1,2
nlu_0273_02,finance,domain_term_phonetic_semantic_substitution,train,0,0,0,0,0,0,0,0,0,0
nlu_0055_10,medical,domain_term_phonetic_semantic_substitution,validation,0,0,0,0,0,0,1,1,0,2
nlu_0426_05,legal,domain_term_phonetic_semantic_substitution,train,0,0,0,0,0,0,0,0,0,0
nlu_0553_10,general,domain_term_phonetic_semantic_substitution,train,0,0,0,0,0,0,0,0,0,0
nlu_0157_10,medical,domain_term_phonetic_semantic_substitution,train,0,0,0,0,0,0,0,0,0,0
nlu_0108_06,medical,domain_term_phonetic_semantic_substitution,train,0,0,0,0,0,0,0,0,0,0
nlu_0445_01,technology,domain_term_phonetic_semantic_substitution,train,0,0,0,0,0,0,0,0,0,0
nlu_0245_08,finance,domain_term_phonetic_semantic_substitution,train,0,0,0,0,0,0,0,0,0,0
nlu_0133_03,medical,domain_term_phonetic_semantic_substitution,train,0,0,0,0,0,0,0,0,0,0
nlu_0506_10,general,domain_term_phonetic_semantic_substitution,train,0,0,0,0,0,0,0,0,0,0
nlu_0297_09,finance,domain_term_phonetic_semantic_substitution,unseen,0,0,0,0,0,0,0,1,1,2
nlu_0321_10,legal,domain_term_phonetic_semantic_substitution,validation,0,0,0,0,0,0,0,0,0,0
nlu_0268_01,finance,domain_term_phonetic_semantic_substitution,train,0,0,0,0,0,0,0,0,0,0
nlu_0243_01,finance,domain_term_phonetic_semantic_substitution,train,0,0,0,0,0,0,0,0,0,0
nlu_0374_05,legal,domain_term_phonetic_semantic_substitution,unseen,0,0,0,0,0,0,0,0,0,0
nlu_0511_10,general,domain_term_phonetic_semantic_substitution,train,0,0,0,0,0,0,0,0,0,0
nlu_0306_04,finance,domain_term_phonetic_semantic_substitution,validation,0,0,0,0,0,0,0,0,0,0
nlu_0284_05,finance,domain_term_phonetic_semantic_substitution,validation,0,0,0,0,0,0,0,0,0,0
nlu_0372_08,legal,domain_term_phonetic_semantic_substitution,train,0,0,0,0,0,0,0,0,0,0
nlu_0334_08,legal,domain_term_phonetic_semantic_substitution,train,0,0,0,0,0,0,0,0,0,0
nlu_0320_07,legal,domain_term_phonetic_semantic_substitution,train,0,0,0,0,0,0,0,0,0,0
nlu_0487_07,technology,domain_term_phonetic_semantic_substitution,train,0,0,0,0,0,0,0,1,1,2
nlu_0375_01,legal,domain_term_phonetic_semantic_substitution,train,0,0,0,0,0,0,0,0,0,0
nlu_0489_07,technology,domain_term_phonetic_semantic_substitution,train,0,0,0,0,0,0,0,1,1,2
nlu_0581_01,general,domain_term_phonetic_semantic_substitution,train,0,0,0,0,0,0,0,0,0,0
nlu_0115_03,medical,domain_term_phonetic_semantic_substitution,unseen,0,0,0,0,0,0,0,0,0,0
nlu_0465_04,technology,domain_term_phonetic_semantic_substitution,unseen,0,0,1,0,1,0,0,1,1,2
nlu_0094_03,medical,domain_term_phonetic_semantic_substitution,train,0,0,0,0,0,0,0,0,0,0
nlu_0062_04,medical,domain_term_phonetic_semantic_substitution,train,0,0,0,0,0,0,1,1,0,2
nlu_0223_08,finance,domain_term_phonetic_semantic_substitution,validation,0,0,1,1,2,0,0,1,1,2
nlu_0474_09,technology,domain_term_phonetic_semantic_substitution,unseen,0,0,0,0,0,0,0,0,0,0
nlu_0325_01,legal,domain_term_phonetic_semantic_substitution,train,0,0,0,0,0,0,0,0,0,0
nlu_0347_10,legal,domain_term_phonetic_semantic_substitution,train,0,0,0,0,0,0,0,0,0,0
nlu_0506_01,general,domain_term_phonetic_semantic_substitution,train,0,0,0,0,0,0,0,0,0,0
nlu_0470_02,technology,domain_term_phonetic_semantic_substitution,unseen,0,0,0,0,0,0,0,0,0,0
nlu_0382_06,legal,domain_term_phonetic_semantic_substitution,validation,0,0,1,1,2,0,0,1,1,2
nlu_0411_02,legal,domain_term_phonetic_semantic_substitution,unseen,0,0,0,0,0,0,0,0,0,0
nlu_0541_08,general,domain_term_phonetic_semantic_substitution,train,0,0,0,0,0,0,0,0,0,0
nlu_0051_06,medical,domain_term_phonetic_semantic_substitution,train,0,0,0,0,0,0,1,1,1,3
nlu_0151_10,medical,domain_term_phonetic_semantic_substitution,validation,0,0,0,0,0,0,0,0,0,0
nlu_0167_07,medical,domain_term_phonetic_semantic_substitution,unseen,0,0,1,0,1,0,0,1,1,2
nlu_0028_03,medical,domain_term_phonetic_semantic_substitution,unseen,0,0,0,0,0,0,0,1,1,2
nlu_0212_06,finance,domain_term_phonetic_semantic_substitution,train,0,0,0,0,0,0,0,0,0,0
nlu_0517_05,general,domain_term_phonetic_semantic_substitution,train,0,0,0,0,0,0,0,0,0,0
nlu_0451_06,technology,domain_term_phonetic_semantic_substitution,validation,0,0,0,0,0,0,0,0,0,0
nlu_0149_06,medical,domain_term_phonetic_semantic_substitution,train,0,0,0,0,0,0,0,0,0,0
nlu_0431_02,legal,domain_term_phonetic_semantic_substitution,validation,0,0,0,0,0,0,0,0,0,0
nlu_0071_02,medical,domain_term_phonetic_semantic_substitution,validation,0,0,0,0,0,0,0,0,0,0
nlu_0384_04,legal,domain_term_phonetic_semantic_substitution,train,0,0,0,0,0,0,0,0,1,1
nlu_0359_10,legal,domain_term_phonetic_semantic_substitution,train,0,0,0,0,0,0,0,0,0,0
nlu_0011_07,medical,domain_term_phonetic_semantic_substitution,train,0,0,0,0,0,0,0,0,0,0
nlu_0505_08,general,domain_term_phonetic_semantic_substitution,train,0,0,0,0,0,0,0,0,0,0
nlu_0501_01,general,domain_term_phonetic_semantic_substitution,train,0,0,0,0,0,0,0,0,0,0
nlu_0532_08,general,domain_term_phonetic_semantic_substitution,train,0,0,0,0,0,0,0,0,0,0
nlu_0477_08,technology,domain_term_deletion,train,0,0,0,0,0,0,0,0,0,0
nlu_0525_02,general,domain_term_phonetic_semantic_substitution,validation,0,0,0,0,0,0,0,0,0,0
nlu_0385_10,legal,domain_term_phonetic_semantic_substitution,validation,0,0,0,0,0,0,0,1,0,1
nlu_0096_03,medical,domain_term_phonetic_semantic_substitution,unseen,0,0,0,0,0,0,0,0,0,0
nlu_0237_05,finance,domain_term_phonetic_semantic_substitution,train,0,0,0,0,0,0,0,0,0,0
nlu_0390_06,legal,domain_term_phonetic_semantic_substitution,unseen,0,0,1,0,1,0,0,1,0,1
nlu_0384_10,legal,domain_term_phonetic_semantic_substitution,train,0,0,0,0,0,0,0,0,0,0
nlu_0266_01,finance,domain_term_phonetic_semantic_substitution,train,0,0,0,0,0,0,0,0,0,0
nlu_0323_07,legal,domain_term_phonetic_semantic_substitution,unseen,0,0,0,0,0,0,0,1,1,2
nlu_0494_01,technology,domain_term_phonetic_semantic_substitution,train,0,0,0,0,0,0,0,0,0,0
nlu_0292_01,finance,domain_term_phonetic_semantic_substitution,train,0,0,0,0,0,0,0,0,0,0
nlu_0109_05,medical,domain_term_phonetic_semantic_substitution,train,0,0,0,0,0,0,0,0,0,0
nlu_0354_10,legal,domain_term_phonetic_semantic_substitution,train,0,0,0,0,0,0,0,0,0,0
nlu_0355_05,legal,domain_term_phonetic_semantic_substitution,train,0,0,0,0,0,0,0,0,0,0
nlu_0465_02,technology,domain_term_phonetic_semantic_substitution,unseen,0,0,0,0,0,0,0,0,0,0
nlu_0143_01,medical,domain_term_phonetic_semantic_substitution,unseen,0,0,0,0,0,0,0,0,0,0
nlu_0278_01,finance,domain_term_phonetic_semantic_substitution,train,0,0,0,0,0,0,0,0,0,0
nlu_0179_07,medical,domain_term_phonetic_semantic_substitution,train,0,0,0,0,0,0,0,0,1,1
nlu_0449_01,technology,domain_term_phonetic_semantic_substitution,validation,0,0,0,0,0,0,0,0,0,0
nlu_0189_09,finance,domain_term_phonetic_semantic_substitution,train,0,0,0,0,0,0,0,0,0,0
nlu_0567_02,general,domain_term_phonetic_semantic_substitution,train,0,0,0,0,0,0,0,0,0,0
nlu_0565_10,general,domain_term_phonetic_semantic_substitution,train,0,0,0,0,0,0,0,0,0,0
nlu_0042_07,medical,domain_term_phonetic_semantic_substitution,train,0,0,0,0,0,0,0,0,1,1
nlu_0122_06,medical,domain_term_phonetic_semantic_substitution,train,0,0,0,0,0,0,0,0,0,0
nlu_0484_09,technology,domain_term_phonetic_semantic_substitution,validation,0,0,1,1,2,0,0,1,1,2
nlu_0575_07,general,domain_term_phonetic_semantic_substitution,unseen,0,0,0,0,0,0,0,0,0,0
nlu_0057_05,medical,domain_term_phonetic_semantic_substitution,validation,0,0,0,0,0,0,0,0,0,0
nlu_0048_09,medical,domain_term_phonetic_semantic_substitution,train,0,0,0,0,0,0,1,1,1,3
nlu_0584_08,general,domain_term_phonetic_semantic_substitution,train,0,0,0,0,0,0,0,0,0,0
nlu_0015_03,medical,domain_term_phonetic_semantic_substitution,train,0,0,0,0,0,0,0,0,0,0
nlu_0122_03,medical,domain_term_phonetic_semantic_substitution,train,0,0,0,0,0,0,0,0,1,1
nlu_0530_08,general,domain_term_phonetic_semantic_substitution,validation,0,0,0,0,0,0,0,0,0,0
nlu_0110_08,medical,domain_term_phonetic_semantic_substitution,train,0,0,0,0,0,0,0,0,0,0
nlu_0215_03,finance,domain_term_phonetic_semantic_substitution,unseen,0,0,0,0,0,0,0,0,0,0
nlu_0061_06,medical,domain_term_phonetic_semantic_substitution,train,0,0,0,0,0,0,0,1,0,1
nlu_0379_07,legal,domain_term_phonetic_semantic_substitution,train,0,0,0,0,0,0,0,0,0,0
nlu_0258_06,finance,domain_term_phonetic_semantic_substitution,train,0,0,0,0,0,0,1,1,1,3
nlu_0050_08,medical,domain_term_phonetic_semantic_substitution,train,0,0,0,0,0,0,1,1,0,2
nlu_0255_03,finance,domain_term_phonetic_semantic_substitution,train,0,0,0,0,0,0,0,0,0,0
nlu_0449_02,technology,domain_term_phonetic_semantic_substitution,validation,0,0,0,0,0,0,0,0,0,0
nlu_0523_02,general,domain_term_phonetic_semantic_substitution,train,0,0,0,0,0,0,0,0,0,0
nlu_0247_04,finance,domain_term_phonetic_semantic_substitution,train,0,0,0,0,0,0,0,0,0,0
nlu_0073_02,medical,domain_term_phonetic_semantic_substitution,train,0,0,0,0,0,0,0,0,0,0
nlu_0109_07,medical,domain_term_phonetic_semantic_substitution,train,0,0,0,0,0,0,0,0,0,0
nlu_0103_06,medical,domain_term_phonetic_semantic_substitution,train,0,0,0,0,0,0,0,0,0,0
nlu_0136_08,medical,domain_term_phonetic_semantic_substitution,train,0,0,0,0,0,0,0,0,0,0
nlu_0326_07,legal,domain_term_phonetic_semantic_substitution,train,0,0,0,0,0,0,0,1,1,2
nlu_0282_03,finance,domain_term_phonetic_semantic_substitution,unseen,0,0,0,0,0,0,0,0,0,0
nlu_0340_09,legal,domain_term_phonetic_semantic_substitution,train,0,0,0,0,0,0,1,1,1,3
nlu_0482_02,technology,domain_term_phonetic_semantic_substitution,train,0,0,0,0,0,0,0,0,0,0
nlu_0484_03,technology,domain_term_phonetic_semantic_substitution,validation,0,0,0,0,0,0,0,0,0,0
nlu_0290_03,finance,domain_term_phonetic_semantic_substitution,train,0,0,0,0,0,0,0,0,0,0
nlu_0341_08,legal,domain_term_phonetic_semantic_substitution,train,0,0,0,0,0,0,0,0,0,0
nlu_0296_08,finance,domain_term_phonetic_semantic_substitution,train,0,0,0,0,0,0,0,0,0,0
nlu_0476_02,technology,domain_term_phonetic_semantic_substitution,train,0,0,0,0,0,0,0,0,0,0
nlu_0034_07,medical,domain_term_phonetic_semantic_substitution,train,0,0,0,0,0,0,0,1,0,1
nlu_0526_08,general,domain_term_phonetic_semantic_substitution,train,0,0,0,0,0,0,0,0,0,0
nlu_0197_05,finance,domain_term_phonetic_semantic_substitution,unseen,0,0,0,0,0,0,0,0,0,0
nlu_0356_08,legal,domain_term_phonetic_semantic_substitution,train,0,0,0,0,0,0,0,0,0,0
nlu_0157_02,medical,domain_term_phonetic_semantic_substitution,train,0,0,0,0,0,0,0,0,0,0
nlu_0174_09,medical,domain_term_phonetic_semantic_substitution,train,0,0,1,0,1,0,0,1,1,2
nlu_0437_03,legal,domain_term_phonetic_semantic_substitution,train,0,0,0,0,0,0,0,1,0,1
nlu_0244_10,finance,domain_term_phonetic_semantic_substitution,train,0,0,0,0,0,0,0,0,0,0
nlu_0202_09,finance,domain_term_phonetic_semantic_substitution,train,0,0,0,0,0,0,0,0,0,0
nlu_0310_07,finance,domain_term_phonetic_semantic_substitution,train,0,0,0,0,0,0,0,0,0,0
nlu_0073_05,medical,domain_term_phonetic_semantic_substitution,train,0,0,0,0,0,0,0,0,1,1
nlu_0077_06,medical,domain_term_phonetic_semantic_substitution,train,0,0,0,0,0,0,0,0,0,0
nlu_0029_07,medical,domain_term_phonetic_semantic_substitution,train,0,0,0,0,0,0,1,0,1,2
nlu_0031_08,medical,domain_term_phonetic_semantic_substitution,unseen,0,0,0,0,0,0,1,1,1,3
nlu_0522_01,general,domain_term_phonetic_semantic_substitution,validation,0,0,0,0,0,0,0,0,0,0
nlu_0467_09,technology,domain_term_phonetic_semantic_substitution,train,0,0,0,0,0,0,0,0,0,0
nlu_0544_06,general,domain_term_phonetic_semantic_substitution,train,0,0,0,0,0,0,0,0,0,0
nlu_0174_01,medical,domain_term_phonetic_semantic_substitution,train,0,0,0,0,0,0,0,1,0,1
nlu_0441_10,technology,domain_term_phonetic_semantic_substitution,validation,0,0,0,0,0,0,0,0,0,0
nlu_0509_06,general,domain_term_phonetic_semantic_substitution,train,0,0,0,0,0,0,0,0,0,0
nlu_0148_02,medical,domain_term_phonetic_semantic_substitution,train,0,0,0,0,0,0,0,0,0,0
nlu_0008_02,medical,domain_term_phonetic_semantic_substitution,train,0,0,0,0,0,0,0,0,0,0
nlu_0157_07,medical,domain_term_phonetic_semantic_substitution,train,0,0,0,0,0,0,0,0,0,0
nlu_0072_02,medical,domain_term_phonetic_semantic_substitution,unseen,0,0,0,0,0,0,0,0,0,0
nlu_0372_01,legal,domain_term_phonetic_semantic_substitution,train,0,0,0,0,0,0,0,0,0,0
nlu_0103_01,medical,domain_term_phonetic_semantic_substitution,train,0,0,0,0,0,0,0,0,0,0
nlu_0135_06,medical,domain_term_phonetic_semantic_substitution,validation,0,0,0,0,0,0,0,0,0,0
nlu_0500_09,technology,domain_term_phonetic_semantic_substitution,validation,0,0,0,0,0,0,0,1,0,1
nlu_0316_09,legal,domain_term_phonetic_semantic_substitution,train,0,0,0,0,0,0,0,1,1,2
nlu_0074_08,medical,domain_term_phonetic_semantic_substitution,unseen,0,0,0,0,0,0,1,0,0,1
nlu_0541_01,general,domain_term_phonetic_semantic_substitution,train,0,0,0,0,0,0,0,0,0,0
nlu_0244_03,finance,domain_term_phonetic_semantic_substitution,train,0,0,0,0,0,0,0,0,0,0
nlu_0581_04,general,domain_term_phonetic_semantic_substitution,train,0,0,0,0,0,0,0,0,0,0
nlu_0558_01,general,domain_term_phonetic_semantic_substitution,train,0,0,0,0,0,0,0,0,0,0
nlu_0124_06,medical,domain_term_phonetic_semantic_substitution,validation,0,1,0,0,1,0,1,0,0,1
nlu_0226_10,finance,domain_term_phonetic_semantic_substitution,unseen,0,0,0,1,1,0,0,0,1,1
nlu_0548_10,general,domain_term_phonetic_semantic_substitution,validation,0,0,0,0,0,0,0,0,0,0
nlu_0438_10,legal,domain_term_phonetic_semantic_substitution,train,0,0,0,0,0,0,0,0,0,0
nlu_0396_01,legal,domain_term_phonetic_semantic_substitution,train,0,0,0,0,0,0,0,1,0,1
nlu_0549_09,general,domain_term_phonetic_semantic_substitution,train,0,0,0,0,0,0,0,0,0,0
nlu_0098_09,medical,domain_term_phonetic_semantic_substitution,train,0,0,0,0,0,0,0,0,0,0
nlu_0463_04,technology,domain_term_phonetic_semantic_substitution,train,0,0,0,0,0,0,0,0,0,0
nlu_0511_09,general,domain_term_phonetic_semantic_substitution,train,0,0,0,0,0,0,0,0,0,0
nlu_0203_03,finance,domain_term_phonetic_semantic_substitution,train,0,0,0,0,0,0,0,0,0,0
nlu_0353_01,legal,domain_term_phonetic_semantic_substitution,unseen,0,0,0,0,0,0,0,0,0,0
nlu_0529_02,general,domain_term_phonetic_semantic_substitution,train,0,0,0,0,0,0,0,0,0,0
nlu_0035_05,medical,domain_term_phonetic_semantic_substitution,train,0,0,0,0,0,0,0,0,0,0
nlu_0500_10,technology,domain_term_deletion,validation,0,0,0,0,0,0,0,0,0,0
nlu_0092_02,medical,domain_term_phonetic_semantic_substitution,validation,0,0,0,0,0,0,1,0,0,1
nlu_0244_07,finance,domain_term_phonetic_semantic_substitution,train,0,0,0,0,0,0,0,0,0,0
nlu_0005_08,medical,domain_term_phonetic_semantic_substitution,train,0,0,0,0,0,0,0,0,0,0
nlu_0409_01,legal,domain_term_phonetic_semantic_substitution,train,0,0,0,0,0,0,0,0,0,0
nlu_0520_06,general,domain_term_phonetic_semantic_substitution,validation,0,0,0,0,0,0,0,0,0,0
nlu_0045_04,medical,domain_term_phonetic_semantic_substitution,unseen,0,0,0,0,0,0,0,1,1,2
nlu_0360_03,legal,domain_term_phonetic_semantic_substitution,train,0,0,0,0,0,0,0,0,0,0
nlu_0314_01,legal,domain_term_phonetic_semantic_substitution,train,0,0,0,0,0,0,0,0,0,0
nlu_0249_07,finance,domain_term_phonetic_semantic_substitution,train,0,0,0,0,0,0,0,0,0,0
nlu_0571_09,general,domain_term_phonetic_semantic_substitution,train,0,0,0,0,0,0,0,0,0,0
nlu_0190_04,finance,domain_term_phonetic_semantic_substitution,train,0,0,0,0,0,0,0,0,0,0
nlu_0302_08,finance,domain_term_phonetic_semantic_substitution,train,0,0,0,0,0,0,0,0,0,0
nlu_0123_01,medical,domain_term_phonetic_semantic_substitution,validation,0,0,0,0,0,0,0,0,1,1
nlu_0384_01,legal,domain_term_phonetic_semantic_substitution,train,0,0,0,0,0,0,0,0,1,1
nlu_0227_09,finance,domain_term_phonetic_semantic_substitution,train,0,0,0,0,0,0,1,0,1,2
nlu_0106_06,medical,domain_term_phonetic_semantic_substitution,train,0,0,0,0,0,0,0,0,0,0
nlu_0085_09,medical,domain_term_phonetic_semantic_substitution,train,0,0,0,0,0,0,0,0,0,0
nlu_0390_03,legal,domain_term_phonetic_semantic_substitution,unseen,0,0,1,1,2,0,0,1,1,2
nlu_0585_07,general,domain_term_phonetic_semantic_substitution,train,0,0,0,0,0,0,0,0,0,0
nlu_0388_08,legal,domain_term_phonetic_semantic_substitution,unseen,0,0,0,0,0,0,0,1,1,2
nlu_0275_03,finance,domain_term_phonetic_semantic_substitution,unseen,0,0,0,0,0,0,0,0,1,1
nlu_0561_07,general,domain_term_phonetic_semantic_substitution,train,0,0,0,0,0,0,0,0,0,0
nlu_0429_01,legal,domain_term_phonetic_semantic_substitution,train,0,0,0,0,0,0,0,0,0,0
nlu_0133_09,medical,domain_term_phonetic_semantic_substitution,train,0,0,0,0,0,0,0,0,0,0
nlu_0288_05,finance,domain_term_phonetic_semantic_substitution,validation,0,0,0,0,0,0,0,0,0,0
nlu_0464_01,technology,domain_term_phonetic_semantic_substitution,train,0,0,0,0,0,0,0,0,0,0
nlu_0078_07,medical,domain_term_phonetic_semantic_substitution,train,0,0,0,0,0,0,0,1,1,2
nlu_0568_07,general,domain_term_phonetic_semantic_substitution,train,0,0,0,0,0,0,0,0,0,0
nlu_0019_04,medical,domain_term_phonetic_semantic_substitution,train,0,0,0,0,0,0,1,1,1,3
nlu_0313_10,finance,domain_term_phonetic_semantic_substitution,train,0,0,0,0,0,0,0,0,0,0
nlu_0410_09,legal,domain_term_phonetic_semantic_substitution,train,0,0,0,0,0,0,0,0,0,0
nlu_0120_04,medical,domain_term_phonetic_semantic_substitution,train,0,0,0,0,0,0,1,1,0,2
nlu_0365_09,legal,domain_term_phonetic_semantic_substitution,train,0,0,0,0,0,0,0,1,1,2
nlu_0074_05,medical,domain_term_phonetic_semantic_substitution,unseen,0,0,1,1,2,0,1,0,0,1
nlu_0184_06,medical,domain_term_phonetic_semantic_substitution,train,0,0,0,0,0,1,1,1,1,4
nlu_0228_03,finance,domain_term_phonetic_semantic_substitution,train,0,0,0,0,0,0,0,0,0,0
nlu_0380_04,legal,domain_term_phonetic_semantic_substitution,unseen,0,0,0,1,1,0,0,0,1,1
nlu_0049_06,medical,domain_term_phonetic_semantic_substitution,train,0,0,0,0,0,0,1,1,1,3
nlu_0117_04,medical,domain_term_phonetic_semantic_substitution,train,0,0,0,0,0,0,1,1,0,2
nlu_0046_03,medical,domain_term_phonetic_semantic_substitution,train,0,0,0,0,0,0,0,0,0,0
nlu_0230_09,finance,domain_term_phonetic_semantic_substitution,train,0,0,0,0,0,0,0,1,1,2
nlu_0460_05,technology,domain_term_phonetic_semantic_substitution,unseen,0,0,0,0,0,0,0,0,0,0
nlu_0004_01,medical,domain_term_phonetic_semantic_substitution,train,0,0,0,0,0,0,0,0,0,0
nlu_0079_10,medical,domain_term_phonetic_semantic_substitution,validation,0,0,0,0,0,0,0,0,1,1
nlu_0510_09,general,domain_term_phonetic_semantic_substitution,train,0,0,0,0,0,0,0,0,0,0
nlu_0197_06,finance,domain_term_phonetic_semantic_substitution,unseen,0,0,0,0,0,0,0,0,0,0
nlu_0111_10,medical,domain_term_phonetic_semantic_substitution,train,0,0,0,0,0,0,0,0,0,0
nlu_0011_01,medical,domain_term_phonetic_semantic_substitution,train,0,0,0,0,0,0,0,0,0,0
nlu_0398_01,legal,domain_term_phonetic_semantic_substitution,train,0,0,0,0,0,0,0,0,1,1
nlu_0302_03,finance,domain_term_phonetic_semantic_substitution,train,0,0,0,0,0,0,0,0,0,0
nlu_0317_08,legal,domain_term_phonetic_semantic_substitution,train,0,0,0,0,0,0,0,0,0,0
nlu_0473_05,technology,domain_term_phonetic_semantic_substitution,train,0,0,0,0,0,0,0,0,0,0
nlu_0178_01,medical,domain_term_phonetic_semantic_substitution,train,0,0,0,0,0,0,0,1,0,1
nlu_0192_10,finance,domain_term_phonetic_semantic_substitution,validation,0,0,0,0,0,0,1,0,1,2
nlu_0376_06,legal,domain_term_phonetic_semantic_substitution,train,0,0,0,0,0,0,1,1,1,3
nlu_0455_02,technology,domain_term_phonetic_semantic_substitution,validation,0,0,0,0,0,0,0,0,0,0
nlu_0087_02,medical,domain_term_phonetic_semantic_substitution,train,0,0,0,0,0,0,0,0,0,0
nlu_0151_02,medical,domain_term_phonetic_semantic_substitution,validation,0,0,0,0,0,0,0,0,0,0
nlu_0091_04,medical,domain_term_phonetic_semantic_substitution,train,0,0,0,0,0,0,0,1,0,1
nlu_0506_06,general,domain_term_phonetic_semantic_substitution,train,0,0,0,0,0,0,0,0,0,0
nlu_0011_10,medical,domain_term_phonetic_semantic_substitution,train,0,0,0,0,0,0,0,0,0,0
nlu_0537_09,general,domain_term_phonetic_semantic_substitution,train,0,0,0,0,0,0,0,0,0,0
nlu_0588_03,general,domain_term_phonetic_semantic_substitution,train,0,0,0,0,0,0,0,0,0,0
nlu_0504_05,general,domain_term_phonetic_semantic_substitution,train,0,0,0,0,0,0,0,0,0,0
nlu_0440_08,technology,domain_term_phonetic_semantic_substitution,train,0,0,0,0,0,0,0,0,0,0
nlu_0193_07,finance,domain_term_phonetic_semantic_substitution,train,0,0,0,0,0,0,1,1,1,3
nlu_0214_04,finance,domain_term_phonetic_semantic_substitution,train,0,0,0,0,0,0,0,0,0,0
nlu_0353_06,legal,domain_term_phonetic_semantic_substitution,unseen,0,0,1,0,1,0,0,1,0,1
nlu_0587_02,general,domain_term_phonetic_semantic_substitution,train,0,0,0,0,0,0,0,0,0,0
nlu_0466_01,technology,domain_term_phonetic_semantic_substitution,train,0,0,0,0,0,0,0,0,0,0
nlu_0368_02,legal,domain_term_phonetic_semantic_substitution,unseen,0,0,0,0,0,0,0,0,0,0
nlu_0440_04,technology,domain_term_phonetic_semantic_substitution,train,0,0,0,0,0,0,0,1,1,2
nlu_0305_06,finance,domain_term_phonetic_semantic_substitution,train,0,0,0,0,0,0,0,0,0,0
nlu_0555_07,general,domain_term_phonetic_semantic_substitution,train,0,0,0,0,0,0,0,0,0,0
nlu_0517_01,general,domain_term_phonetic_semantic_substitution,train,0,0,0,0,0,0,0,0,0,0
nlu_0564_09,general,domain_term_phonetic_semantic_substitution,train,0,0,0,0,0,0,0,0,0,0
nlu_0389_07,legal,domain_term_phonetic_semantic_substitution,unseen,0,0,1,0,1,0,0,1,1,2
nlu_0110_05,medical,domain_term_phonetic_semantic_substitution,train,0,0,0,0,0,0,0,0,0,0
nlu_0113_02,medical,domain_term_phonetic_semantic_substitution,validation,0,0,0,0,0,0,0,0,0,0
nlu_0252_07,finance,domain_term_phonetic_semantic_substitution,train,0,0,0,0,0,0,0,0,0,0
nlu_0222_01,finance,domain_term_phonetic_semantic_substitution,train,0,0,0,0,0,0,0,0,0,0
nlu_0081_10,medical,domain_term_phonetic_semantic_substitution,unseen,0,0,0,0,0,0,0,0,0,0
nlu_0426_03,legal,domain_term_phonetic_semantic_substitution,train,0,0,0,0,0,0,0,0,0,0
nlu_0328_05,legal,domain_term_phonetic_semantic_substitution,validation,0,0,0,0,0,0,0,0,0,0
nlu_0591_08,general,domain_term_phonetic_semantic_substitution,unseen,0,0,0,0,0,0,0,0,0,0
nlu_0435_04,legal,domain_term_phonetic_semantic_substitution,train,0,0,0,0,0,0,0,1,0,1
nlu_0585_06,general,domain_term_phonetic_semantic_substitution,train,0,0,0,0,0,0,0,0,0,0
nlu_0551_04,general,domain_term_phonetic_semantic_substitution,validation,0,0,0,0,0,0,0,0,0,0
nlu_0566_04,general,domain_term_phonetic_semantic_substitution,unseen,0,0,0,0,0,0,0,0,0,0
nlu_0395_05,legal,domain_term_phonetic_semantic_substitution,train,0,0,0,0,0,0,0,0,0,0
nlu_0504_10,general,domain_term_phonetic_semantic_substitution,train,0,0,0,0,0,0,0,0,0,0
nlu_0255_04,finance,domain_term_phonetic_semantic_substitution,train,0,0,0,0,0,0,0,0,0,0
nlu_0178_04,medical,domain_term_phonetic_semantic_substitution,train,0,0,0,0,0,0,0,0,0,0
nlu_0285_07,finance,domain_term_phonetic_semantic_substitution,unseen,0,0,1,0,1,0,0,1,0,1
nlu_0580_10,general,domain_term_phonetic_semantic_substitution,train,0,0,0,0,0,0,0,0,0,0
nlu_0177_06,medical,domain_term_phonetic_semantic_substitution,train,0,0,0,0,0,0,1,1,1,3
nlu_0390_08,legal,domain_term_phonetic_semantic_substitution,unseen,0,0,0,0,0,0,0,0,1,1
nlu_0563_09,general,domain_term_phonetic_semantic_substitution,train,0,0,0,0,0,0,0,0,0,0
nlu_0176_07,medical,domain_term_phonetic_semantic_substitution,unseen,0,0,1,0,1,0,0,1,1,2
nlu_0235_07,finance,domain_term_phonetic_semantic_substitution,unseen,0,0,0,1,1,0,0,1,1,2
nlu_0300_07,finance,domain_term_phonetic_semantic_substitution,validation,0,0,0,0,0,0,0,0,1,1
nlu_0160_06,medical,domain_term_phonetic_semantic_substitution,unseen,0,0,0,0,0,0,0,1,0,1
nlu_0597_07,general,domain_term_phonetic_semantic_substitution,unseen,0,0,0,0,0,0,0,0,0,0
nlu_0326_03,legal,domain_term_phonetic_semantic_substitution,train,0,0,0,0,0,0,0,0,0,0
nlu_0083_10,medical,domain_term_phonetic_semantic_substitution,validation,0,0,0,0,0,0,0,0,0,0
nlu_0587_05,general,domain_term_phonetic_semantic_substitution,train,0,0,0,0,0,0,0,0,0,0
nlu_0186_09,medical,domain_term_phonetic_semantic_substitution,validation,0,0,0,0,0,0,0,0,0,0
nlu_0044_09,medical,domain_term_phonetic_semantic_substitution,train,0,0,0,0,0,0,0,1,1,2
nlu_0063_08,medical,domain_term_phonetic_semantic_substitution,train,0,0,0,0,0,0,0,0,0,0
nlu_0598_09,general,domain_term_phonetic_semantic_substitution,train,0,0,0,0,0,0,0,0,0,0
nlu_0288_10,finance,domain_term_phonetic_semantic_substitution,validation,0,0,0,0,0,0,0,0,0,0
nlu_0093_06,medical,domain_term_phonetic_semantic_substitution,train,0,0,0,0,0,0,0,0,0,0
nlu_0413_02,legal,domain_term_phonetic_semantic_substitution,train,0,0,0,0,0,0,0,0,0,0
nlu_0488_05,technology,domain_term_phonetic_semantic_substitution,train,0,0,0,0,0,0,0,0,0,0
nlu_0574_07,general,domain_term_phonetic_semantic_substitution,train,0,0,0,0,0,0,0,0,0,0
nlu_0287_06,finance,domain_term_phonetic_semantic_substitution,train,0,0,0,0,0,0,0,0,0,0
nlu_0596_02,general,domain_term_phonetic_semantic_substitution,train,0,0,0,0,0,0,0,0,0,0
nlu_0118_04,medical,domain_term_phonetic_semantic_substitution,train,0,0,0,0,0,0,1,1,0,2
nlu_0337_01,legal,domain_term_phonetic_semantic_substitution,train,0,0,0,0,0,0,0,0,0,0
nlu_0320_08,legal,domain_term_phonetic_semantic_substitution,train,0,0,0,0,0,0,0,0,0,0
nlu_0095_05,medical,domain_term_phonetic_semantic_substitution,unseen,0,0,0,0,0,0,0,1,0,1
nlu_0477_10,technology,domain_term_deletion,train,0,0,0,0,0,0,0,0,0,0
nlu_0229_09,finance,domain_term_phonetic_semantic_substitution,unseen,0,0,0,0,0,0,0,1,1,2
nlu_0002_03,medical,domain_term_phonetic_semantic_substitution,validation,0,0,0,0,0,0,0,0,0,0
nlu_0112_08,medical,domain_term_phonetic_semantic_substitution,train,0,0,0,0,0,0,0,0,0,0
nlu_0437_06,legal,domain_term_phonetic_semantic_substitution,train,0,0,0,0,0,0,0,1,1,2
nlu_0366_06,legal,domain_term_phonetic_semantic_substitution,train,0,0,0,0,0,0,0,0,1,1
nlu_0570_06,general,domain_term_phonetic_semantic_substitution,train,0,0,0,0,0,0,0,0,0,0
nlu_0065_03,medical,domain_term_phonetic_semantic_substitution,train,0,0,0,0,0,0,0,0,0,0
nlu_0259_10,finance,domain_term_phonetic_semantic_substitution,train,0,0,0,0,0,0,0,0,0,0
nlu_0471_08,technology,domain_term_phonetic_semantic_substitution,unseen,0,0,0,0,0,0,0,0,0,0
nlu_0268_09,finance,domain_term_phonetic_semantic_substitution,train,0,0,0,0,0,0,1,1,1,3
nlu_0430_03,legal,domain_term_phonetic_semantic_substitution,unseen,0,0,0,0,0,0,0,0,0,0
nlu_0508_10,general,domain_term_phonetic_semantic_substitution,train,0,0,0,0,0,0,0,0,0,0
nlu_0549_08,general,domain_term_phonetic_semantic_substitution,train,0,0,0,0,0,0,0,0,0,0
nlu_0293_03,finance,domain_term_phonetic_semantic_substitution,train,0,0,0,0,0,0,0,0,0,0
nlu_0254_06,finance,domain_term_phonetic_semantic_substitution,train,0,0,0,0,0,0,1,1,1,3
nlu_0477_06,technology,domain_term_phonetic_semantic_substitution,train,0,0,0,0,0,0,0,1,1,2
nlu_0227_05,finance,domain_term_phonetic_semantic_substitution,train,0,0,0,0,0,0,0,0,0,0
nlu_0066_04,medical,domain_term_phonetic_semantic_substitution,train,0,0,0,0,0,0,1,1,1,3
nlu_0043_10,medical,domain_term_phonetic_semantic_substitution,train,0,0,0,0,0,0,0,0,0,0
nlu_0376_01,legal,domain_term_phonetic_semantic_substitution,train,0,0,0,0,0,0,0,0,0,0
nlu_0332_06,legal,domain_term_phonetic_semantic_substitution,train,0,0,0,0,0,0,0,1,1,2
nlu_0252_08,finance,domain_term_phonetic_semantic_substitution,train,0,0,0,0,0,0,0,0,0,0
nlu_0402_02,legal,domain_term_phonetic_semantic_substitution,train,0,0,0,0,0,0,0,0,0,0
nlu_0317_03,legal,domain_term_phonetic_semantic_substitution,train,0,0,0,0,0,0,0,0,0,0
nlu_0361_06,legal,domain_term_phonetic_semantic_substitution,train,0,0,0,0,0,0,0,0,1,1
nlu_0084_09,medical,domain_term_phonetic_semantic_substitution,train,0,0,0,0,0,0,0,0,0,0
nlu_0109_08,medical,domain_term_phonetic_semantic_substitution,train,0,0,0,0,0,0,0,0,0,0
nlu_0173_09,medical,domain_term_phonetic_semantic_substitution,train,0,0,1,0,1,0,0,1,1,2
nlu_0581_08,general,domain_term_phonetic_semantic_substitution,train,0,0,0,0,0,0,0,0,0,0
nlu_0132_10,medical,domain_term_phonetic_semantic_substitution,train,0,0,0,0,0,0,0,0,0,0
nlu_0134_01,medical,domain_term_phonetic_semantic_substitution,train,0,0,0,0,0,0,0,0,0,0
nlu_0416_05,legal,domain_term_phonetic_semantic_substitution,train,0,0,0,0,0,0,0,0,0,0
nlu_0086_07,medical,domain_term_phonetic_semantic_substitution,train,0,0,0,0,0,0,0,0,1,1
nlu_0142_10,medical,domain_term_phonetic_semantic_substitution,train,0,0,0,0,0,0,0,0,0,0
nlu_0252_06,finance,domain_term_phonetic_semantic_substitution,train,0,0,0,0,0,0,0,1,0,1
nlu_0230_10,finance,domain_term_phonetic_semantic_substitution,train,0,0,0,0,0,0,0,0,0,0
nlu_0354_07,legal,domain_term_phonetic_semantic_substitution,train,0,0,0,0,0,0,0,0,0,0
nlu_0161_09,medical,domain_term_phonetic_semantic_substitution,train,0,0,0,0,0,0,0,1,1,2
nlu_0520_09,general,domain_term_phonetic_semantic_substitution,validation,0,0,0,0,0,0,0,0,0,0
nlu_0070_04,medical,domain_term_phonetic_semantic_substitution,train,0,0,0,0,0,0,1,1,1,3
nlu_0415_01,legal,domain_term_phonetic_semantic_substitution,train,0,0,0,0,0,0,0,0,0,0
nlu_0267_07,finance,domain_term_phonetic_semantic_substitution,train,0,0,0,0,0,0,0,0,0,0
nlu_0019_09,medical,domain_term_phonetic_semantic_substitution,train,0,0,0,0,0,0,0,0,0,0
nlu_0029_08,medical,domain_term_phonetic_semantic_substitution,train,0,0,0,0,0,0,1,1,0,2
nlu_0342_01,legal,domain_term_phonetic_semantic_substitution,train,0,0,0,0,0,0,0,0,0,0
nlu_0554_07,general,domain_term_phonetic_semantic_substitution,train,0,0,0,0,0,0,0,0,0,0
nlu_0421_06,legal,domain_term_phonetic_semantic_substitution,train,0,0,0,0,0,0,0,1,0,1
nlu_0397_07,legal,domain_term_phonetic_semantic_substitution,train,0,0,0,0,0,0,0,0,0,0
nlu_0378_02,legal,domain_term_phonetic_semantic_substitution,train,0,0,0,0,0,0,0,0,0,0
nlu_0322_06,legal,domain_term_phonetic_semantic_substitution,validation,0,0,0,0,0,0,0,1,1,2
nlu_0234_04,finance,domain_term_phonetic_semantic_substitution,unseen,0,0,0,0,0,0,0,0,0,0
nlu_0599_02,general,domain_term_phonetic_semantic_substitution,train,0,0,0,0,0,0,0,0,0,0
nlu_0410_05,legal,domain_term_phonetic_semantic_substitution,train,0,0,0,0,0,0,0,0,0,0
nlu_0215_05,finance,domain_term_phonetic_semantic_substitution,unseen,0,0,0,1,1,0,0,1,1,2
nlu_0299_01,finance,domain_term_phonetic_semantic_substitution,validation,0,0,0,0,0,0,0,0,0,0
nlu_0022_01,medical,domain_term_phonetic_semantic_substitution,train,0,0,0,0,0,0,0,0,0,0
nlu_0561_08,general,domain_term_phonetic_semantic_substitution,train,0,0,0,0,0,0,0,0,0,0
nlu_0500_07,technology,domain_term_phonetic_semantic_substitution,validation,0,0,0,0,0,0,0,0,0,0
nlu_0311_07,finance,domain_term_phonetic_semantic_substitution,train,0,0,0,0,0,0,0,0,0,0
nlu_0008_04,medical,domain_term_phonetic_semantic_substitution,train,0,0,0,0,0,0,1,1,1,3
nlu_0577_06,general,domain_term_phonetic_semantic_substitution,unseen,0,0,0,0,0,0,0,0,0,0
nlu_0283_09,finance,domain_term_phonetic_semantic_substitution,train,0,0,0,0,0,0,0,0,0,0
nlu_0479_03,technology,domain_term_phonetic_semantic_substitution,train,0,0,0,0,0,0,0,0,0,0
nlu_0595_05,general,domain_term_phonetic_semantic_substitution,unseen,0,0,0,0,0,0,0,0,0,0
nlu_0425_07,legal,domain_term_phonetic_semantic_substitution,train,0,0,0,0,0,0,0,1,1,2
nlu_0283_02,finance,domain_term_phonetic_semantic_substitution,train,0,0,0,0,0,0,0,0,0,0
nlu_0331_06,legal,domain_term_phonetic_semantic_substitution,train,0,0,0,0,0,0,0,1,1,2
nlu_0560_05,general,domain_term_phonetic_semantic_substitution,train,0,0,0,0,0,0,0,0,0,0
nlu_0215_06,finance,domain_term_phonetic_semantic_substitution,unseen,0,0,1,0,1,0,0,1,1,2
nlu_0124_02,medical,domain_term_phonetic_semantic_substitution,validation,0,0,0,0,0,0,1,0,0,1
nlu_0536_03,general,domain_term_phonetic_semantic_substitution,train,0,0,0,0,0,0,0,0,0,0
nlu_0335_01,legal,domain_term_phonetic_semantic_substitution,train,0,0,0,0,0,0,0,0,0,0
nlu_0587_07,general,domain_term_phonetic_semantic_substitution,train,0,0,0,0,0,0,0,0,0,0
nlu_0440_02,technology,domain_term_phonetic_semantic_substitution,train,0,0,0,0,0,0,0,0,0,0
nlu_0012_04,medical,domain_term_phonetic_semantic_substitution,train,0,0,0,0,0,0,1,1,1,3
nlu_0509_07,general,domain_term_phonetic_semantic_substitution,train,0,0,0,0,0,0,0,0,0,0
nlu_0426_10,legal,domain_term_phonetic_semantic_substitution,train,0,0,0,0,0,0,0,0,0,0
nlu_0545_02,general,domain_term_phonetic_semantic_substitution,train,0,0,0,0,0,0,0,0,0,0
nlu_0320_06,legal,domain_term_phonetic_semantic_substitution,train,0,0,0,0,0,0,0,1,1,2
nlu_0246_07,finance,domain_term_phonetic_semantic_substitution,train,0,0,0,0,0,0,0,0,0,0
nlu_0295_09,finance,domain_term_phonetic_semantic_substitution,train,0,0,0,0,0,0,0,1,1,2
nlu_0184_10,medical,domain_term_phonetic_semantic_substitution,train,0,0,0,0,0,0,1,1,0,2
nlu_0197_03,finance,domain_term_phonetic_semantic_substitution,unseen,0,0,0,0,0,0,0,0,0,0
nlu_0190_03,finance,domain_term_phonetic_semantic_substitution,train,0,0,0,0,0,0,0,0,0,0
nlu_0183_06,medical,domain_term_phonetic_semantic_substitution,train,0,0,0,0,0,0,1,1,1,3
nlu_0434_10,legal,domain_term_phonetic_semantic_substitution,train,0,0,0,0,0,0,0,0,0,0
nlu_0445_07,technology,domain_term_phonetic_semantic_substitution,train,0,0,0,0,0,0,0,0,0,0
nlu_0346_09,legal,domain_term_phonetic_semantic_substitution,train,0,0,0,0,0,0,0,0,0,0
nlu_0354_06,legal,domain_term_phonetic_semantic_substitution,train,0,0,0,0,0,0,0,1,1,2
nlu_0026_03,medical,domain_term_phonetic_semantic_substitution,unseen,0,0,0,0,0,0,0,0,1,1
nlu_0036_01,medical,domain_term_phonetic_semantic_substitution,train,0,0,0,0,0,0,0,0,0,0
nlu_0276_09,finance,domain_term_phonetic_semantic_substitution,validation,0,0,0,0,0,0,0,1,1,2
nlu_0456_03,technology,domain_term_phonetic_semantic_substitution,train,0,0,0,0,0,0,0,0,0,0
nlu_0046_08,medical,domain_term_phonetic_semantic_substitution,train,0,0,0,0,0,0,0,0,0,0
nlu_0585_05,general,domain_term_phonetic_semantic_substitution,train,0,0,0,0,0,0,0,0,0,0
nlu_0048_10,medical,domain_term_phonetic_semantic_substitution,train,0,0,0,0,0,0,0,0,0,0
nlu_0112_05,medical,domain_term_phonetic_semantic_substitution,train,0,0,0,0,0,0,0,0,0,0
nlu_0080_09,medical,domain_term_phonetic_semantic_substitution,train,0,0,0,0,0,0,0,0,0,0
nlu_0423_02,legal,domain_term_phonetic_semantic_substitution,train,0,0,0,0,0,0,0,0,0,0
nlu_0268_04,finance,domain_term_phonetic_semantic_substitution,train,0,0,0,0,0,0,0,1,0,1
nlu_0310_06,finance,domain_term_phonetic_semantic_substitution,train,0,0,0,0,0,0,0,0,0,0
nlu_0003_07,medical,domain_term_phonetic_semantic_substitution,train,0,0,0,1,1,0,0,0,1,1
nlu_0308_06,finance,domain_term_phonetic_semantic_substitution,train,0,0,0,0,0,0,0,0,0,0
nlu_0276_01,finance,domain_term_phonetic_semantic_substitution,validation,0,0,0,0,0,0,0,0,0,0
nlu_0328_01,legal,domain_term_phonetic_semantic_substitution,validation,0,0,0,0,0,0,0,0,0,0
nlu_0175_08,medical,domain_term_phonetic_semantic_substitution,validation,0,0,0,0,0,0,0,1,0,1
nlu_0129_08,medical,domain_term_phonetic_semantic_substitution,validation,0,0,0,0,0,0,0,0,0,0
nlu_0129_02,medical,domain_term_phonetic_semantic_substitution,validation,0,0,0,0,0,0,0,0,0,0
nlu_0494_05,technology,domain_term_phonetic_semantic_substitution,train,0,0,0,0,0,0,0,0,0,0
nlu_0262_10,finance,domain_term_phonetic_semantic_substitution,train,0,0,0,0,0,0,0,0,0,0
nlu_0207_04,finance,domain_term_phonetic_semantic_substitution,train,0,0,0,0,0,0,0,0,0,0
nlu_0220_02,finance,domain_term_phonetic_semantic_substitution,validation,0,0,0,0,0,0,0,0,0,0
nlu_0465_10,technology,domain_term_phonetic_semantic_substitution,unseen,0,0,0,0,0,0,0,0,0,0
nlu_0516_05,general,domain_term_phonetic_semantic_substitution,validation,0,0,0,0,0,0,0,0,0,0
nlu_0472_08,technology,domain_term_deletion,validation,0,0,0,0,0,0,0,0,0,0
nlu_0196_02,finance,domain_term_phonetic_semantic_substitution,validation,0,0,0,0,0,0,0,0,1,1
nlu_0458_09,technology,domain_term_phonetic_semantic_substitution,train,0,0,0,0,0,0,0,1,1,2
nlu_0292_08,finance,domain_term_phonetic_semantic_substitution,train,0,0,0,0,0,0,0,0,0,0
nlu_0494_06,technology,domain_term_phonetic_semantic_substitution,train,0,0,0,0,0,0,0,0,0,0
nlu_0061_08,medical,domain_term_phonetic_semantic_substitution,train,0,0,0,0,0,0,0,0,0,0
nlu_0410_04,legal,domain_term_phonetic_semantic_substitution,train,0,0,0,0,0,0,0,0,0,0
nlu_0481_04,technology,domain_term_phonetic_semantic_substitution,train,0,0,0,0,0,0,0,0,1,1
nlu_0341_05,legal,domain_term_phonetic_semantic_substitution,train,0,0,0,0,0,0,0,0,0,0
nlu_0586_07,general,domain_term_phonetic_semantic_substitution,unseen,0,0,0,0,0,0,0,0,0,0
nlu_0395_02,legal,domain_term_phonetic_semantic_substitution,train,0,0,0,0,0,0,0,0,0,0
nlu_0486_03,technology,domain_term_phonetic_semantic_substitution,validation,0,0,0,0,0,0,0,0,0,0
nlu_0590_04,general,domain_term_phonetic_semantic_substitution,unseen,0,0,0,0,0,0,0,0,0,0
nlu_0451_07,technology,domain_term_phonetic_semantic_substitution,validation,0,0,0,0,0,0,0,0,0,0
nlu_0021_04,medical,domain_term_phonetic_semantic_substitution,train,0,0,0,0,0,0,0,1,0,1
nlu_0034_10,medical,domain_term_phonetic_semantic_substitution,train,0,0,0,0,0,0,0,1,0,1
nlu_0084_08,medical,domain_term_phonetic_semantic_substitution,train,0,0,0,0,0,0,0,0,0,0
nlu_0436_10,legal,domain_term_phonetic_semantic_substitution,train,0,0,0,0,0,0,0,0,0,0
nlu_0039_08,medical,domain_term_phonetic_semantic_substitution,train,0,0,0,0,0,0,0,1,0,1
nlu_0416_03,legal,domain_term_phonetic_semantic_substitution,train,0,0,0,0,0,0,0,0,0,0
nlu_0483_03,technology,domain_term_phonetic_semantic_substitution,train,0,0,0,0,0,0,0,0,0,0
nlu_0258_07,finance,domain_term_phonetic_semantic_substitution,train,0,0,0,0,0,0,0,0,0,0
nlu_0379_04,legal,domain_term_phonetic_semantic_substitution,train,0,0,0,0,0,0,0,0,1,1
nlu_0303_04,finance,domain_term_phonetic_semantic_substitution,train,0,0,0,0,0,0,0,0,0,0
nlu_0343_07,legal,domain_term_phonetic_semantic_substitution,train,0,0,0,0,0,0,0,0,0,0
nlu_0339_04,legal,domain_term_phonetic_semantic_substitution,train,0,0,0,0,0,0,0,0,0,0
nlu_0467_06,technology,domain_term_phonetic_semantic_substitution,train,0,0,0,0,0,0,0,0,0,0
nlu_0224_04,finance,domain_term_phonetic_semantic_substitution,unseen,0,0,1,0,1,0,0,1,1,2
nlu_0166_01,medical,domain_term_phonetic_semantic_substitution,validation,0,0,1,0,1,0,0,1,1,2
nlu_0325_08,legal,domain_term_phonetic_semantic_substitution,train,0,0,0,0,0,0,0,0,1,1
nlu_0491_07,technology,domain_term_phonetic_semantic_substitution,train,0,0,0,0,0,0,0,1,0,1
nlu_0068_08,medical,domain_term_phonetic_semantic_substitution,unseen,0,0,0,0,0,0,1,0,0,1
nlu_0387_02,legal,domain_term_phonetic_semantic_substitution,validation,0,0,1,1,2,0,0,1,1,2
nlu_0154_10,medical,domain_term_phonetic_semantic_substitution,train,0,0,0,0,0,0,0,0,0,0
nlu_0192_07,finance,domain_term_phonetic_semantic_substitution,validation,0,0,0,0,0,0,1,1,1,3
nlu_0007_02,medical,domain_term_phonetic_semantic_substitution,unseen,0,0,0,0,0,0,0,0,0,0
nlu_0366_10,legal,domain_term_phonetic_semantic_substitution,train,0,0,0,0,0,0,0,1,1,2
nlu_0414_08,legal,domain_term_phonetic_semantic_substitution,validation,0,0,0,0,0,0,0,0,0,0
nlu_0436_08,legal,domain_term_phonetic_semantic_substitution,train,0,0,0,0,0,0,0,0,0,0
nlu_0149_01,medical,domain_term_phonetic_semantic_substitution,train,0,0,0,0,0,0,0,0,0,0
nlu_0080_01,medical,domain_term_phonetic_semantic_substitution,train,0,0,0,0,0,0,0,0,0,0
nlu_0168_01,medical,domain_term_phonetic_semantic_substitution,unseen,0,0,0,0,0,0,0,0,0,0
nlu_0321_09,legal,domain_term_phonetic_semantic_substitution,validation,0,0,0,0,0,0,0,1,1,2
nlu_0544_05,general,domain_term_phonetic_semantic_substitution,train,0,0,0,0,0,0,0,0,0,0
nlu_0312_07,finance,domain_term_phonetic_semantic_substitution,validation,0,0,0,0,0,0,0,0,0,0
nlu_0495_08,technology,domain_term_phonetic_semantic_substitution,train,0,0,0,0,0,0,0,0,0,0
nlu_0424_06,legal,domain_term_phonetic_semantic_substitution,train,0,0,0,0,0,0,0,1,0,1
nlu_0535_02,general,domain_term_phonetic_semantic_substitution,train,0,0,0,0,0,0,0,0,0,0
nlu_0375_10,legal,domain_term_phonetic_semantic_substitution,train,0,0,0,0,0,0,0,0,0,0
nlu_0440_10,technology,domain_term_phonetic_semantic_substitution,train,0,0,0,0,0,0,0,0,0,0
nlu_0260_07,finance,domain_term_phonetic_semantic_substitution,validation,0,0,0,0,0,0,0,0,0,0
nlu_0401_05,legal,domain_term_phonetic_semantic_substitution,train,0,0,0,0,0,0,0,0,0,0
nlu_0210_04,finance,domain_term_phonetic_semantic_substitution,train,0,0,0,0,0,0,0,0,0,0
nlu_0074_04,medical,domain_term_phonetic_semantic_substitution,unseen,0,0,0,1,1,0,1,0,1,2
nlu_0370_01,legal,domain_term_phonetic_semantic_substitution,validation,0,0,0,0,0,0,0,0,0,0
nlu_0455_10,technology,domain_term_phonetic_semantic_substitution,validation,0,0,0,0,0,0,0,0,0,0
nlu_0396_07,legal,domain_term_phonetic_semantic_substitution,train,0,0,0,0,0,0,0,0,0,0
nlu_0509_10,general,domain_term_phonetic_semantic_substitution,train,0,0,0,0,0,0,0,0,0,0
nlu_0185_01,medical,domain_term_phonetic_semantic_substitution,train,0,0,0,0,0,0,0,0,1,1
nlu_0286_02,finance,domain_term_phonetic_semantic_substitution,train,0,0,0,0,0,0,0,0,0,0
nlu_0053_08,medical,domain_term_phonetic_semantic_substitution,train,0,0,0,0,0,0,1,1,1,3
nlu_0331_04,legal,domain_term_phonetic_semantic_substitution,train,0,0,0,0,0,0,0,1,1,2
nlu_0566_10,general,domain_term_phonetic_semantic_substitution,unseen,0,0,0,0,0,0,0,0,0,0
nlu_0251_10,finance,domain_term_phonetic_semantic_substitution,unseen,0,0,0,0,0,0,0,0,0,0
nlu_0223_09,finance,domain_term_phonetic_semantic_substitution,validation,1,1,1,1,4,1,1,1,1,4
nlu_0210_05,finance,domain_term_phonetic_semantic_substitution,train,0,0,0,0,0,0,0,0,0,0
nlu_0434_06,legal,domain_term_phonetic_semantic_substitution,train,0,0,0,0,0,0,0,1,1,2
nlu_0081_04,medical,domain_term_phonetic_semantic_substitution,unseen,0,0,0,0,0,0,0,0,1,1
nlu_0086_08,medical,domain_term_phonetic_semantic_substitution,train,0,0,0,0,0,0,1,0,0,1
nlu_0348_01,legal,domain_term_phonetic_semantic_substitution,train,0,0,0,0,0,0,0,0,0,0
nlu_0242_09,finance,domain_term_phonetic_semantic_substitution,train,0,0,0,0,0,0,0,1,1,2
nlu_0276_05,finance,domain_term_phonetic_semantic_substitution,validation,0,0,0,0,0,0,0,0,0,0
nlu_0468_10,technology,domain_term_phonetic_semantic_substitution,train,0,0,0,0,0,0,0,0,1,1
nlu_0165_04,medical,domain_term_phonetic_semantic_substitution,train,0,0,0,0,0,0,0,1,0,1
nlu_0022_10,medical,domain_term_phonetic_semantic_substitution,train,0,0,0,0,0,0,1,1,1,3
nlu_0518_05,general,domain_term_phonetic_semantic_substitution,unseen,0,0,0,0,0,0,0,0,0,0
nlu_0129_09,medical,domain_term_phonetic_semantic_substitution,validation,0,0,1,0,1,0,0,1,0,1
nlu_0112_06,medical,domain_term_phonetic_semantic_substitution,train,0,0,0,0,0,0,0,0,0,0
nlu_0059_03,medical,domain_term_phonetic_semantic_substitution,validation,0,0,0,0,0,0,0,0,0,0
nlu_0317_02,legal,domain_term_phonetic_semantic_substitution,train,0,0,0,0,0,0,0,0,0,0
nlu_0005_04,medical,domain_term_phonetic_semantic_substitution,train,0,0,0,0,0,0,1,1,1,3
nlu_0578_02,general,domain_term_phonetic_semantic_substitution,validation,0,0,0,0,0,0,0,0,0,0
nlu_0246_02,finance,domain_term_phonetic_semantic_substitution,train,0,0,0,0,0,0,0,0,0,0
nlu_0595_10,general,domain_term_phonetic_semantic_substitution,unseen,0,0,0,0,0,0,0,0,0,0
nlu_0153_01,medical,domain_term_phonetic_semantic_substitution,validation,0,0,0,0,0,0,0,0,0,0
nlu_0313_09,finance,domain_term_phonetic_semantic_substitution,train,0,0,0,0,0,0,0,0,0,0
nlu_0214_02,finance,domain_term_phonetic_semantic_substitution,train,0,0,0,0,0,0,0,0,0,0
nlu_0175_05,medical,domain_term_phonetic_semantic_substitution,validation,0,0,0,0,0,0,0,1,0,1
nlu_0579_10,general,domain_term_phonetic_semantic_substitution,train,0,0,0,0,0,0,0,0,0,0
nlu_0123_05,medical,domain_term_phonetic_semantic_substitution,validation,0,0,0,0,0,0,0,0,0,0
nlu_0280_10,finance,domain_term_phonetic_semantic_substitution,train,0,0,0,0,0,0,0,0,0,0
nlu_0108_02,medical,domain_term_phonetic_semantic_substitution,train,0,0,0,0,0,0,0,0,0,0
nlu_0072_09,medical,domain_term_phonetic_semantic_substitution,unseen,0,0,0,0,0,0,0,0,0,0
nlu_0436_07,legal,domain_term_phonetic_semantic_substitution,train,0,0,0,0,0,0,0,0,0,0
nlu_0197_02,finance,domain_term_phonetic_semantic_substitution,unseen,0,0,0,0,0,0,0,0,1,1
nlu_0068_01,medical,domain_term_phonetic_semantic_substitution,unseen,0,0,0,0,0,0,0,0,0,0
nlu_0390_04,legal,domain_term_phonetic_semantic_substitution,unseen,0,0,1,1,2,0,0,1,1,2
nlu_0311_03,finance,domain_term_phonetic_semantic_substitution,train,0,0,0,0,0,0,0,0,0,0
nlu_0205_06,finance,domain_term_phonetic_semantic_substitution,validation,0,0,0,0,0,0,0,0,0,0
nlu_0480_08,technology,domain_term_phonetic_semantic_substitution,train,0,0,0,0,0,0,0,0,0,0
nlu_0596_04,general,domain_term_phonetic_semantic_substitution,train,0,0,0,0,0,0,0,0,0,0
nlu_0090_08,medical,domain_term_phonetic_semantic_substitution,unseen,0,0,0,0,0,0,1,0,0,1
nlu_0126_09,medical,domain_term_phonetic_semantic_substitution,train,0,0,0,0,0,0,0,0,0,0
nlu_0286_06,finance,domain_term_phonetic_semantic_substitution,train,0,0,0,0,0,0,0,1,1,2
nlu_0010_06,medical,domain_term_phonetic_semantic_substitution,validation,0,0,0,0,0,0,0,0,0,0
nlu_0303_02,finance,domain_term_phonetic_semantic_substitution,train,0,0,0,0,0,0,0,0,0,0
nlu_0328_07,legal,domain_term_phonetic_semantic_substitution,validation,0,0,1,1,2,0,0,1,1,2
nlu_0085_03,medical,domain_term_phonetic_semantic_substitution,train,0,0,0,0,0,0,0,0,0,0
nlu_0404_05,legal,domain_term_phonetic_semantic_substitution,train,0,0,0,0,0,0,0,0,0,0
nlu_0271_06,finance,domain_term_phonetic_semantic_substitution,unseen,0,1,0,0,1,0,1,0,0,1
nlu_0498_06,technology,domain_term_phonetic_semantic_substitution,train,0,0,0,0,0,0,0,0,0,0
nlu_0262_09,finance,domain_term_phonetic_semantic_substitution,train,0,0,0,0,0,1,1,1,1,4
nlu_0342_09,legal,domain_term_phonetic_semantic_substitution,train,0,0,0,0,0,0,1,1,1,3
nlu_0464_02,technology,domain_term_phonetic_semantic_substitution,train,0,0,0,0,0,0,0,0,0,0
nlu_0516_02,general,domain_term_phonetic_semantic_substitution,validation,0,0,0,0,0,0,0,0,0,0
nlu_0033_03,medical,domain_term_phonetic_semantic_substitution,unseen,0,0,0,0,0,0,0,0,0,0
nlu_0436_06,legal,domain_term_phonetic_semantic_substitution,train,0,0,0,0,0,0,0,0,1,1
nlu_0214_03,finance,domain_term_phonetic_semantic_substitution,train,0,0,0,0,0,0,0,1,1,2
nlu_0373_08,legal,domain_term_phonetic_semantic_substitution,train,0,0,0,0,0,0,0,0,0,0
nlu_0034_05,medical,domain_term_phonetic_semantic_substitution,train,0,0,0,0,0,0,0,0,0,0
nlu_0265_05,finance,domain_term_phonetic_semantic_substitution,train,0,0,0,0,0,0,0,0,0,0
nlu_0034_03,medical,domain_term_phonetic_semantic_substitution,train,0,0,0,0,0,0,0,0,0,0
nlu_0084_04,medical,domain_term_phonetic_semantic_substitution,train,0,0,0,0,0,0,1,1,1,3
nlu_0254_05,finance,domain_term_phonetic_semantic_substitution,train,0,0,0,0,0,0,0,0,0,0
nlu_0217_08,finance,domain_term_phonetic_semantic_substitution,unseen,0,0,0,0,0,0,0,0,0,0
nlu_0226_02,finance,domain_term_phonetic_semantic_substitution,unseen,0,0,0,1,1,0,0,0,1,1
nlu_0189_07,finance,domain_term_phonetic_semantic_substitution,train,0,0,0,0,0,0,1,1,1,3
nlu_0217_07,finance,domain_term_phonetic_semantic_substitution,unseen,0,0,0,0,0,0,0,0,0,0
nlu_0074_02,medical,domain_term_phonetic_semantic_substitution,unseen,0,0,0,0,0,0,0,0,1,1
nlu_0170_06,medical,domain_term_phonetic_semantic_substitution,train,0,0,0,0,0,0,0,0,0,0
nlu_0030_02,medical,domain_term_phonetic_semantic_substitution,validation,0,0,0,0,0,0,0,0,1,1
nlu_0019_05,medical,domain_term_phonetic_semantic_substitution,train,0,0,0,0,0,0,0,0,0,0
nlu_0473_07,technology,domain_term_phonetic_semantic_substitution,train,0,0,0,0,0,0,0,0,0,0
nlu_0477_04,technology,domain_term_phonetic_semantic_substitution,train,0,0,0,0,0,0,0,0,1,1
nlu_0322_02,legal,domain_term_phonetic_semantic_substitution,validation,0,0,0,0,0,0,0,0,0,0
nlu_0054_04,medical,domain_term_phonetic_semantic_substitution,train,0,0,0,0,0,0,1,1,1,3
nlu_0284_06,finance,domain_term_phonetic_semantic_substitution,validation,0,0,0,0,0,0,0,0,0,0
nlu_0272_06,finance,domain_term_phonetic_semantic_substitution,unseen,0,0,0,0,0,0,1,1,1,3
nlu_0390_09,legal,domain_term_phonetic_semantic_substitution,unseen,0,0,1,1,2,0,0,1,1,2
nlu_0317_09,legal,domain_term_phonetic_semantic_substitution,train,0,0,0,0,0,0,0,1,1,2
nlu_0066_08,medical,domain_term_phonetic_semantic_substitution,train,0,0,0,0,0,0,0,0,0,0
nlu_0126_06,medical,domain_term_phonetic_semantic_substitution,train,0,0,0,0,0,0,0,0,0,0
nlu_0273_03,finance,domain_term_phonetic_semantic_substitution,train,0,0,0,0,0,0,0,0,0,0
nlu_0274_03,finance,domain_term_phonetic_semantic_substitution,unseen,0,0,0,0,0,0,0,0,0,0
nlu_0249_02,finance,domain_term_phonetic_semantic_substitution,train,0,0,0,0,0,0,0,0,0,0
nlu_0509_08,general,domain_term_phonetic_semantic_substitution,train,0,0,0,0,0,0,0,0,0,0
nlu_0090_09,medical,domain_term_phonetic_semantic_substitution,unseen,0,0,0,0,0,0,0,0,0,0
nlu_0043_09,medical,domain_term_phonetic_semantic_substitution,train,0,0,0,0,0,0,1,1,1,3
nlu_0545_09,general,domain_term_phonetic_semantic_substitution,train,0,0,0,0,0,0,0,0,0,0
nlu_0200_03,finance,domain_term_phonetic_semantic_substitution,train,0,0,0,0,0,0,0,0,0,0
nlu_0201_05,finance,domain_term_phonetic_semantic_substitution,train,0,0,0,0,0,0,0,0,0,0
nlu_0144_07,medical,domain_term_phonetic_semantic_substitution,train,0,0,0,0,0,0,0,0,0,0
nlu_0543_10,general,domain_term_phonetic_semantic_substitution,train,0,0,0,0,0,0,0,0,0,0
nlu_0123_03,medical,domain_term_phonetic_semantic_substitution,validation,0,0,0,0,0,0,0,0,1,1
nlu_0289_08,finance,domain_term_phonetic_semantic_substitution,train,0,0,0,0,0,0,0,0,0,0
nlu_0234_08,finance,domain_term_phonetic_semantic_substitution,unseen,0,0,0,0,0,0,0,0,0,0
nlu_0352_06,legal,domain_term_phonetic_semantic_substitution,train,0,0,0,0,0,0,0,0,0,0
nlu_0452_10,technology,domain_term_phonetic_semantic_substitution,train,0,0,0,0,0,0,0,0,0,0
nlu_0592_01,general,domain_term_deletion,train,0,0,0,0,0,0,0,0,0,0
nlu_0472_04,technology,domain_term_phonetic_semantic_substitution,validation,0,0,0,0,0,0,0,0,0,0
nlu_0285_08,finance,domain_term_phonetic_semantic_substitution,unseen,0,0,0,0,0,0,0,0,0,0
nlu_0434_07,legal,domain_term_phonetic_semantic_substitution,train,0,0,0,0,0,0,0,0,0,0
nlu_0339_07,legal,domain_term_phonetic_semantic_substitution,train,0,0,0,0,0,0,0,0,0,0
nlu_0173_02,medical,domain_term_phonetic_semantic_substitution,train,0,0,0,0,0,0,0,0,0,0
nlu_0241_05,finance,domain_term_phonetic_semantic_substitution,train,0,0,0,0,0,0,0,0,0,0
nlu_0182_09,medical,domain_term_phonetic_semantic_substitution,train,0,0,0,0,0,0,0,0,1,1
nlu_0542_09,general,domain_term_phonetic_semantic_substitution,train,0,0,0,0,0,0,0,0,0,0
nlu_0268_07,finance,domain_term_phonetic_semantic_substitution,train,0,0,0,0,0,0,0,0,0,0
nlu_0496_06,technology,domain_term_phonetic_semantic_substitution,train,0,0,0,0,0,0,0,0,0,0
nlu_0362_03,legal,domain_term_phonetic_semantic_substitution,train,0,0,0,0,0,0,0,0,0,0
nlu_0373_09,legal,domain_term_phonetic_semantic_substitution,train,0,0,0,0,0,0,1,1,1,3
nlu_0291_06,finance,domain_term_phonetic_semantic_substitution,train,0,0,0,0,0,0,0,1,1,2
nlu_0142_01,medical,domain_term_phonetic_semantic_substitution,train,0,0,0,0,0,0,0,0,0,0
nlu_0435_03,legal,domain_term_phonetic_semantic_substitution,train,0,0,0,0,0,0,0,1,1,2
nlu_0401_03,legal,domain_term_phonetic_semantic_substitution,train,0,0,0,0,0,0,0,1,1,2
nlu_0572_04,general,domain_term_phonetic_semantic_substitution,unseen,0,0,0,0,0,0,0,0,0,0
nlu_0217_05,finance,domain_term_phonetic_semantic_substitution,unseen,0,0,1,1,2,0,0,1,0,1
nlu_0184_02,medical,domain_term_phonetic_semantic_substitution,train,0,0,0,0,0,0,0,0,0,0
nlu_0113_07,medical,domain_term_phonetic_semantic_substitution,validation,0,0,0,0,0,0,0,0,0,0
nlu_0438_02,legal,domain_term_phonetic_semantic_substitution,train,0,0,0,0,0,0,0,0,0,0
nlu_0564_08,general,domain_term_phonetic_semantic_substitution,train,0,0,0,0,0,0,0,0,0,0
nlu_0593_03,general,domain_term_phonetic_semantic_substitution,unseen,0,0,0,0,0,0,0,0,0,0
nlu_0379_01,legal,domain_term_phonetic_semantic_substitution,train,0,0,0,0,0,0,0,0,1,1
nlu_0031_05,medical,domain_term_phonetic_semantic_substitution,unseen,0,0,0,0,0,0,1,1,1,3
nlu_0190_08,finance,domain_term_phonetic_semantic_substitution,train,0,0,0,0,0,0,0,0,0,0
nlu_0130_03,medical,domain_term_phonetic_semantic_substitution,train,0,0,0,0,0,0,0,0,0,0
nlu_0008_01,medical,domain_term_phonetic_semantic_substitution,train,0,0,0,0,0,0,0,0,0,0
nlu_0415_05,legal,domain_term_phonetic_semantic_substitution,train,0,0,0,0,0,0,0,0,0,0
nlu_0131_06,medical,domain_term_phonetic_semantic_substitution,train,0,0,0,0,0,0,0,0,0,0
nlu_0279_01,finance,domain_term_phonetic_semantic_substitution,train,0,0,0,0,0,0,0,0,0,0
nlu_0526_02,general,domain_term_phonetic_semantic_substitution,train,0,0,0,0,0,0,0,0,0,0
nlu_0423_05,legal,domain_term_phonetic_semantic_substitution,train,0,0,0,0,0,0,0,0,0,0
nlu_0167_06,medical,domain_term_phonetic_semantic_substitution,unseen,0,0,0,0,0,0,0,0,0,0
nlu_0135_01,medical,domain_term_phonetic_semantic_substitution,validation,0,0,0,0,0,0,0,0,0,0
nlu_0084_02,medical,domain_term_phonetic_semantic_substitution,train,0,0,0,0,0,0,0,0,0,0
nlu_0258_02,finance,domain_term_phonetic_semantic_substitution,train,0,0,0,0,0,0,0,0,0,0
nlu_0146_07,medical,domain_term_phonetic_semantic_substitution,train,0,0,0,0,0,0,0,1,0,1
nlu_0321_08,legal,domain_term_phonetic_semantic_substitution,validation,0,0,0,0,0,0,0,0,0,0
nlu_0325_07,legal,domain_term_phonetic_semantic_substitution,train,0,0,0,1,1,0,0,0,1,1
nlu_0024_09,medical,domain_term_phonetic_semantic_substitution,train,0,0,0,0,0,0,0,0,0,0
nlu_0010_03,medical,domain_term_phonetic_semantic_substitution,validation,0,0,0,0,0,0,0,0,0,0
nlu_0571_10,general,domain_term_phonetic_semantic_substitution,train,0,0,0,0,0,0,0,0,0,0
nlu_0295_05,finance,domain_term_phonetic_semantic_substitution,train,0,0,0,0,0,0,0,0,0,0
nlu_0252_10,finance,domain_term_phonetic_semantic_substitution,train,0,0,0,0,0,0,0,0,0,0
nlu_0278_02,finance,domain_term_phonetic_semantic_substitution,train,0,0,0,0,0,0,0,0,0,0
nlu_0261_04,finance,domain_term_phonetic_semantic_substitution,validation,0,0,1,1,2,0,0,1,1,2
nlu_0531_07,general,domain_term_phonetic_semantic_substitution,train,0,0,0,0,0,0,0,0,0,0
nlu_0344_10,legal,domain_term_phonetic_semantic_substitution,train,0,0,0,0,0,0,0,0,0,0
nlu_0101_02,medical,domain_term_phonetic_semantic_substitution,train,0,0,0,0,0,0,0,0,0,0
nlu_0205_03,finance,domain_term_phonetic_semantic_substitution,validation,0,0,0,0,0,0,0,0,0,0
nlu_0518_09,general,domain_term_phonetic_semantic_substitution,unseen,0,0,0,0,0,0,0,0,0,0
nlu_0343_09,legal,domain_term_phonetic_semantic_substitution,train,0,0,0,0,0,0,0,0,0,0
nlu_0262_06,finance,domain_term_phonetic_semantic_substitution,train,0,0,0,0,0,0,0,0,0,0
nlu_0151_05,medical,domain_term_phonetic_semantic_substitution,validation,0,0,0,0,0,0,0,0,0,0
nlu_0096_08,medical,domain_term_phonetic_semantic_substitution,unseen,0,0,0,0,0,0,1,0,0,1
nlu_0381_02,legal,domain_term_phonetic_semantic_substitution,train,0,0,0,0,0,0,0,0,0,0
nlu_0532_03,general,domain_term_phonetic_semantic_substitution,train,0,0,0,0,0,0,0,0,0,0
nlu_0477_02,technology,domain_term_phonetic_semantic_substitution,train,0,0,0,0,0,0,0,0,0,0
nlu_0154_03,medical,domain_term_phonetic_semantic_substitution,train,0,0,0,0,0,0,0,0,0,0
nlu_0231_03,finance,domain_term_phonetic_semantic_substitution,train,0,0,0,0,0,0,0,0,0,0
nlu_0042_02,medical,domain_term_phonetic_semantic_substitution,train,0,0,0,0,0,0,0,0,0,0
nlu_0141_06,medical,domain_term_phonetic_semantic_substitution,train,0,0,0,0,0,0,0,0,0,0
nlu_0335_08,legal,domain_term_phonetic_semantic_substitution,train,0,0,0,0,0,0,0,0,0,0
nlu_0576_09,general,domain_term_phonetic_semantic_substitution,train,0,0,0,0,0,0,0,0,0,0
nlu_0179_09,medical,domain_term_phonetic_semantic_substitution,train,0,0,0,0,0,0,0,0,0,0
nlu_0289_02,finance,domain_term_phonetic_semantic_substitution,train,0,0,0,0,0,0,0,0,0,0
nlu_0306_01,finance,domain_term_phonetic_semantic_substitution,validation,0,0,0,0,0,0,0,0,0,0
nlu_0209_08,finance,domain_term_phonetic_semantic_substitution,train,0,0,0,0,0,0,0,0,0,0
nlu_0104_05,medical,domain_term_phonetic_semantic_substitution,unseen,0,0,0,0,0,0,0,0,0,0
nlu_0527_04,general,domain_term_phonetic_semantic_substitution,validation,0,0,0,0,0,0,0,0,0,0
nlu_0589_06,general,domain_term_phonetic_semantic_substitution,train,0,0,0,0,0,0,0,0,0,0
nlu_0523_01,general,domain_term_phonetic_semantic_substitution,train,0,0,0,0,0,0,0,0,0,0
nlu_0094_02,medical,domain_term_phonetic_semantic_substitution,train,0,0,0,0,0,0,1,0,1,2
nlu_0548_02,general,domain_term_phonetic_semantic_substitution,validation,0,0,0,0,0,0,0,0,0,0
nlu_0333_09,legal,domain_term_phonetic_semantic_substitution,unseen,0,0,0,1,1,0,0,0,1,1
nlu_0064_04,medical,domain_term_phonetic_semantic_substitution,train,0,0,0,0,0,0,1,1,0,2
nlu_0175_02,medical,domain_term_phonetic_semantic_substitution,validation,0,0,0,0,0,0,0,0,0,0
nlu_0050_09,medical,domain_term_phonetic_semantic_substitution,train,0,0,0,0,0,0,0,0,0,0
nlu_0094_08,medical,domain_term_phonetic_semantic_substitution,train,0,0,0,0,0,0,0,0,0,0
nlu_0042_06,medical,domain_term_phonetic_semantic_substitution,train,0,0,0,0,0,0,0,1,0,1
nlu_0233_09,finance,domain_term_phonetic_semantic_substitution,validation,0,0,0,1,1,0,0,1,1,2
nlu_0328_10,legal,domain_term_phonetic_semantic_substitution,validation,0,0,0,1,1,0,0,0,1,1
nlu_0359_07,legal,domain_term_phonetic_semantic_substitution,train,0,0,0,0,0,0,0,0,0,0
nlu_0437_08,legal,domain_term_phonetic_semantic_substitution,train,0,0,0,0,0,0,0,0,0,0
nlu_0492_03,technology,domain_term_phonetic_semantic_substitution,validation,0,0,0,0,0,0,0,0,0,0
nlu_0076_08,medical,domain_term_phonetic_semantic_substitution,train,0,0,0,0,0,0,1,0,0,1
nlu_0162_07,medical,domain_term_phonetic_semantic_substitution,train,0,0,0,0,0,0,0,1,1,2
nlu_0105_02,medical,domain_term_phonetic_semantic_substitution,unseen,0,0,0,0,0,0,0,0,0,0
nlu_0364_02,legal,domain_term_phonetic_semantic_substitution,unseen,0,0,0,0,0,0,0,0,0,0
nlu_0466_04,technology,domain_term_phonetic_semantic_substitution,train,0,0,0,0,0,0,0,0,1,1
nlu_0447_05,technology,domain_term_phonetic_semantic_substitution,train,0,0,0,0,0,0,0,0,0,0
nlu_0247_03,finance,domain_term_phonetic_semantic_substitution,train,0,0,0,0,0,0,0,0,0,0
nlu_0060_07,medical,domain_term_phonetic_semantic_substitution,train,0,0,0,0,0,0,0,1,0,1
nlu_0405_04,legal,domain_term_phonetic_semantic_substitution,train,0,0,0,0,0,0,0,0,1,1
nlu_0277_04,finance,domain_term_phonetic_semantic_substitution,unseen,0,0,1,0,1,0,0,1,0,1
nlu_0107_09,medical,domain_term_phonetic_semantic_substitution,train,0,0,0,0,0,0,0,0,0,0
nlu_0220_06,finance,domain_term_phonetic_semantic_substitution,validation,0,1,1,1,3,0,1,1,1,3
nlu_0304_10,finance,domain_term_phonetic_semantic_substitution,train,0,0,0,0,0,0,0,0,0,0
nlu_0561_05,general,domain_term_phonetic_semantic_substitution,train,0,0,0,0,0,0,0,0,0,0
nlu_0323_08,legal,domain_term_phonetic_semantic_substitution,unseen,0,0,0,0,0,0,0,0,0,0
nlu_0066_03,medical,domain_term_phonetic_semantic_substitution,train,0,0,0,0,0,0,0,0,0,0
nlu_0463_05,technology,domain_term_phonetic_semantic_substitution,train,0,0,0,0,0,0,0,0,0,0
nlu_0534_02,general,domain_term_phonetic_semantic_substitution,validation,0,0,0,0,0,0,0,0,0,0
nlu_0517_08,general,domain_term_phonetic_semantic_substitution,train,0,0,0,0,0,0,0,0,0,0
nlu_0272_07,finance,domain_term_phonetic_semantic_substitution,unseen,0,0,0,0,0,0,0,1,1,2
nlu_0486_04,technology,domain_term_phonetic_semantic_substitution,validation,0,0,0,0,0,0,0,1,1,2
nlu_0591_02,general,domain_term_phonetic_semantic_substitution,unseen,0,0,0,0,0,0,0,0,0,0
nlu_0270_10,finance,domain_term_phonetic_semantic_substitution,train,0,0,0,0,0,0,0,0,0,0
nlu_0455_06,technology,domain_term_phonetic_semantic_substitution,validation,0,0,0,0,0,0,0,0,0,0
nlu_0008_06,medical,domain_term_phonetic_semantic_substitution,train,0,0,0,0,0,0,0,0,0,0
nlu_0367_07,legal,domain_term_phonetic_semantic_substitution,train,0,0,0,0,0,0,0,0,0,0
nlu_0593_05,general,domain_term_phonetic_semantic_substitution,unseen,0,0,0,0,0,0,0,0,0,0
nlu_0293_10,finance,domain_term_phonetic_semantic_substitution,train,0,0,0,0,0,0,0,0,0,0
nlu_0553_09,general,domain_term_phonetic_semantic_substitution,train,0,0,0,0,0,0,0,0,0,0
nlu_0596_06,general,domain_term_phonetic_semantic_substitution,train,0,0,0,0,0,0,0,0,0,0
nlu_0381_04,legal,domain_term_phonetic_semantic_substitution,train,0,0,0,0,0,0,0,1,1,2
nlu_0503_06,general,domain_term_phonetic_semantic_substitution,train,0,0,0,0,0,0,0,0,0,0
nlu_0529_03,general,domain_term_phonetic_semantic_substitution,train,0,0,0,0,0,0,0,0,0,0
nlu_0249_05,finance,domain_term_phonetic_semantic_substitution,train,0,0,0,0,0,0,0,0,0,0
nlu_0480_02,technology,domain_term_phonetic_semantic_substitution,train,0,0,0,0,0,0,0,0,0,0
nlu_0102_01,medical,domain_term_phonetic_semantic_substitution,validation,0,0,0,0,0,0,0,0,0,0
nlu_0103_10,medical,domain_term_phonetic_semantic_substitution,train,0,0,0,0,0,0,0,0,0,0
nlu_0285_03,finance,domain_term_phonetic_semantic_substitution,unseen,0,0,0,0,0,0,0,0,0,0
nlu_0083_09,medical,domain_term_phonetic_semantic_substitution,validation,0,0,1,0,1,0,0,1,0,1
nlu_0271_07,finance,domain_term_phonetic_semantic_substitution,unseen,0,0,0,0,0,0,0,0,1,1
nlu_0188_07,medical,domain_term_phonetic_semantic_substitution,train,0,0,0,0,0,0,0,0,0,0
nlu_0010_07,medical,domain_term_phonetic_semantic_substitution,validation,0,0,0,0,0,0,0,0,0,0
nlu_0338_09,legal,domain_term_phonetic_semantic_substitution,train,0,0,0,0,0,0,1,1,1,3
nlu_0460_08,technology,domain_term_deletion,unseen,0,0,0,0,0,0,0,0,0,0
nlu_0460_06,technology,domain_term_phonetic_semantic_substitution,unseen,0,0,0,0,0,0,0,0,0,0
nlu_0485_02,technology,domain_term_phonetic_semantic_substitution,train,0,0,0,0,0,0,0,0,0,0
nlu_0121_01,medical,domain_term_phonetic_semantic_substitution,train,0,0,0,0,0,0,0,0,0,0
nlu_0063_02,medical,domain_term_phonetic_semantic_substitution,train,0,0,0,0,0,0,0,0,0,0
nlu_0546_04,general,domain_term_phonetic_semantic_substitution,train,0,0,0,0,0,0,0,0,0,0
nlu_0142_03,medical,domain_term_phonetic_semantic_substitution,train,0,0,0,0,0,0,0,0,0,0
nlu_0057_07,medical,domain_term_phonetic_semantic_substitution,validation,0,0,0,0,0,0,0,1,0,1
nlu_0055_04,medical,domain_term_phonetic_semantic_substitution,validation,0,0,0,1,1,0,1,1,1,3
nlu_0134_05,medical,domain_term_phonetic_semantic_substitution,train,0,0,0,0,0,0,0,0,0,0
nlu_0430_10,legal,domain_term_phonetic_semantic_substitution,unseen,0,0,0,0,0,0,0,0,0,0
nlu_0006_02,medical,domain_term_phonetic_semantic_substitution,validation,0,0,0,0,0,0,0,0,0,0
nlu_0505_07,general,domain_term_phonetic_semantic_substitution,train,0,0,0,0,0,0,0,0,0,0
nlu_0207_08,finance,domain_term_phonetic_semantic_substitution,train,0,0,0,0,0,0,0,0,0,0
nlu_0388_03,legal,domain_term_phonetic_semantic_substitution,unseen,0,0,1,0,1,0,0,1,0,1
nlu_0156_09,medical,domain_term_phonetic_semantic_substitution,train,0,0,0,0,0,0,0,0,0,0
nlu_0075_06,medical,domain_term_phonetic_semantic_substitution,train,0,0,0,0,0,0,0,0,0,0
nlu_0453_06,technology,domain_term_phonetic_semantic_substitution,train,0,0,0,0,0,0,0,0,0,0
nlu_0468_02,technology,domain_term_phonetic_semantic_substitution,train,0,0,0,0,0,0,0,0,0,0
nlu_0147_08,medical,domain_term_phonetic_semantic_substitution,unseen,0,0,0,0,0,0,0,0,0,0
nlu_0447_03,technology,domain_term_phonetic_semantic_substitution,train,0,0,0,0,0,0,0,0,0,0
nlu_0020_06,medical,domain_term_phonetic_semantic_substitution,train,0,0,0,0,0,0,0,0,0,0
nlu_0341_01,legal,domain_term_phonetic_semantic_substitution,train,0,0,0,0,0,0,0,0,0,0
nlu_0427_08,legal,domain_term_phonetic_semantic_substitution,train,0,0,0,0,0,0,0,0,0,0
nlu_0378_10,legal,domain_term_phonetic_semantic_substitution,train,0,0,0,0,0,0,0,0,0,0
nlu_0081_03,medical,domain_term_phonetic_semantic_substitution,unseen,0,0,0,0,0,0,0,0,1,1
nlu_0162_09,medical,domain_term_phonetic_semantic_substitution,train,0,0,1,1,2,0,0,1,1,2
nlu_0519_07,general,domain_term_phonetic_semantic_substitution,train,0,0,0,0,0,0,0,0,0,0
nlu_0444_08,technology,domain_term_phonetic_semantic_substitution,train,0,0,0,0,0,0,0,0,0,0
nlu_0063_01,medical,domain_term_phonetic_semantic_substitution,train,0,0,0,0,0,0,0,0,0,0
nlu_0534_10,general,domain_term_phonetic_semantic_substitution,validation,0,0,0,0,0,0,0,0,0,0
nlu_0415_09,legal,domain_term_phonetic_semantic_substitution,train,0,0,0,0,0,0,0,0,0,0
nlu_0363_07,legal,domain_term_phonetic_semantic_substitution,train,0,0,0,0,0,0,0,0,0,0
nlu_0412_03,legal,domain_term_phonetic_semantic_substitution,train,0,0,0,0,0,0,0,0,0,0
nlu_0341_07,legal,domain_term_phonetic_semantic_substitution,train,0,0,0,0,0,0,0,0,0,0
nlu_0339_05,legal,domain_term_phonetic_semantic_substitution,train,0,0,0,0,0,0,0,0,0,0
nlu_0065_05,medical,domain_term_phonetic_semantic_substitution,train,0,0,0,0,0,0,0,0,0,0
nlu_0279_10,finance,domain_term_phonetic_semantic_substitution,train,0,0,0,0,0,0,0,0,0,0
nlu_0544_07,general,domain_term_phonetic_semantic_substitution,train,0,0,0,0,0,0,0,0,0,0
nlu_0179_10,medical,domain_term_phonetic_semantic_substitution,train,0,0,0,0,0,0,0,1,1,2
nlu_0107_02,medical,domain_term_phonetic_semantic_substitution,train,0,0,0,0,0,0,0,0,0,0
nlu_0416_08,legal,domain_term_phonetic_semantic_substitution,train,0,0,0,0,0,0,0,0,0,0
nlu_0460_10,technology,domain_term_deletion,unseen,0,0,0,0,0,0,0,0,0,0
nlu_0013_01,medical,domain_term_phonetic_semantic_substitution,train,0,0,0,0,0,0,0,0,0,0
nlu_0292_07,finance,domain_term_phonetic_semantic_substitution,train,0,0,0,0,0,0,0,0,0,0
nlu_0389_01,legal,domain_term_phonetic_semantic_substitution,unseen,0,0,0,1,1,0,1,1,1,3
nlu_0413_10,legal,domain_term_phonetic_semantic_substitution,train,0,0,0,0,0,0,0,0,0,0
nlu_0482_10,technology,domain_term_phonetic_semantic_substitution,train,0,0,0,0,0,0,0,0,0,0
nlu_0320_05,legal,domain_term_phonetic_semantic_substitution,train,0,0,0,0,0,0,0,0,0,0
nlu_0124_01,medical,domain_term_phonetic_semantic_substitution,validation,0,0,0,0,0,0,0,0,0,0
nlu_0277_01,finance,domain_term_phonetic_semantic_substitution,unseen,0,0,0,0,0,0,0,0,0,0
nlu_0554_08,general,domain_term_phonetic_semantic_substitution,train,0,0,0,0,0,0,0,0,0,0
nlu_0558_05,general,domain_term_phonetic_semantic_substitution,train,0,0,0,0,0,0,0,0,0,0
nlu_0596_03,general,domain_term_phonetic_semantic_substitution,train,0,0,0,0,0,0,0,0,0,0
nlu_0331_07,legal,domain_term_phonetic_semantic_substitution,train,0,0,0,0,0,0,0,0,0,0
nlu_0014_05,medical,domain_term_phonetic_semantic_substitution,train,0,0,0,0,0,0,0,0,0,0
nlu_0349_04,legal,domain_term_phonetic_semantic_substitution,unseen,0,0,0,0,0,0,0,1,0,1
nlu_0258_10,finance,domain_term_phonetic_semantic_substitution,train,0,0,0,0,0,0,0,0,0,0
nlu_0285_01,finance,domain_term_phonetic_semantic_substitution,unseen,0,0,1,0,1,0,0,1,0,1
nlu_0380_03,legal,domain_term_phonetic_semantic_substitution,unseen,0,0,0,0,0,0,0,0,0,0
nlu_0572_07,general,domain_term_phonetic_semantic_substitution,unseen,0,0,0,0,0,0,0,0,0,0
nlu_0222_09,finance,domain_term_phonetic_semantic_substitution,train,0,0,0,0,0,0,1,0,1,2
nlu_0052_02,medical,domain_term_phonetic_semantic_substitution,train,0,0,0,0,0,0,1,1,1,3
nlu_0599_05,general,domain_term_phonetic_semantic_substitution,train,0,0,0,0,0,0,0,0,0,0
nlu_0007_03,medical,domain_term_phonetic_semantic_substitution,unseen,0,0,0,0,0,0,0,0,0,0
nlu_0156_04,medical,domain_term_phonetic_semantic_substitution,train,0,0,0,0,0,0,0,0,0,0
nlu_0378_01,legal,domain_term_phonetic_semantic_substitution,train,0,0,0,0,0,0,0,1,1,2
nlu_0522_07,general,domain_term_phonetic_semantic_substitution,validation,0,0,0,0,0,0,0,0,0,0
nlu_0559_09,general,domain_term_phonetic_semantic_substitution,unseen,0,0,0,0,0,0,0,0,0,0
nlu_0172_09,medical,domain_term_phonetic_semantic_substitution,train,0,0,0,0,0,0,0,1,1,2
nlu_0287_01,finance,domain_term_phonetic_semantic_substitution,train,0,0,0,0,0,0,0,1,1,2
nlu_0438_01,legal,domain_term_phonetic_semantic_substitution,train,0,0,0,0,0,0,0,0,0,0
nlu_0210_06,finance,domain_term_phonetic_semantic_substitution,train,0,0,0,0,0,0,0,0,0,0
nlu_0068_10,medical,domain_term_phonetic_semantic_substitution,unseen,0,0,0,0,0,0,0,0,0,0
nlu_0369_07,legal,domain_term_phonetic_semantic_substitution,validation,0,0,0,0,0,0,0,0,0,0
nlu_0122_02,medical,domain_term_phonetic_semantic_substitution,train,0,0,0,0,0,0,0,0,0,0
nlu_0013_03,medical,domain_term_phonetic_semantic_substitution,train,0,0,0,0,0,0,0,0,0,0
nlu_0265_02,finance,domain_term_phonetic_semantic_substitution,train,0,0,0,0,0,0,0,0,0,0
nlu_0309_06,finance,domain_term_phonetic_semantic_substitution,train,0,0,1,0,1,0,0,1,0,1
nlu_0408_08,legal,domain_term_phonetic_semantic_substitution,train,0,0,0,0,0,0,0,0,0,0
nlu_0492_08,technology,domain_term_phonetic_semantic_substitution,validation,0,0,0,0,0,0,0,0,0,0
nlu_0318_07,legal,domain_term_phonetic_semantic_substitution,train,0,0,0,0,0,0,0,0,1,1
nlu_0122_01,medical,domain_term_phonetic_semantic_substitution,train,0,0,0,0,0,0,0,0,0,0
nlu_0057_08,medical,domain_term_phonetic_semantic_substitution,validation,0,0,0,0,0,0,0,0,0,0
nlu_0343_10,legal,domain_term_phonetic_semantic_substitution,train,0,0,0,0,0,0,0,0,0,0
nlu_0055_09,medical,domain_term_phonetic_semantic_substitution,validation,0,0,0,0,0,0,0,1,0,1
nlu_0087_05,medical,domain_term_phonetic_semantic_substitution,train,0,0,0,0,0,0,0,0,0,0
nlu_0454_10,technology,domain_term_phonetic_semantic_substitution,validation,0,0,0,0,0,0,0,0,0,0
nlu_0140_03,medical,domain_term_phonetic_semantic_substitution,train,0,0,0,0,0,0,0,0,0,0
nlu_0573_06,general,domain_term_phonetic_semantic_substitution,validation,0,0,0,0,0,0,0,0,0,0
nlu_0241_03,finance,domain_term_phonetic_semantic_substitution,train,0,0,0,0,0,0,0,0,0,0
nlu_0399_05,legal,domain_term_phonetic_semantic_substitution,validation,0,0,0,0,0,0,0,0,0,0
nlu_0206_08,finance,domain_term_phonetic_semantic_substitution,train,0,0,0,0,0,0,0,0,0,0
nlu_0478_01,technology,domain_term_phonetic_semantic_substitution,train,0,0,0,0,0,0,0,0,0,0
nlu_0073_01,medical,domain_term_phonetic_semantic_substitution,train,0,0,0,0,0,0,0,0,0,0
nlu_0384_08,legal,domain_term_phonetic_semantic_substitution,train,0,0,0,0,0,0,0,1,1,2
nlu_0289_03,finance,domain_term_phonetic_semantic_substitution,train,0,0,0,0,0,0,0,0,0,0
nlu_0070_01,medical,domain_term_phonetic_semantic_substitution,train,0,0,0,0,0,0,0,0,1,1
nlu_0061_03,medical,domain_term_phonetic_semantic_substitution,train,0,0,0,0,0,0,0,0,0,0
nlu_0222_06,finance,domain_term_phonetic_semantic_substitution,train,0,0,0,0,0,0,0,0,0,0
nlu_0497_08,technology,domain_term_phonetic_semantic_substitution,train,0,0,0,0,0,0,0,0,0,0
nlu_0538_06,general,domain_term_phonetic_semantic_substitution,train,0,0,0,0,0,0,0,0,0,0
nlu_0502_06,general,domain_term_phonetic_semantic_substitution,train,0,0,0,0,0,0,0,0,0,0
nlu_0558_08,general,domain_term_phonetic_semantic_substitution,train,0,0,0,0,0,0,0,0,0,0
nlu_0051_04,medical,domain_term_phonetic_semantic_substitution,train,0,0,0,0,0,0,1,1,1,3
nlu_0451_03,technology,domain_term_phonetic_semantic_substitution,validation,0,0,0,0,0,0,0,0,0,0
nlu_0032_09,medical,domain_term_phonetic_semantic_substitution,train,0,0,0,0,0,0,1,1,1,3
nlu_0588_09,general,domain_term_phonetic_semantic_substitution,train,0,0,0,0,0,0,0,0,0,0
nlu_0552_04,general,domain_term_phonetic_semantic_substitution,train,0,0,0,0,0,0,0,0,0,0
nlu_0028_05,medical,domain_term_phonetic_semantic_substitution,unseen,0,0,0,0,0,0,1,1,1,3
nlu_0516_06,general,domain_term_phonetic_semantic_substitution,validation,0,0,0,0,0,0,0,0,0,0
nlu_0363_01,legal,domain_term_phonetic_semantic_substitution,train,0,0,0,0,0,0,0,0,0,0
nlu_0137_02,medical,domain_term_phonetic_semantic_substitution,validation,0,0,0,0,0,0,0,0,0,0
nlu_0420_06,legal,domain_term_phonetic_semantic_substitution,train,0,0,0,0,0,0,0,1,0,1
nlu_0153_07,medical,domain_term_phonetic_semantic_substitution,validation,0,0,0,0,0,0,0,0,0,0
nlu_0237_07,finance,domain_term_phonetic_semantic_substitution,train,0,0,0,0,0,0,0,0,0,0
nlu_0338_06,legal,domain_term_phonetic_semantic_substitution,train,0,0,0,0,0,0,0,0,0,0
nlu_0417_01,legal,domain_term_phonetic_semantic_substitution,train,0,0,0,0,0,0,0,0,0,0
nlu_0230_02,finance,domain_term_phonetic_semantic_substitution,train,0,0,0,0,0,0,0,0,0,0
nlu_0329_09,legal,domain_term_phonetic_semantic_substitution,validation,0,0,0,1,1,0,0,0,1,1
nlu_0388_06,legal,domain_term_phonetic_semantic_substitution,unseen,1,0,1,1,3,1,0,1,1,3
nlu_0356_09,legal,domain_term_phonetic_semantic_substitution,train,0,0,0,0,0,0,0,0,1,1
nlu_0516_08,general,domain_term_phonetic_semantic_substitution,validation,0,0,0,0,0,0,0,0,0,0
nlu_0095_06,medical,domain_term_phonetic_semantic_substitution,unseen,0,0,0,0,0,0,0,1,0,1
nlu_0472_07,technology,domain_term_phonetic_semantic_substitution,validation,0,0,0,0,0,0,0,0,0,0
nlu_0579_02,general,domain_term_phonetic_semantic_substitution,train,0,0,0,0,0,0,0,0,0,0
nlu_0030_06,medical,domain_term_phonetic_semantic_substitution,validation,0,0,0,0,0,0,0,1,1,2
nlu_0317_07,legal,domain_term_phonetic_semantic_substitution,train,0,0,0,0,0,0,0,0,0,0
nlu_0219_03,finance,domain_term_phonetic_semantic_substitution,train,0,0,0,0,0,0,0,1,1,2
nlu_0030_09,medical,domain_term_phonetic_semantic_substitution,validation,0,0,0,1,1,0,1,1,1,3
nlu_0007_09,medical,domain_term_phonetic_semantic_substitution,unseen,0,0,1,1,2,0,0,1,1,2
nlu_0440_03,technology,domain_term_phonetic_semantic_substitution,train,0,0,0,0,0,0,0,0,0,0
nlu_0074_07,medical,domain_term_phonetic_semantic_substitution,unseen,0,0,0,0,0,0,0,1,1,2
nlu_0348_06,legal,domain_term_phonetic_semantic_substitution,train,0,0,0,0,0,0,0,0,0,0
nlu_0427_07,legal,domain_term_phonetic_semantic_substitution,train,0,0,0,0,0,0,0,0,0,0
nlu_0299_09,finance,domain_term_phonetic_semantic_substitution,validation,0,0,0,0,0,0,0,1,1,2
nlu_0365_07,legal,domain_term_phonetic_semantic_substitution,train,0,0,0,0,0,0,0,0,0,0
nlu_0151_04,medical,domain_term_phonetic_semantic_substitution,validation,0,0,0,0,0,0,0,1,0,1
nlu_0208_03,finance,domain_term_phonetic_semantic_substitution,train,0,0,0,0,0,0,0,0,0,0
nlu_0016_01,medical,domain_term_phonetic_semantic_substitution,train,0,0,0,0,0,0,0,0,0,0
nlu_0076_07,medical,domain_term_phonetic_semantic_substitution,train,0,0,0,0,0,0,0,0,1,1
nlu_0590_09,general,domain_term_phonetic_semantic_substitution,unseen,0,0,0,0,0,0,0,0,0,0
nlu_0351_02,legal,domain_term_phonetic_semantic_substitution,train,0,0,0,0,0,0,0,0,0,0
nlu_0171_04,medical,domain_term_phonetic_semantic_substitution,train,0,0,0,0,0,0,0,0,0,0
nlu_0547_07,general,domain_term_phonetic_semantic_substitution,train,0,0,0,0,0,0,0,0,0,0
nlu_0211_05,finance,domain_term_phonetic_semantic_substitution,train,0,0,0,0,0,0,0,0,0,0
nlu_0017_10,medical,domain_term_phonetic_semantic_substitution,train,0,0,0,0,0,0,1,1,1,3
nlu_0216_05,finance,domain_term_phonetic_semantic_substitution,train,0,0,0,0,0,0,0,1,1,2
nlu_0038_07,medical,domain_term_phonetic_semantic_substitution,train,0,0,0,0,0,0,0,0,0,0
nlu_0203_06,finance,domain_term_phonetic_semantic_substitution,train,0,0,0,0,0,0,0,0,0,0
nlu_0086_10,medical,domain_term_phonetic_semantic_substitution,train,0,0,0,0,0,0,0,0,0,0
nlu_0269_08,finance,domain_term_phonetic_semantic_substitution,train,0,0,0,0,0,0,0,0,0,0
nlu_0504_06,general,domain_term_phonetic_semantic_substitution,train,0,0,0,0,0,0,0,0,0,0
nlu_0535_09,general,domain_term_phonetic_semantic_substitution,train,0,0,0,0,0,0,0,0,0,0
nlu_0038_09,medical,domain_term_phonetic_semantic_substitution,train,0,0,0,0,0,0,0,0,0,0
nlu_0479_04,technology,domain_term_phonetic_semantic_substitution,train,0,0,0,0,0,0,0,0,0,0
nlu_0546_07,general,domain_term_phonetic_semantic_substitution,train,0,0,0,0,0,0,0,0,0,0
nlu_0130_05,medical,domain_term_phonetic_semantic_substitution,train,0,0,0,0,0,0,0,0,0,0
nlu_0498_02,technology,domain_term_phonetic_semantic_substitution,train,0,0,0,0,0,0,0,0,0,0
nlu_0144_03,medical,domain_term_phonetic_semantic_substitution,train,0,0,0,0,0,0,0,0,0,0
nlu_0533_06,general,domain_term_phonetic_semantic_substitution,train,0,0,0,0,0,0,0,0,0,0
nlu_0586_10,general,domain_term_phonetic_semantic_substitution,unseen,0,0,0,0,0,0,0,0,0,0
nlu_0295_03,finance,domain_term_phonetic_semantic_substitution,train,0,0,0,0,0,0,0,0,0,0
nlu_0178_10,medical,domain_term_phonetic_semantic_substitution,train,0,0,0,0,0,0,1,1,1,3
nlu_0339_09,legal,domain_term_phonetic_semantic_substitution,train,0,0,0,0,0,0,1,1,1,3
nlu_0517_03,general,domain_term_phonetic_semantic_substitution,train,0,0,0,0,0,0,0,0,0,0
nlu_0514_06,general,domain_term_phonetic_semantic_substitution,train,0,0,0,0,0,0,0,0,0,0
nlu_0355_04,legal,domain_term_phonetic_semantic_substitution,train,0,0,0,0,0,0,0,0,0,0
nlu_0085_02,medical,domain_term_phonetic_semantic_substitution,train,0,0,0,0,0,0,0,0,0,0
nlu_0258_03,finance,domain_term_phonetic_semantic_substitution,train,0,0,0,0,0,0,0,0,0,0
nlu_0119_10,medical,domain_term_phonetic_semantic_substitution,train,0,0,0,0,0,0,0,0,0,0
nlu_0018_06,medical,domain_term_phonetic_semantic_substitution,train,0,0,0,0,0,0,0,0,0,0
nlu_0478_06,technology,domain_term_phonetic_semantic_substitution,train,0,0,0,0,0,0,0,0,0,0
nlu_0093_08,medical,domain_term_phonetic_semantic_substitution,train,0,0,0,0,0,0,1,0,0,1
nlu_0326_09,legal,domain_term_phonetic_semantic_substitution,train,0,0,0,0,0,0,0,1,1,2
nlu_0005_06,medical,domain_term_phonetic_semantic_substitution,train,0,0,0,0,0,0,0,0,0,0
nlu_0127_01,medical,domain_term_phonetic_semantic_substitution,unseen,0,0,0,0,0,0,0,0,0,0
nlu_0110_07,medical,domain_term_phonetic_semantic_substitution,train,0,0,0,0,0,0,0,0,0,0
nlu_0145_04,medical,domain_term_phonetic_semantic_substitution,train,0,0,0,0,0,0,0,0,0,0
nlu_0211_08,finance,domain_term_phonetic_semantic_substitution,train,0,0,0,0,0,0,0,0,0,0
nlu_0501_04,general,domain_term_phonetic_semantic_substitution,train,0,0,0,0,0,0,0,0,0,0
nlu_0119_08,medical,domain_term_phonetic_semantic_substitution,train,0,0,0,0,0,0,0,0,0,0
nlu_0510_04,general,domain_term_phonetic_semantic_substitution,train,0,0,0,0,0,0,0,0,0,0
nlu_0379_08,legal,domain_term_phonetic_semantic_substitution,train,0,0,0,0,0,0,0,0,1,1
nlu_0104_01,medical,domain_term_phonetic_semantic_substitution,unseen,0,0,1,0,1,0,1,1,0,2
nlu_0482_08,technology,domain_term_deletion,train,0,0,0,0,0,0,0,0,0,0
nlu_0031_01,medical,domain_term_phonetic_semantic_substitution,unseen,0,0,0,0,0,0,1,1,1,3
nlu_0253_04,finance,domain_term_phonetic_semantic_substitution,validation,0,0,0,0,0,0,0,0,1,1
nlu_0148_03,medical,domain_term_phonetic_semantic_substitution,train,0,0,0,0,0,0,0,0,0,0
nlu_0029_04,medical,domain_term_phonetic_semantic_substitution,train,0,0,0,0,0,0,1,1,1,3
nlu_0439_03,technology,domain_term_phonetic_semantic_substitution,train,0,0,0,0,0,0,0,0,0,0
nlu_0249_01,finance,domain_term_phonetic_semantic_substitution,train,0,0,0,0,0,0,0,0,0,0
nlu_0476_06,technology,domain_term_phonetic_semantic_substitution,train,0,0,0,0,0,0,0,1,1,2
nlu_0335_07,legal,domain_term_phonetic_semantic_substitution,train,0,0,0,0,0,0,0,0,0,0
nlu_0182_04,medical,domain_term_phonetic_semantic_substitution,train,0,0,0,0,0,1,1,1,1,4
nlu_0389_08,legal,domain_term_phonetic_semantic_substitution,unseen,0,0,0,0,0,0,0,1,1,2
nlu_0432_04,legal,domain_term_phonetic_semantic_substitution,train,0,0,0,0,0,0,1,1,1,3
nlu_0415_02,legal,domain_term_phonetic_semantic_substitution,train,0,0,0,0,0,0,0,0,0,0
nlu_0507_02,general,domain_term_phonetic_semantic_substitution,validation,0,0,0,0,0,0,0,0,0,0
nlu_0483_08,technology,domain_term_phonetic_semantic_substitution,train,0,0,0,0,0,0,0,0,0,0
nlu_0294_03,finance,domain_term_phonetic_semantic_substitution,train,0,0,0,0,0,0,0,0,0,0
nlu_0212_10,finance,domain_term_phonetic_semantic_substitution,train,0,0,0,0,0,0,0,0,0,0
nlu_0566_08,general,domain_term_phonetic_semantic_substitution,unseen,0,0,0,0,0,0,0,0,0,0
nlu_0482_05,technology,domain_term_phonetic_semantic_substitution,train,0,0,0,0,0,0,0,0,0,0
nlu_0381_08,legal,domain_term_phonetic_semantic_substitution,train,0,0,0,0,0,0,0,0,0,0
nlu_0571_06,general,domain_term_phonetic_semantic_substitution,train,0,0,0,0,0,0,0,0,0,0
nlu_0578_05,general,domain_term_phonetic_semantic_substitution,validation,0,0,0,0,0,0,0,0,0,0
nlu_0234_01,finance,domain_term_phonetic_semantic_substitution,unseen,0,0,0,0,0,0,0,0,0,0
nlu_0203_10,finance,domain_term_phonetic_semantic_substitution,train,0,0,0,0,0,0,0,0,0,0
nlu_0547_05,general,domain_term_phonetic_semantic_substitution,train,0,0,0,0,0,0,0,0,0,0
nlu_0026_08,medical,domain_term_phonetic_semantic_substitution,unseen,0,0,0,0,0,0,0,1,1,2
nlu_0051_08,medical,domain_term_phonetic_semantic_substitution,train,0,0,0,0,0,0,1,1,1,3
nlu_0195_03,finance,domain_term_phonetic_semantic_substitution,train,0,0,0,0,0,0,0,0,0,0
nlu_0010_10,medical,domain_term_phonetic_semantic_substitution,validation,0,0,0,0,0,0,0,0,0,0
nlu_0296_06,finance,domain_term_phonetic_semantic_substitution,train,0,0,0,0,0,0,0,0,0,0
nlu_0075_05,medical,domain_term_phonetic_semantic_substitution,train,0,0,0,0,0,0,1,0,0,1
nlu_0458_01,technology,domain_term_phonetic_semantic_substitution,train,0,0,0,0,0,0,0,0,0,0
nlu_0556_03,general,domain_term_phonetic_semantic_substitution,validation,0,0,0,0,0,0,0,0,0,0
nlu_0138_06,medical,domain_term_phonetic_semantic_substitution,train,0,0,0,0,0,0,0,0,0,0
nlu_0387_07,legal,domain_term_phonetic_semantic_substitution,validation,1,1,1,1,4,1,1,1,1,4
nlu_0382_10,legal,domain_term_phonetic_semantic_substitution,validation,0,0,0,0,0,0,0,1,0,1
nlu_0369_03,legal,domain_term_phonetic_semantic_substitution,validation,0,0,0,0,0,0,0,0,0,0
nlu_0196_05,finance,domain_term_phonetic_semantic_substitution,validation,0,0,0,0,0,0,0,0,0,0
nlu_0475_07,technology,domain_term_phonetic_semantic_substitution,train,0,0,0,0,0,0,0,0,0,0
nlu_0116_08,medical,domain_term_phonetic_semantic_substitution,train,0,0,0,0,0,0,0,0,0,0
nlu_0437_09,legal,domain_term_phonetic_semantic_substitution,train,0,0,0,0,0,0,0,0,0,0
nlu_0337_06,legal,domain_term_phonetic_semantic_substitution,train,0,0,0,0,0,0,0,1,1,2
nlu_0491_06,technology,domain_term_phonetic_semantic_substitution,train,0,0,0,0,0,0,0,1,1,2
nlu_0144_08,medical,domain_term_phonetic_semantic_substitution,train,0,0,0,0,0,0,0,0,0,0
nlu_0037_07,medical,domain_term_phonetic_semantic_substitution,train,0,0,0,0,0,0,0,1,0,1
nlu_0482_04,technology,domain_term_phonetic_semantic_substitution,train,0,0,0,0,0,0,0,0,0,0
nlu_0295_02,finance,domain_term_phonetic_semantic_substitution,train,0,0,0,0,0,0,0,0,0,0
nlu_0041_03,medical,domain_term_phonetic_semantic_substitution,train,0,0,0,0,0,0,0,0,0,0
nlu_0465_05,technology,domain_term_phonetic_semantic_substitution,unseen,0,0,0,0,0,0,0,0,0,0
nlu_0566_05,general,domain_term_phonetic_semantic_substitution,unseen,0,0,0,0,0,0,0,0,0,0
nlu_0095_10,medical,domain_term_phonetic_semantic_substitution,unseen,0,0,0,0,0,0,1,1,1,3
nlu_0279_02,finance,domain_term_phonetic_semantic_substitution,train,0,0,0,0,0,0,0,0,0,0
nlu_0002_10,medical,domain_term_phonetic_semantic_substitution,validation,0,0,0,0,0,0,0,0,1,1
nlu_0023_10,medical,domain_term_phonetic_semantic_substitution,train,0,0,0,0,0,0,1,1,1,3
nlu_0419_08,legal,domain_term_phonetic_semantic_substitution,train,0,0,0,0,0,0,0,0,0,0
nlu_0067_09,medical,domain_term_phonetic_semantic_substitution,train,0,0,0,0,0,0,0,0,0,0
nlu_0022_09,medical,domain_term_phonetic_semantic_substitution,train,0,0,0,0,0,0,0,0,0,0
nlu_0501_08,general,domain_term_phonetic_semantic_substitution,train,0,0,0,0,0,0,0,0,0,0
nlu_0403_05,legal,domain_term_phonetic_semantic_substitution,train,0,0,0,0,0,0,0,0,0,0
nlu_0358_02,legal,domain_term_phonetic_semantic_substitution,train,0,0,0,0,0,0,0,0,0,0
nlu_0252_04,finance,domain_term_phonetic_semantic_substitution,train,0,0,0,0,0,0,0,0,0,0
nlu_0440_01,technology,domain_term_phonetic_semantic_substitution,train,0,0,0,0,0,0,0,0,0,0
nlu_0059_06,medical,domain_term_phonetic_semantic_substitution,validation,0,0,0,0,0,0,0,1,0,1
nlu_0192_03,finance,domain_term_phonetic_semantic_substitution,validation,0,0,0,0,0,0,0,0,0,0
nlu_0538_08,general,domain_term_phonetic_semantic_substitution,train,0,0,0,0,0,0,0,0,0,0
nlu_0444_02,technology,domain_term_phonetic_semantic_substitution,train,0,0,0,0,0,0,0,0,0,0
nlu_0435_08,legal,domain_term_phonetic_semantic_substitution,train,0,0,0,0,0,0,0,0,0,0
nlu_0383_10,legal,domain_term_phonetic_semantic_substitution,validation,0,0,0,1,1,0,0,0,1,1
nlu_0348_10,legal,domain_term_phonetic_semantic_substitution,train,0,0,0,0,0,0,0,0,0,0
nlu_0458_08,technology,domain_term_phonetic_semantic_substitution,train,0,0,0,0,0,0,0,0,0,0
nlu_0078_08,medical,domain_term_phonetic_semantic_substitution,train,0,0,0,0,0,0,1,0,0,1
nlu_0232_05,finance,domain_term_phonetic_semantic_substitution,train,0,0,0,0,0,0,0,0,0,0
nlu_0102_09,medical,domain_term_phonetic_semantic_substitution,validation,0,0,0,0,0,0,0,0,0,0
nlu_0161_07,medical,domain_term_phonetic_semantic_substitution,train,0,0,0,0,0,0,0,1,1,2
nlu_0251_06,finance,domain_term_phonetic_semantic_substitution,unseen,0,0,0,0,0,0,0,1,0,1
nlu_0281_08,finance,domain_term_phonetic_semantic_substitution,train,0,0,0,0,0,0,0,0,0,0
nlu_0459_09,technology,domain_term_phonetic_semantic_substitution,train,0,0,0,0,0,0,0,1,1,2
nlu_0322_04,legal,domain_term_phonetic_semantic_substitution,validation,0,0,0,0,0,0,0,0,1,1
nlu_0150_02,medical,domain_term_phonetic_semantic_substitution,train,0,0,0,0,0,0,0,0,0,0
nlu_0499_05,technology,domain_term_phonetic_semantic_substitution,train,0,0,0,0,0,0,0,1,0,1
nlu_0525_08,general,domain_term_phonetic_semantic_substitution,validation,0,0,0,0,0,0,0,0,0,0
nlu_0435_01,legal,domain_term_phonetic_semantic_substitution,train,0,0,0,0,0,0,0,0,0,0
nlu_0367_01,legal,domain_term_phonetic_semantic_substitution,train,0,0,0,0,0,0,0,0,0,0
nlu_0449_08,technology,domain_term_phonetic_semantic_substitution,validation,0,0,0,0,0,0,0,0,0,0
nlu_0288_08,finance,domain_term_phonetic_semantic_substitution,validation,0,0,0,0,0,0,0,0,0,0
nlu_0160_04,medical,domain_term_phonetic_semantic_substitution,unseen,0,0,0,0,0,0,0,0,0,0
nlu_0052_08,medical,domain_term_phonetic_semantic_substitution,train,0,0,0,0,0,0,1,1,1,3
nlu_0033_02,medical,domain_term_phonetic_semantic_substitution,unseen,0,0,0,0,0,0,0,0,0,0
nlu_0527_05,general,domain_term_phonetic_semantic_substitution,validation,0,0,0,0,0,0,0,0,0,0
nlu_0564_06,general,domain_term_phonetic_semantic_substitution,train,0,0,0,0,0,0,0,0,0,0
nlu_0410_10,legal,domain_term_phonetic_semantic_substitution,train,0,0,0,0,0,0,0,0,0,0
nlu_0369_10,legal,domain_term_phonetic_semantic_substitution,validation,0,0,0,0,0,0,0,0,0,0
nlu_0022_08,medical,domain_term_phonetic_semantic_substitution,train,0,0,0,0,0,0,0,0,0,0
nlu_0266_06,finance,domain_term_phonetic_semantic_substitution,train,0,0,0,0,0,0,0,1,1,2
nlu_0239_09,finance,domain_term_phonetic_semantic_substitution,unseen,0,0,0,0,0,0,0,1,1,2
nlu_0037_01,medical,domain_term_phonetic_semantic_substitution,train,0,0,0,0,0,0,0,1,1,2
nlu_0438_06,legal,domain_term_phonetic_semantic_substitution,train,0,0,0,0,0,0,0,1,1,2
nlu_0334_07,legal,domain_term_phonetic_semantic_substitution,train,0,0,0,0,0,0,0,0,0,0
nlu_0302_01,finance,domain_term_phonetic_semantic_substitution,train,0,0,0,0,0,0,0,0,0,0
nlu_0232_09,finance,domain_term_phonetic_semantic_substitution,train,0,0,0,0,0,0,0,1,1,2
nlu_0106_03,medical,domain_term_phonetic_semantic_substitution,train,0,0,0,0,0,0,0,0,0,0
nlu_0515_01,general,domain_term_phonetic_semantic_substitution,train,0,0,0,0,0,0,0,0,0,0
nlu_0076_10,medical,domain_term_phonetic_semantic_substitution,train,0,0,0,0,0,0,0,0,0,0
nlu_0467_08,technology,domain_term_deletion,train,0,0,0,0,0,0,0,0,0,0
nlu_0528_08,general,domain_term_phonetic_semantic_substitution,train,0,0,0,0,0,0,0,0,0,0
nlu_0600_06,general,domain_term_phonetic_semantic_substitution,train,0,0,0,0,0,0,0,0,0,0
nlu_0143_07,medical,domain_term_phonetic_semantic_substitution,unseen,0,0,0,0,0,0,0,0,0,0
nlu_0441_08,technology,domain_term_phonetic_semantic_substitution,validation,0,0,0,0,0,0,0,0,0,0
nlu_0370_08,legal,domain_term_phonetic_semantic_substitution,validation,0,0,0,0,0,0,0,0,0,0
nlu_0022_05,medical,domain_term_phonetic_semantic_substitution,train,0,0,0,0,0,0,0,0,0,0
nlu_0162_05,medical,domain_term_phonetic_semantic_substitution,train,0,0,0,0,0,0,0,1,1,2
nlu_0468_06,technology,domain_term_phonetic_semantic_substitution,train,0,0,0,0,0,0,0,0,0,0
nlu_0172_08,medical,domain_term_phonetic_semantic_substitution,train,0,0,0,0,0,0,0,0,0,0
nlu_0275_02,finance,domain_term_phonetic_semantic_substitution,unseen,0,0,0,0,0,0,0,0,0,0
nlu_0206_04,finance,domain_term_phonetic_semantic_substitution,train,0,0,0,0,0,0,0,0,0,0
nlu_0300_09,finance,domain_term_phonetic_semantic_substitution,validation,0,0,0,0,0,0,0,0,1,1
nlu_0199_04,finance,domain_term_phonetic_semantic_substitution,train,0,0,0,0,0,0,0,0,0,0
nlu_0171_03,medical,domain_term_phonetic_semantic_substitution,train,0,0,0,0,0,0,0,0,0,0
nlu_0311_02,finance,domain_term_phonetic_semantic_substitution,train,0,0,0,0,0,0,0,0,0,0
nlu_0304_05,finance,domain_term_phonetic_semantic_substitution,train,0,0,0,0,0,0,0,0,0,0
nlu_0533_08,general,domain_term_phonetic_semantic_substitution,train,0,0,0,0,0,0,0,0,0,0
nlu_0020_07,medical,domain_term_phonetic_semantic_substitution,train,0,0,0,0,0,0,1,1,0,2
nlu_0073_06,medical,domain_term_phonetic_semantic_substitution,train,0,0,0,0,0,0,0,0,0,0
nlu_0392_09,legal,domain_term_phonetic_semantic_substitution,train,0,0,0,0,0,0,0,1,1,2
nlu_0152_03,medical,domain_term_phonetic_semantic_substitution,train,0,0,0,0,0,0,0,0,0,0
nlu_0263_04,finance,domain_term_phonetic_semantic_substitution,train,0,0,0,0,0,0,0,0,0,0
nlu_0454_09,technology,domain_term_phonetic_semantic_substitution,validation,0,0,1,0,1,0,0,1,1,2
nlu_0470_06,technology,domain_term_phonetic_semantic_substitution,unseen,0,0,0,0,0,0,0,0,0,0
nlu_0106_07,medical,domain_term_phonetic_semantic_substitution,train,0,0,0,0,0,0,0,0,0,0
nlu_0500_04,technology,domain_term_phonetic_semantic_substitution,validation,0,0,0,0,0,0,0,0,0,0
nlu_0089_08,medical,domain_term_phonetic_semantic_substitution,train,0,0,0,0,0,0,1,0,0,1
nlu_0270_09,finance,domain_term_phonetic_semantic_substitution,train,0,0,0,0,0,0,0,1,1,2
nlu_0110_03,medical,domain_term_phonetic_semantic_substitution,train,0,0,0,0,0,0,0,0,0,0
nlu_0510_08,general,domain_term_phonetic_semantic_substitution,train,0,0,0,0,0,0,0,0,0,0
nlu_0413_06,legal,domain_term_phonetic_semantic_substitution,train,0,0,0,0,0,0,0,1,0,1
nlu_0057_09,medical,domain_term_phonetic_semantic_substitution,validation,0,0,0,0,0,0,0,0,0,0
nlu_0052_07,medical,domain_term_phonetic_semantic_substitution,train,0,0,0,0,0,0,0,0,0,0
nlu_0363_09,legal,domain_term_phonetic_semantic_substitution,train,0,0,0,0,0,0,0,1,1,2
nlu_0483_10,technology,domain_term_phonetic_semantic_substitution,train,0,0,0,0,0,0,0,0,0,0
nlu_0215_10,finance,domain_term_phonetic_semantic_substitution,unseen,0,0,1,0,1,0,0,1,0,1
nlu_0014_10,medical,domain_term_phonetic_semantic_substitution,train,0,0,0,0,0,0,0,0,0,0
nlu_0583_10,general,domain_term_phonetic_semantic_substitution,train,0,0,0,0,0,0,0,0,0,0
nlu_0528_05,general,domain_term_phonetic_semantic_substitution,train,0,0,0,0,0,0,0,0,0,0
nlu_0229_05,finance,domain_term_phonetic_semantic_substitution,unseen,0,0,0,0,0,0,0,0,0,0
nlu_0502_01,general,domain_term_phonetic_semantic_substitution,train,0,0,0,0,0,0,0,0,0,0
nlu_0115_10,medical,domain_term_phonetic_semantic_substitution,unseen,0,0,0,0,0,0,0,0,0,0
nlu_0405_09,legal,domain_term_phonetic_semantic_substitution,train,0,0,0,0,0,0,0,0,0,0
nlu_0250_09,finance,domain_term_phonetic_semantic_substitution,train,0,0,0,0,0,0,0,0,0,0
nlu_0228_04,finance,domain_term_phonetic_semantic_substitution,train,0,0,0,0,0,0,0,0,0,0
nlu_0253_07,finance,domain_term_phonetic_semantic_substitution,validation,0,0,0,0,0,0,0,0,0,0
nlu_0047_04,medical,domain_term_phonetic_semantic_substitution,unseen,0,0,0,0,0,0,0,1,1,2
nlu_0331_08,legal,domain_term_phonetic_semantic_substitution,train,0,0,0,0,0,0,0,0,0,0
nlu_0314_03,legal,domain_term_phonetic_semantic_substitution,train,0,0,0,0,0,0,0,0,0,0
nlu_0499_06,technology,domain_term_phonetic_semantic_substitution,train,0,0,0,0,0,0,0,0,0,0
nlu_0060_05,medical,domain_term_phonetic_semantic_substitution,train,0,0,0,0,0,0,0,0,0,0
nlu_0309_01,finance,domain_term_phonetic_semantic_substitution,train,0,0,0,0,0,0,0,0,0,0
nlu_0181_08,medical,domain_term_phonetic_semantic_substitution,train,0,0,0,0,0,0,0,0,0,0
nlu_0514_07,general,domain_term_phonetic_semantic_substitution,train,0,0,0,0,0,0,0,0,0,0
nlu_0046_01,medical,domain_term_phonetic_semantic_substitution,train,0,0,0,0,0,0,0,0,0,0
nlu_0305_04,finance,domain_term_phonetic_semantic_substitution,train,0,0,0,0,0,0,0,0,0,0
nlu_0583_07,general,domain_term_phonetic_semantic_substitution,train,0,0,0,0,0,0,0,0,0,0
nlu_0052_09,medical,domain_term_phonetic_semantic_substitution,train,0,0,0,0,0,0,0,1,0,1
nlu_0253_03,finance,domain_term_phonetic_semantic_substitution,validation,0,0,0,0,0,0,0,0,0,0
nlu_0032_03,medical,domain_term_phonetic_semantic_substitution,train,0,0,0,0,0,0,0,1,1,2
nlu_0589_08,general,domain_term_phonetic_semantic_substitution,train,0,0,0,0,0,0,0,0,0,0
nlu_0449_04,technology,domain_term_phonetic_semantic_substitution,validation,0,0,0,0,0,0,0,0,0,0
nlu_0265_08,finance,domain_term_phonetic_semantic_substitution,train,0,0,0,0,0,0,0,0,0,0
nlu_0344_08,legal,domain_term_phonetic_semantic_substitution,train,0,0,0,0,0,0,0,0,0,0
nlu_0118_05,medical,domain_term_phonetic_semantic_substitution,train,0,0,0,0,0,0,0,0,0,0
nlu_0354_03,legal,domain_term_phonetic_semantic_substitution,train,0,0,0,0,0,0,0,0,0,0
nlu_0046_02,medical,domain_term_phonetic_semantic_substitution,train,0,0,0,0,0,0,0,0,0,0
nlu_0504_08,general,domain_term_phonetic_semantic_substitution,train,0,0,0,0,0,0,0,0,0,0
nlu_0343_05,legal,domain_term_phonetic_semantic_substitution,train,0,0,0,0,0,0,0,0,0,0
nlu_0112_03,medical,domain_term_phonetic_semantic_substitution,train,0,0,0,0,0,0,0,0,0,0
nlu_0485_05,technology,domain_term_phonetic_semantic_substitution,train,0,0,0,0,0,0,0,0,0,0
nlu_0158_09,medical,domain_term_phonetic_semantic_substitution,validation,0,0,0,0,0,0,0,0,0,0
nlu_0090_01,medical,domain_term_phonetic_semantic_substitution,unseen,0,0,0,0,0,0,0,0,0,0
nlu_0162_06,medical,domain_term_phonetic_semantic_substitution,train,0,0,0,0,0,0,0,0,0,0
nlu_0435_09,legal,domain_term_phonetic_semantic_substitution,train,0,0,0,0,0,0,0,1,1,2
nlu_0398_10,legal,domain_term_phonetic_semantic_substitution,train,0,0,0,0,0,0,0,0,0,0
nlu_0569_01,general,domain_term_phonetic_semantic_substitution,train,0,0,0,0,0,0,0,0,0,0
nlu_0584_10,general,domain_term_phonetic_semantic_substitution,train,0,0,0,0,0,0,0,0,0,0
nlu_0293_06,finance,domain_term_phonetic_semantic_substitution,train,0,0,0,0,0,0,0,0,0,0
nlu_0127_04,medical,domain_term_phonetic_semantic_substitution,unseen,0,0,0,0,0,0,1,1,1,3
nlu_0562_06,general,domain_term_phonetic_semantic_substitution,validation,0,0,0,0,0,0,0,0,0,0
nlu_0100_10,medical,domain_term_phonetic_semantic_substitution,unseen,0,0,0,0,0,0,0,1,0,1
nlu_0377_02,legal,domain_term_phonetic_semantic_substitution,train,0,0,0,0,0,0,0,0,0,0
nlu_0136_10,medical,domain_term_phonetic_semantic_substitution,train,0,0,0,0,0,0,0,0,0,0
nlu_0600_05,general,domain_term_phonetic_semantic_substitution,train,0,0,0,0,0,0,0,0,0,0
nlu_0148_07,medical,domain_term_phonetic_semantic_substitution,train,0,0,0,0,0,0,0,1,0,1
nlu_0020_03,medical,domain_term_phonetic_semantic_substitution,train,0,0,0,0,0,0,0,0,0,0
nlu_0470_03,technology,domain_term_phonetic_semantic_substitution,unseen,0,0,0,0,0,0,0,0,0,0
nlu_0540_09,general,domain_term_phonetic_semantic_substitution,train,0,0,0,0,0,0,0,0,0,0
nlu_0280_03,finance,domain_term_phonetic_semantic_substitution,train,0,0,0,0,0,0,0,0,0,0
nlu_0501_02,general,domain_term_phonetic_semantic_substitution,train,0,0,0,0,0,0,0,0,0,0
nlu_0241_08,finance,domain_term_phonetic_semantic_substitution,train,0,0,0,0,0,0,0,0,0,0
nlu_0506_08,general,domain_term_phonetic_semantic_substitution,train,0,0,0,0,0,0,0,0,0,0
nlu_0188_05,medical,domain_term_phonetic_semantic_substitution,train,0,0,0,0,0,0,0,1,0,1
nlu_0531_01,general,domain_term_phonetic_semantic_substitution,train,0,0,0,0,0,0,0,0,0,0
nlu_0134_09,medical,domain_term_phonetic_semantic_substitution,train,0,0,0,0,0,0,0,0,0,0
nlu_0348_08,legal,domain_term_phonetic_semantic_substitution,train,0,0,0,0,0,0,0,0,0,0
nlu_0485_03,technology,domain_term_phonetic_semantic_substitution,train,0,0,0,0,0,0,0,0,0,0
nlu_0388_02,legal,domain_term_phonetic_semantic_substitution,unseen,0,0,0,0,0,0,0,0,0,0
nlu_0281_06,finance,domain_term_phonetic_semantic_substitution,train,0,0,0,0,0,0,0,1,1,2
nlu_0590_10,general,domain_term_phonetic_semantic_substitution,unseen,0,0,0,0,0,0,0,0,0,0
nlu_0130_04,medical,domain_term_phonetic_semantic_substitution,train,0,0,0,0,0,0,0,0,0,0
nlu_0529_06,general,domain_term_phonetic_semantic_substitution,train,0,0,0,0,0,0,0,0,0,0
nlu_0452_03,technology,domain_term_phonetic_semantic_substitution,train,0,0,0,0,0,0,0,0,0,0
nlu_0562_08,general,domain_term_phonetic_semantic_substitution,validation,0,0,0,0,0,0,0,0,0,0
nlu_0352_10,legal,domain_term_phonetic_semantic_substitution,train,0,0,0,0,0,0,0,0,0,0
nlu_0267_05,finance,domain_term_phonetic_semantic_substitution,train,0,0,0,0,0,0,0,0,0,0
nlu_0191_08,finance,domain_term_phonetic_semantic_substitution,train,0,0,0,0,0,0,0,0,0,0
nlu_0376_09,legal,domain_term_phonetic_semantic_substitution,train,0,0,0,0,0,0,1,1,1,3
nlu_0416_04,legal,domain_term_phonetic_semantic_substitution,train,0,0,0,0,0,0,0,0,0,0
nlu_0037_09,medical,domain_term_phonetic_semantic_substitution,train,0,0,0,0,0,0,0,0,0,0
nlu_0194_08,finance,domain_term_phonetic_semantic_substitution,train,0,0,0,0,0,0,0,0,0,0
nlu_0358_04,legal,domain_term_phonetic_semantic_substitution,train,0,0,0,0,0,0,0,0,0,0
nlu_0116_02,medical,domain_term_phonetic_semantic_substitution,train,0,0,0,0,0,0,0,0,0,0
nlu_0493_02,technology,domain_term_phonetic_semantic_substitution,train,0,0,0,0,0,0,0,0,0,0
nlu_0402_03,legal,domain_term_phonetic_semantic_substitution,train,0,0,0,0,0,0,0,0,0,0
nlu_0236_02,finance,domain_term_phonetic_semantic_substitution,train,0,0,0,0,0,0,0,0,0,0
nlu_0406_02,legal,domain_term_phonetic_semantic_substitution,unseen,0,0,0,0,0,0,0,0,0,0
nlu_0567_01,general,domain_term_phonetic_semantic_substitution,train,0,0,0,0,0,0,0,0,0,0
nlu_0356_06,legal,domain_term_phonetic_semantic_substitution,train,0,0,0,0,0,0,0,0,1,1
nlu_0188_03,medical,domain_term_phonetic_semantic_substitution,train,0,0,0,0,0,0,0,1,1,2
nlu_0591_03,general,domain_term_phonetic_semantic_substitution,unseen,0,0,0,0,0,0,0,0,0,0
nlu_0020_02,medical,domain_term_phonetic_semantic_substitution,train,0,0,0,0,0,0,1,1,0,2
nlu_0245_01,finance,domain_term_phonetic_semantic_substitution,train,0,0,0,0,0,0,0,0,0,0
nlu_0011_09,medical,domain_term_phonetic_semantic_substitution,train,0,0,0,0,0,0,0,1,0,1
nlu_0018_05,medical,domain_term_phonetic_semantic_substitution,train,0,0,0,0,0,0,0,0,0,0
nlu_0317_10,legal,domain_term_phonetic_semantic_substitution,train,0,0,0,0,0,0,0,0,0,0
nlu_0336_03,legal,domain_term_phonetic_semantic_substitution,train,0,0,0,0,0,0,0,0,0,0
nlu_0384_05,legal,domain_term_phonetic_semantic_substitution,train,0,0,0,0,0,0,0,0,0,0
nlu_0160_09,medical,domain_term_phonetic_semantic_substitution,unseen,0,0,0,0,0,0,0,0,0,0
nlu_0137_01,medical,domain_term_phonetic_semantic_substitution,validation,0,0,0,0,0,0,0,0,0,0
nlu_0211_04,finance,domain_term_phonetic_semantic_substitution,train,0,0,0,0,0,0,0,0,0,0
nlu_0522_10,general,domain_term_phonetic_semantic_substitution,validation,0,0,0,0,0,0,0,0,0,0
nlu_0585_01,general,domain_term_phonetic_semantic_substitution,train,0,0,0,0,0,0,0,0,0,0
nlu_0505_04,general,domain_term_phonetic_semantic_substitution,train,0,0,0,0,0,0,0,0,0,0
nlu_0359_01,legal,domain_term_phonetic_semantic_substitution,train,0,0,0,0,0,0,0,0,0,0
nlu_0117_05,medical,domain_term_phonetic_semantic_substitution,train,0,0,0,0,0,0,0,0,0,0
nlu_0368_09,legal,domain_term_phonetic_semantic_substitution,unseen,0,0,0,0,0,0,0,1,1,2
nlu_0529_05,general,domain_term_phonetic_semantic_substitution,train,0,0,0,0,0,0,0,0,0,0
nlu_0167_02,medical,domain_term_phonetic_semantic_substitution,unseen,0,0,0,0,0,0,0,0,0,0
nlu_0051_09,medical,domain_term_phonetic_semantic_substitution,train,0,0,0,0,0,0,0,1,0,1
nlu_0017_07,medical,domain_term_phonetic_semantic_substitution,train,0,0,0,0,0,0,1,1,0,2
nlu_0279_08,finance,domain_term_phonetic_semantic_substitution,train,0,0,0,0,0,0,0,0,0,0
nlu_0553_02,general,domain_term_phonetic_semantic_substitution,train,0,0,0,0,0,0,0,0,0,0
nlu_0226_05,finance,domain_term_phonetic_semantic_substitution,unseen,0,0,0,0,0,0,0,0,0,0
nlu_0397_02,legal,domain_term_phonetic_semantic_substitution,train,0,0,0,0,0,0,0,0,0,0
nlu_0011_04,medical,domain_term_phonetic_semantic_substitution,train,0,0,0,0,0,0,1,1,1,3
nlu_0242_03,finance,domain_term_phonetic_semantic_substitution,train,0,0,0,0,0,0,0,0,0,0
nlu_0493_06,technology,domain_term_phonetic_semantic_substitution,train,0,0,0,0,0,0,0,0,0,0
nlu_0489_02,technology,domain_term_phonetic_semantic_substitution,train,0,0,0,0,0,0,0,0,0,0
nlu_0176_03,medical,domain_term_phonetic_semantic_substitution,unseen,0,0,0,0,0,0,0,0,0,0
nlu_0536_05,general,domain_term_phonetic_semantic_substitution,train,0,0,0,0,0,0,0,0,0,0
nlu_0511_04,general,domain_term_phonetic_semantic_substitution,train,0,0,0,0,0,0,0,0,0,0
nlu_0166_09,medical,domain_term_phonetic_semantic_substitution,validation,0,0,0,0,0,0,0,1,1,2
nlu_0016_03,medical,domain_term_phonetic_semantic_substitution,train,0,0,0,0,0,0,0,0,0,0
nlu_0259_07,finance,domain_term_phonetic_semantic_substitution,train,0,0,0,0,0,0,0,0,0,0
nlu_0159_04,medical,domain_term_phonetic_semantic_substitution,train,0,0,0,0,0,0,0,0,0,0
nlu_0218_08,finance,domain_term_phonetic_semantic_substitution,unseen,0,0,1,0,1,0,0,1,0,1
nlu_0597_10,general,domain_term_phonetic_semantic_substitution,unseen,0,0,0,0,0,0,0,0,0,0
nlu_0489_10,technology,domain_term_phonetic_semantic_substitution,train,0,0,0,0,0,0,0,0,0,0
nlu_0212_05,finance,domain_term_phonetic_semantic_substitution,train,0,0,0,0,0,0,0,0,0,0
nlu_0265_07,finance,domain_term_phonetic_semantic_substitution,train,0,0,0,0,0,0,0,0,0,0
nlu_0183_03,medical,domain_term_phonetic_semantic_substitution,train,0,0,0,0,0,0,0,0,0,0
nlu_0507_10,general,domain_term_phonetic_semantic_substitution,validation,0,0,0,0,0,0,0,0,0,0
nlu_0313_07,finance,domain_term_phonetic_semantic_substitution,train,0,0,0,0,0,0,0,0,0,0
nlu_0031_10,medical,domain_term_phonetic_semantic_substitution,unseen,0,0,0,0,0,0,1,1,1,3
nlu_0580_02,general,domain_term_phonetic_semantic_substitution,train,0,0,0,0,0,0,0,0,0,0
nlu_0244_02,finance,domain_term_phonetic_semantic_substitution,train,0,0,0,0,0,0,0,0,0,0
nlu_0258_01,finance,domain_term_phonetic_semantic_substitution,train,0,0,0,0,0,0,0,0,0,0
nlu_0050_06,medical,domain_term_phonetic_semantic_substitution,train,0,0,0,0,0,0,1,1,1,3
nlu_0021_06,medical,domain_term_phonetic_semantic_substitution,train,0,0,0,0,0,0,0,1,0,1
nlu_0144_05,medical,domain_term_phonetic_semantic_substitution,train,0,0,0,0,0,0,0,0,0,0
nlu_0114_06,medical,domain_term_phonetic_semantic_substitution,train,0,0,0,0,0,0,0,0,0,0
nlu_0087_09,medical,domain_term_phonetic_semantic_substitution,train,0,0,0,0,0,0,0,0,0,0
nlu_0031_06,medical,domain_term_phonetic_semantic_substitution,unseen,0,0,0,0,0,0,0,0,0,0
nlu_0185_10,medical,domain_term_phonetic_semantic_substitution,train,0,0,0,0,0,0,1,1,1,3
nlu_0224_07,finance,domain_term_phonetic_semantic_substitution,unseen,0,0,0,1,1,0,0,0,1,1
nlu_0199_09,finance,domain_term_phonetic_semantic_substitution,train,0,0,0,0,0,0,0,0,0,0
nlu_0597_08,general,domain_term_phonetic_semantic_substitution,unseen,0,0,0,0,0,0,0,0,0,0
nlu_0154_05,medical,domain_term_phonetic_semantic_substitution,train,0,0,0,0,0,0,0,0,0,0
nlu_0085_04,medical,domain_term_phonetic_semantic_substitution,train,0,0,0,0,0,0,1,1,1,3
nlu_0199_08,finance,domain_term_phonetic_semantic_substitution,train,0,0,0,0,0,0,0,0,0,0
nlu_0560_06,general,domain_term_phonetic_semantic_substitution,train,0,0,0,0,0,0,0,0,0,0
nlu_0385_02,legal,domain_term_phonetic_semantic_substitution,validation,0,0,0,0,0,0,0,0,0,0
nlu_0254_07,finance,domain_term_phonetic_semantic_substitution,train,0,0,0,0,0,0,0,0,1,1
nlu_0529_01,general,domain_term_phonetic_semantic_substitution,train,0,0,0,0,0,0,0,0,0,0
nlu_0154_09,medical,domain_term_phonetic_semantic_substitution,train,0,0,0,0,0,0,0,0,0,0
nlu_0022_02,medical,domain_term_phonetic_semantic_substitution,train,0,0,0,0,0,0,1,1,0,2
nlu_0196_08,finance,domain_term_phonetic_semantic_substitution,validation,0,0,0,0,0,0,0,0,0,0
nlu_0373_02,legal,domain_term_phonetic_semantic_substitution,train,0,0,0,0,0,0,0,0,0,0
nlu_0471_05,technology,domain_term_phonetic_semantic_substitution,unseen,0,0,0,0,0,0,0,0,0,0
nlu_0271_08,finance,domain_term_phonetic_semantic_substitution,unseen,0,0,0,0,0,0,0,0,0,0
nlu_0135_10,medical,domain_term_phonetic_semantic_substitution,validation,0,0,0,0,0,0,0,0,0,0
nlu_0431_09,legal,domain_term_phonetic_semantic_substitution,validation,0,0,0,0,0,0,0,1,1,2
nlu_0459_08,technology,domain_term_deletion,train,0,0,0,0,0,0,0,0,0,0
nlu_0069_01,medical,domain_term_phonetic_semantic_substitution,train,0,0,0,0,0,0,0,0,0,0
nlu_0019_01,medical,domain_term_phonetic_semantic_substitution,train,0,0,0,0,0,0,0,0,0,0
nlu_0376_08,legal,domain_term_phonetic_semantic_substitution,train,0,0,0,0,0,0,0,0,0,0
nlu_0223_07,finance,domain_term_phonetic_semantic_substitution,validation,0,0,1,1,2,0,0,1,1,2
nlu_0330_01,legal,domain_term_phonetic_semantic_substitution,train,0,0,0,0,0,0,0,0,0,0
nlu_0028_09,medical,domain_term_phonetic_semantic_substitution,unseen,0,0,0,1,1,0,1,1,1,3
nlu_0029_10,medical,domain_term_phonetic_semantic_substitution,train,0,0,0,0,0,0,1,1,1,3
nlu_0473_09,technology,domain_term_phonetic_semantic_substitution,train,0,0,0,0,0,0,0,0,0,0
nlu_0100_04,medical,domain_term_phonetic_semantic_substitution,unseen,0,0,1,1,2,0,1,1,1,3
nlu_0510_01,general,domain_term_phonetic_semantic_substitution,train,0,0,0,0,0,0,0,0,0,0
nlu_0504_09,general,domain_term_phonetic_semantic_substitution,train,0,0,0,0,0,0,0,0,0,0
nlu_0472_03,technology,domain_term_phonetic_semantic_substitution,validation,0,0,0,0,0,0,0,0,0,0
nlu_0481_07,technology,domain_term_phonetic_semantic_substitution,train,0,0,0,0,0,0,0,0,0,0
nlu_0028_01,medical,domain_term_phonetic_semantic_substitution,unseen,0,0,1,0,1,0,1,1,1,3
nlu_0231_05,finance,domain_term_phonetic_semantic_substitution,train,0,0,0,0,0,0,0,0,0,0
nlu_0490_06,technology,domain_term_phonetic_semantic_substitution,validation,0,0,0,0,0,0,0,0,0,0
nlu_0584_03,general,domain_term_phonetic_semantic_substitution,train,0,0,0,0,0,0,0,0,0,0
nlu_0581_06,general,domain_term_phonetic_semantic_substitution,train,0,0,0,0,0,0,0,0,0,0
nlu_0012_02,medical,domain_term_phonetic_semantic_substitution,train,0,0,0,0,0,0,0,0,0,0
nlu_0140_02,medical,domain_term_phonetic_semantic_substitution,train,0,0,0,0,0,0,0,0,0,0
nlu_0023_01,medical,domain_term_phonetic_semantic_substitution,train,0,0,0,0,0,0,0,0,0,0
nlu_0521_04,general,domain_term_phonetic_semantic_substitution,train,0,0,0,0,0,0,0,0,0,0
nlu_0009_04,medical,domain_term_phonetic_semantic_substitution,train,0,0,0,0,0,0,0,0,0,0
nlu_0344_04,legal,domain_term_phonetic_semantic_substitution,train,0,0,0,0,0,0,0,0,0,0
nlu_0047_02,medical,domain_term_phonetic_semantic_substitution,unseen,0,0,0,0,0,0,0,0,0,0
nlu_0528_02,general,domain_term_phonetic_semantic_substitution,train,0,0,0,0,0,0,0,0,0,0
nlu_0056_02,medical,domain_term_phonetic_semantic_substitution,train,0,0,0,0,0,0,1,1,1,3
nlu_0505_01,general,domain_term_phonetic_semantic_substitution,train,0,0,0,0,0,0,0,0,0,0
nlu_0470_05,technology,domain_term_phonetic_semantic_substitution,unseen,0,0,0,0,0,0,0,0,0,0
nlu_0277_06,finance,domain_term_phonetic_semantic_substitution,unseen,0,0,1,0,1,0,0,1,1,2
nlu_0517_06,general,domain_term_phonetic_semantic_substitution,train,0,0,0,0,0,0,0,0,0,0
nlu_0296_03,finance,domain_term_phonetic_semantic_substitution,train,0,0,0,0,0,0,0,0,0,0
nlu_0066_01,medical,domain_term_phonetic_semantic_substitution,train,0,0,0,0,0,0,0,0,0,0
nlu_0071_09,medical,domain_term_phonetic_semantic_substitution,validation,0,0,0,0,0,0,0,0,0,0
nlu_0475_04,technology,domain_term_phonetic_semantic_substitution,train,0,0,0,0,0,0,0,0,1,1
nlu_0241_10,finance,domain_term_phonetic_semantic_substitution,train,0,0,0,0,0,0,0,0,0,0
nlu_0242_05,finance,domain_term_phonetic_semantic_substitution,train,0,0,0,0,0,0,0,0,0,0
nlu_0143_05,medical,domain_term_phonetic_semantic_substitution,unseen,0,0,0,0,0,0,0,0,0,0
nlu_0122_07,medical,domain_term_phonetic_semantic_substitution,train,0,0,0,0,0,0,0,1,1,2
nlu_0458_07,technology,domain_term_phonetic_semantic_substitution,train,0,0,0,0,0,0,0,0,0,0
nlu_0193_05,finance,domain_term_phonetic_semantic_substitution,train,0,0,0,0,0,0,0,0,0,0
nlu_0491_10,technology,domain_term_phonetic_semantic_substitution,train,0,0,0,0,0,0,0,0,0,0
nlu_0269_04,finance,domain_term_phonetic_semantic_substitution,train,0,0,0,0,0,0,0,0,0,0
nlu_0032_05,medical,domain_term_phonetic_semantic_substitution,train,0,0,0,0,0,0,1,1,1,3
nlu_0273_09,finance,domain_term_phonetic_semantic_substitution,train,0,0,0,0,0,0,0,1,1,2
nlu_0143_08,medical,domain_term_phonetic_semantic_substitution,unseen,0,0,0,0,0,0,0,0,0,0
nlu_0508_05,general,domain_term_phonetic_semantic_substitution,train,0,0,0,0,0,0,0,0,0,0
nlu_0476_04,technology,domain_term_phonetic_semantic_substitution,train,0,0,0,0,0,0,0,0,1,1
nlu_0412_10,legal,domain_term_phonetic_semantic_substitution,train,0,0,0,0,0,0,0,0,0,0
nlu_0387_05,legal,domain_term_phonetic_semantic_substitution,validation,0,0,0,1,1,0,0,0,1,1
nlu_0322_05,legal,domain_term_phonetic_semantic_substitution,validation,0,0,0,0,0,0,0,0,0,0
nlu_0442_05,technology,domain_term_phonetic_semantic_substitution,train,0,0,0,0,0,0,0,0,0,0
nlu_0383_08,legal,domain_term_phonetic_semantic_substitution,validation,0,0,0,1,1,0,0,0,1,1
nlu_0600_10,general,domain_term_phonetic_semantic_substitution,train,0,0,0,0,0,0,0,0,0,0
nlu_0253_06,finance,domain_term_phonetic_semantic_substitution,validation,0,0,0,0,0,0,1,1,1,3
nlu_0069_05,medical,domain_term_phonetic_semantic_substitution,train,0,0,0,0,0,0,0,0,0,0
nlu_0440_05,technology,domain_term_phonetic_semantic_substitution,train,0,0,0,0,0,0,0,0,0,0
nlu_0253_02,finance,domain_term_phonetic_semantic_substitution,validation,0,0,0,0,0,0,0,0,0,0
nlu_0291_09,finance,domain_term_phonetic_semantic_substitution,train,0,0,0,0,0,0,0,0,0,0
nlu_0239_10,finance,domain_term_phonetic_semantic_substitution,unseen,0,0,0,0,0,0,0,0,0,0
nlu_0033_07,medical,domain_term_phonetic_semantic_substitution,unseen,0,0,0,0,0,0,0,1,0,1
nlu_0502_04,general,domain_term_phonetic_semantic_substitution,train,0,0,0,0,0,0,0,0,0,0
nlu_0260_03,finance,domain_term_phonetic_semantic_substitution,validation,0,0,0,0,0,0,0,0,0,0
nlu_0519_06,general,domain_term_phonetic_semantic_substitution,train,0,0,0,0,0,0,0,0,0,0
nlu_0293_08,finance,domain_term_phonetic_semantic_substitution,train,0,0,0,0,0,0,0,0,0,0
nlu_0406_01,legal,domain_term_phonetic_semantic_substitution,unseen,0,0,1,0,1,0,0,1,0,1
nlu_0581_07,general,domain_term_phonetic_semantic_substitution,train,0,0,0,0,0,0,0,0,0,0
nlu_0379_06,legal,domain_term_phonetic_semantic_substitution,train,0,0,0,0,0,0,0,0,1,1
nlu_0035_09,medical,domain_term_phonetic_semantic_substitution,train,0,0,0,0,0,0,0,0,0,0
nlu_0163_07,medical,domain_term_phonetic_semantic_substitution,train,0,0,0,0,0,0,0,1,1,2
nlu_0442_01,technology,domain_term_phonetic_semantic_substitution,train,0,0,0,0,0,0,0,0,0,0
nlu_0088_02,medical,domain_term_phonetic_semantic_substitution,train,0,0,0,0,0,0,0,0,0,0
nlu_0336_09,legal,domain_term_phonetic_semantic_substitution,train,0,0,0,0,0,0,0,0,0,0
nlu_0234_10,finance,domain_term_phonetic_semantic_substitution,unseen,0,0,0,0,0,0,0,0,0,0
nlu_0471_04,technology,domain_term_phonetic_semantic_substitution,unseen,0,0,0,0,0,0,0,0,1,1
nlu_0213_02,finance,domain_term_phonetic_semantic_substitution,train,0,0,0,0,0,0,0,0,0,0
nlu_0393_08,legal,domain_term_phonetic_semantic_substitution,train,0,0,0,0,0,0,0,0,0,0
nlu_0009_06,medical,domain_term_phonetic_semantic_substitution,train,0,0,0,0,0,0,0,0,0,0
nlu_0282_09,finance,domain_term_phonetic_semantic_substitution,unseen,0,0,0,0,0,0,0,0,0,0
nlu_0188_08,medical,domain_term_phonetic_semantic_substitution,train,0,0,0,0,0,0,0,1,1,2
nlu_0569_10,general,domain_term_phonetic_semantic_substitution,train,0,0,0,0,0,0,0,0,0,0
nlu_0409_06,legal,domain_term_phonetic_semantic_substitution,train,0,0,0,0,0,0,0,1,0,1
nlu_0238_06,finance,domain_term_phonetic_semantic_substitution,train,0,0,0,0,0,0,0,0,0,0
nlu_0050_05,medical,domain_term_phonetic_semantic_substitution,train,0,0,0,0,0,0,1,1,0,2
nlu_0297_07,finance,domain_term_phonetic_semantic_substitution,unseen,0,0,0,0,0,0,0,0,0,0
nlu_0311_10,finance,domain_term_phonetic_semantic_substitution,train,0,0,0,0,0,0,0,0,0,0
nlu_0276_10,finance,domain_term_phonetic_semantic_substitution,validation,0,0,0,0,0,0,0,0,0,0
nlu_0128_01,medical,domain_term_phonetic_semantic_substitution,unseen,0,0,0,0,0,0,0,0,0,0
nlu_0266_05,finance,domain_term_phonetic_semantic_substitution,train,0,0,0,0,0,0,0,1,1,2
nlu_0264_04,finance,domain_term_phonetic_semantic_substitution,train,0,0,0,0,0,0,0,0,0,0
nlu_0496_05,technology,domain_term_phonetic_semantic_substitution,train,0,0,0,0,0,0,0,1,0,1
nlu_0062_09,medical,domain_term_phonetic_semantic_substitution,train,0,0,0,0,0,0,0,0,0,0
nlu_0514_01,general,domain_term_phonetic_semantic_substitution,train,0,0,0,0,0,0,0,0,0,0
nlu_0263_10,finance,domain_term_phonetic_semantic_substitution,train,0,0,0,0,0,0,0,0,0,0
nlu_0283_07,finance,domain_term_phonetic_semantic_substitution,train,0,0,0,0,0,0,0,0,0,0
nlu_0523_08,general,domain_term_phonetic_semantic_substitution,train,0,0,0,0,0,0,0,0,0,0
nlu_0223_10,finance,domain_term_phonetic_semantic_substitution,validation,0,0,1,1,2,0,0,1,1,2
nlu_0504_03,general,domain_term_phonetic_semantic_substitution,train,0,0,0,0,0,0,0,0,0,0
nlu_0142_04,medical,domain_term_phonetic_semantic_substitution,train,0,0,0,0,0,0,0,0,0,0
nlu_0221_02,finance,domain_term_phonetic_semantic_substitution,unseen,0,0,1,1,2,0,0,1,1,2
nlu_0497_04,technology,domain_term_phonetic_semantic_substitution,train,0,0,0,0,0,0,0,0,0,0
nlu_0448_08,technology,domain_term_phonetic_semantic_substitution,train,0,0,0,0,0,0,0,0,0,0
nlu_0087_10,medical,domain_term_phonetic_semantic_substitution,train,0,0,0,0,0,0,0,0,0,0
nlu_0201_07,finance,domain_term_phonetic_semantic_substitution,train,0,0,0,0,0,0,1,1,1,3
nlu_0415_08,legal,domain_term_phonetic_semantic_substitution,train,0,0,0,0,0,0,0,0,0,0
nlu_0036_07,medical,domain_term_phonetic_semantic_substitution,train,0,0,0,0,0,0,0,0,0,0
nlu_0117_03,medical,domain_term_phonetic_semantic_substitution,train,0,0,0,0,0,0,0,0,0,0
nlu_0456_05,technology,domain_term_phonetic_semantic_substitution,train,0,0,0,0,0,0,0,0,0,0
nlu_0241_07,finance,domain_term_phonetic_semantic_substitution,train,0,0,0,0,0,0,0,0,0,0
nlu_0592_06,general,domain_term_phonetic_semantic_substitution,train,0,0,0,0,0,0,0,0,0,0
nlu_0190_01,finance,domain_term_phonetic_semantic_substitution,train,0,0,0,0,0,0,0,0,0,0
nlu_0058_10,medical,domain_term_phonetic_semantic_substitution,unseen,0,0,0,0,0,0,0,0,0,0
nlu_0256_03,finance,domain_term_phonetic_semantic_substitution,train,0,0,0,0,0,0,0,0,0,0
nlu_0170_02,medical,domain_term_phonetic_semantic_substitution,train,0,0,0,0,0,0,0,0,0,0
nlu_0087_03,medical,domain_term_phonetic_semantic_substitution,train,0,0,0,0,0,0,0,0,0,0
nlu_0537_10,general,domain_term_phonetic_semantic_substitution,train,0,0,0,0,0,0,0,0,0,0
nlu_0582_01,general,domain_term_phonetic_semantic_substitution,train,0,0,0,0,0,0,0,0,0,0
nlu_0479_10,technology,domain_term_phonetic_semantic_substitution,train,0,0,0,0,0,0,0,0,0,0
nlu_0465_06,technology,domain_term_phonetic_semantic_substitution,unseen,0,0,0,0,0,0,0,0,0,0
nlu_0112_07,medical,domain_term_phonetic_semantic_substitution,train,0,0,0,0,0,0,0,0,0,0
nlu_0155_02,medical,domain_term_phonetic_semantic_substitution,train,0,0,0,0,0,0,0,0,0,0
nlu_0380_01,legal,domain_term_phonetic_semantic_substitution,unseen,0,0,0,0,0,0,0,1,0,1
nlu_0462_06,technology,domain_term_phonetic_semantic_substitution,validation,0,0,1,0,1,0,0,1,0,1
nlu_0552_09,general,domain_term_phonetic_semantic_substitution,train,0,0,0,0,0,0,0,0,0,0
nlu_0330_06,legal,domain_term_phonetic_semantic_substitution,train,0,0,0,0,0,0,0,1,1,2
nlu_0530_09,general,domain_term_phonetic_semantic_substitution,validation,0,0,0,0,0,0,0,0,0,0
nlu_0532_04,general,domain_term_phonetic_semantic_substitution,train,0,0,0,0,0,0,0,0,0,0
nlu_0591_05,general,domain_term_phonetic_semantic_substitution,unseen,0,0,0,0,0,0,0,0,0,0
nlu_0305_08,finance,domain_term_phonetic_semantic_substitution,train,0,0,0,0,0,0,0,0,0,0
nlu_0573_04,general,domain_term_phonetic_semantic_substitution,validation,0,0,0,0,0,0,0,0,0,0
nlu_0244_08,finance,domain_term_phonetic_semantic_substitution,train,0,0,0,0,0,0,0,0,0,0
nlu_0576_05,general,domain_term_phonetic_semantic_substitution,train,0,0,0,0,0,0,0,0,0,0
nlu_0206_03,finance,domain_term_phonetic_semantic_substitution,train,0,0,0,0,0,0,0,0,0,0
nlu_0178_07,medical,domain_term_phonetic_semantic_substitution,train,0,0,0,0,0,0,0,0,0,0
nlu_0327_10,legal,domain_term_phonetic_semantic_substitution,train,0,0,0,0,0,0,0,0,0,0
nlu_0431_03,legal,domain_term_phonetic_semantic_substitution,validation,0,0,0,0,0,0,0,0,0,0
nlu_0160_03,medical,domain_term_phonetic_semantic_substitution,unseen,0,0,0,0,0,0,0,0,0,0
nlu_0173_04,medical,domain_term_phonetic_semantic_substitution,train,0,0,0,0,0,0,0,0,0,0
nlu_0470_04,technology,domain_term_phonetic_semantic_substitution,unseen,0,0,0,0,0,0,0,0,1,1
nlu_0405_02,legal,domain_term_phonetic_semantic_substitution,train,0,0,0,0,0,0,0,0,0,0
nlu_0050_01,medical,domain_term_phonetic_semantic_substitution,train,0,0,0,0,0,0,1,1,0,2
nlu_0508_08,general,domain_term_phonetic_semantic_substitution,train,0,0,0,0,0,0,0,0,0,0
nlu_0101_07,medical,domain_term_phonetic_semantic_substitution,train,0,0,0,0,0,0,0,0,0,0
nlu_0315_09,legal,domain_term_phonetic_semantic_substitution,train,0,0,0,0,0,0,0,0,1,1
nlu_0425_09,legal,domain_term_phonetic_semantic_substitution,train,0,0,0,0,0,0,0,1,1,2
nlu_0142_08,medical,domain_term_phonetic_semantic_substitution,train,0,0,0,0,0,0,0,0,0,0
nlu_0003_06,medical,domain_term_phonetic_semantic_substitution,train,0,0,0,0,0,0,0,0,0,0
nlu_0112_04,medical,domain_term_phonetic_semantic_substitution,train,0,0,0,0,0,0,1,1,0,2
nlu_0559_06,general,domain_term_phonetic_semantic_substitution,unseen,0,0,0,0,0,0,0,0,0,0
nlu_0156_03,medical,domain_term_phonetic_semantic_substitution,train,0,0,0,0,0,0,0,0,0,0
nlu_0513_04,general,domain_term_phonetic_semantic_substitution,validation,0,0,0,0,0,0,0,0,0,0
nlu_0449_03,technology,domain_term_phonetic_semantic_substitution,validation,0,0,0,0,0,0,0,0,0,0
nlu_0044_04,medical,domain_term_phonetic_semantic_substitution,train,0,0,0,0,0,0,0,1,1,2
nlu_0293_07,finance,domain_term_phonetic_semantic_substitution,train,0,0,0,0,0,0,0,0,0,0
nlu_0386_08,legal,domain_term_phonetic_semantic_substitution,train,0,0,0,0,0,0,0,0,0,0
nlu_0402_06,legal,domain_term_phonetic_semantic_substitution,train,0,0,0,0,0,0,0,1,0,1
nlu_0297_04,finance,domain_term_phonetic_semantic_substitution,unseen,1,1,1,0,3,1,1,1,0,3
nlu_0310_09,finance,domain_term_phonetic_semantic_substitution,train,0,0,0,0,0,0,0,0,0,0
nlu_0588_06,general,domain_term_phonetic_semantic_substitution,train,0,0,0,0,0,0,0,0,0,0
nlu_0446_07,technology,domain_term_phonetic_semantic_substitution,validation,0,0,0,0,0,0,0,0,0,0
nlu_0455_01,technology,domain_term_phonetic_semantic_substitution,validation,0,0,0,0,0,0,0,0,0,0
nlu_0577_09,general,domain_term_phonetic_semantic_substitution,unseen,0,0,0,0,0,0,0,0,0,0
nlu_0111_03,medical,domain_term_phonetic_semantic_substitution,train,0,0,0,0,0,0,0,0,0,0
nlu_0507_06,general,domain_term_phonetic_semantic_substitution,validation,0,0,0,0,0,0,0,0,0,0
nlu_0452_08,technology,domain_term_phonetic_semantic_substitution,train,0,0,0,0,0,0,0,0,0,0
nlu_0417_03,legal,domain_term_phonetic_semantic_substitution,train,0,0,0,0,0,0,0,0,0,0
nlu_0020_05,medical,domain_term_phonetic_semantic_substitution,train,0,0,0,0,0,0,0,0,0,0
nlu_0062_06,medical,domain_term_phonetic_semantic_substitution,train,0,0,0,0,0,0,0,1,0,1
nlu_0065_04,medical,domain_term_phonetic_semantic_substitution,train,0,0,0,0,0,0,1,1,1,3
nlu_0431_10,legal,domain_term_phonetic_semantic_substitution,validation,0,0,0,0,0,0,0,0,0,0
nlu_0316_04,legal,domain_term_phonetic_semantic_substitution,train,0,0,0,0,0,0,0,1,1,2
nlu_0508_01,general,domain_term_phonetic_semantic_substitution,train,0,0,0,0,0,0,0,0,0,0
nlu_0034_01,medical,domain_term_phonetic_semantic_substitution,train,0,0,0,0,0,0,0,1,1,2
nlu_0383_06,legal,domain_term_phonetic_semantic_substitution,validation,0,0,0,1,1,0,0,1,1,2
nlu_0452_06,technology,domain_term_phonetic_semantic_substitution,train,0,0,0,0,0,0,0,0,0,0
nlu_0312_04,finance,domain_term_phonetic_semantic_substitution,validation,0,0,1,0,1,0,0,1,0,1
nlu_0537_06,general,domain_term_phonetic_semantic_substitution,train,0,0,0,0,0,0,0,0,0,0
nlu_0049_04,medical,domain_term_phonetic_semantic_substitution,train,0,0,0,0,0,0,1,1,1,3
nlu_0520_08,general,domain_term_phonetic_semantic_substitution,validation,0,0,0,0,0,0,0,0,0,0
nlu_0268_02,finance,domain_term_phonetic_semantic_substitution,train,0,0,0,0,0,0,0,0,0,0
nlu_0206_10,finance,domain_term_phonetic_semantic_substitution,train,0,0,0,0,0,0,0,0,0,0
nlu_0468_09,technology,domain_term_phonetic_semantic_substitution,train,0,0,0,0,0,0,0,0,0,0
nlu_0004_03,medical,domain_term_phonetic_semantic_substitution,train,0,0,0,0,0,0,0,0,0,0
nlu_0067_05,medical,domain_term_phonetic_semantic_substitution,train,0,0,0,0,0,0,1,0,0,1
nlu_0516_10,general,domain_term_phonetic_semantic_substitution,validation,0,0,0,0,0,0,0,0,0,0
nlu_0419_03,legal,domain_term_phonetic_semantic_substitution,train,0,0,0,0,0,0,0,0,0,0
nlu_0145_05,medical,domain_term_phonetic_semantic_substitution,train,0,0,0,0,0,0,0,0,0,0
nlu_0240_10,finance,domain_term_phonetic_semantic_substitution,validation,0,0,0,0,0,0,0,0,0,0
nlu_0245_02,finance,domain_term_phonetic_semantic_substitution,train,0,0,0,0,0,0,0,0,0,0
nlu_0586_03,general,domain_term_phonetic_semantic_substitution,unseen,0,0,0,0,0,0,0,0,0,0
nlu_0171_06,medical,domain_term_phonetic_semantic_substitution,train,0,0,0,0,0,0,0,0,0,0
nlu_0599_03,general,domain_term_phonetic_semantic_substitution,train,0,0,0,0,0,0,0,0,0,0
nlu_0286_01,finance,domain_term_phonetic_semantic_substitution,train,0,0,0,0,0,0,0,1,1,2
nlu_0551_02,general,domain_term_phonetic_semantic_substitution,validation,0,0,0,0,0,0,0,0,0,0
nlu_0228_08,finance,domain_term_phonetic_semantic_substitution,train,0,0,0,1,1,0,0,0,1,1
nlu_0141_02,medical,domain_term_phonetic_semantic_substitution,train,0,0,0,0,0,0,0,0,0,0
nlu_0555_09,general,domain_term_phonetic_semantic_substitution,train,0,0,0,0,0,0,0,0,0,0
nlu_0018_01,medical,domain_term_phonetic_semantic_substitution,train,0,0,0,0,0,0,0,0,0,0
nlu_0055_01,medical,domain_term_phonetic_semantic_substitution,validation,0,0,0,0,0,0,1,1,1,3
nlu_0547_06,general,domain_term_phonetic_semantic_substitution,train,0,0,0,0,0,0,0,0,0,0
nlu_0461_06,technology,domain_term_phonetic_semantic_substitution,train,0,0,0,0,0,0,0,0,0,0
nlu_0246_09,finance,domain_term_phonetic_semantic_substitution,train,0,0,0,0,0,0,0,0,0,0
nlu_0391_09,legal,domain_term_phonetic_semantic_substitution,validation,0,0,1,1,2,0,0,1,1,2
nlu_0068_05,medical,domain_term_phonetic_semantic_substitution,unseen,0,0,0,0,0,0,0,0,0,0
nlu_0292_09,finance,domain_term_phonetic_semantic_substitution,train,0,0,0,0,0,0,0,0,0,0
nlu_0408_07,legal,domain_term_phonetic_semantic_substitution,train,0,0,0,0,0,0,0,0,0,0
nlu_0182_06,medical,domain_term_phonetic_semantic_substitution,train,0,0,0,0,0,1,1,1,1,4
nlu_0256_05,finance,domain_term_phonetic_semantic_substitution,train,0,0,0,0,0,0,0,0,0,0
nlu_0211_01,finance,domain_term_phonetic_semantic_substitution,train,0,0,0,0,0,0,0,0,0,0
nlu_0313_06,finance,domain_term_phonetic_semantic_substitution,train,0,0,0,0,0,0,0,0,0,0
nlu_0550_04,general,domain_term_phonetic_semantic_substitution,unseen,0,0,0,0,0,0,0,0,0,0
nlu_0211_02,finance,domain_term_phonetic_semantic_substitution,train,0,0,0,0,0,0,0,0,0,0
nlu_0509_01,general,domain_term_phonetic_semantic_substitution,train,0,0,0,0,0,0,0,0,0,0
nlu_0281_04,finance,domain_term_phonetic_semantic_substitution,train,0,0,0,0,0,0,0,1,0,1
nlu_0155_09,medical,domain_term_phonetic_semantic_substitution,train,0,0,0,0,0,0,0,0,0,0
nlu_0476_01,technology,domain_term_phonetic_semantic_substitution,train,0,0,0,0,0,0,0,0,0,0
nlu_0486_01,technology,domain_term_phonetic_semantic_substitution,validation,0,0,0,0,0,0,0,0,0,0
nlu_0036_06,medical,domain_term_phonetic_semantic_substitution,train,0,0,0,0,0,0,0,0,0,0
nlu_0265_01,finance,domain_term_phonetic_semantic_substitution,train,0,0,0,0,0,0,0,0,0,0
nlu_0417_10,legal,domain_term_phonetic_semantic_substitution,train,0,0,0,0,0,0,0,0,0,0
nlu_0468_07,technology,domain_term_phonetic_semantic_substitution,train,0,0,0,0,0,0,0,0,0,0
nlu_0531_10,general,domain_term_phonetic_semantic_substitution,train,0,0,0,0,0,0,0,0,0,0
nlu_0428_04,legal,domain_term_phonetic_semantic_substitution,train,0,0,0,0,0,0,0,1,1,2
nlu_0106_02,medical,domain_term_phonetic_semantic_substitution,train,0,0,0,0,0,0,0,0,0,0
nlu_0233_02,finance,domain_term_phonetic_semantic_substitution,validation,0,0,0,0,0,0,0,0,0,0
nlu_0433_09,legal,domain_term_phonetic_semantic_substitution,unseen,0,0,1,0,1,0,0,1,1,2
nlu_0392_10,legal,domain_term_phonetic_semantic_substitution,train,0,0,0,0,0,0,0,0,1,1
nlu_0176_02,medical,domain_term_phonetic_semantic_substitution,unseen,0,0,0,0,0,0,0,0,0,0
nlu_0247_05,finance,domain_term_phonetic_semantic_substitution,train,0,0,0,0,0,0,0,0,0,0
nlu_0178_03,medical,domain_term_phonetic_semantic_substitution,train,0,0,0,0,0,0,0,0,0,0
nlu_0120_07,medical,domain_term_phonetic_semantic_substitution,train,0,0,0,0,0,0,0,0,0,0
nlu_0188_09,medical,domain_term_phonetic_semantic_substitution,train,0,0,0,0,0,0,0,0,0,0
nlu_0202_07,finance,domain_term_phonetic_semantic_substitution,train,0,0,0,0,0,0,1,0,1,2
nlu_0201_06,finance,domain_term_phonetic_semantic_substitution,train,0,0,0,0,0,0,0,0,0,0
nlu_0408_06,legal,domain_term_phonetic_semantic_substitution,train,0,0,0,0,0,0,0,0,0,0
nlu_0149_03,medical,domain_term_phonetic_semantic_substitution,train,0,0,0,0,0,0,0,0,0,0
nlu_0033_09,medical,domain_term_phonetic_semantic_substitution,unseen,0,0,0,1,1,0,0,0,1,1
nlu_0065_09,medical,domain_term_phonetic_semantic_substitution,train,0,0,0,0,0,0,0,0,0,0
nlu_0290_05,finance,domain_term_phonetic_semantic_substitution,train,0,0,0,0,0,0,0,0,0,0
nlu_0113_04,medical,domain_term_phonetic_semantic_substitution,validation,0,0,0,0,0,0,1,1,0,2
nlu_0278_07,finance,domain_term_phonetic_semantic_substitution,train,0,0,0,0,0,0,0,0,0,0
nlu_0297_01,finance,domain_term_phonetic_semantic_substitution,unseen,0,0,0,0,0,0,0,0,0,0
nlu_0346_06,legal,domain_term_phonetic_semantic_substitution,train,0,0,0,0,0,0,0,0,0,0
nlu_0285_04,finance,domain_term_phonetic_semantic_substitution,unseen,0,0,0,1,1,0,0,0,1,1
nlu_0309_10,finance,domain_term_phonetic_semantic_substitution,train,0,0,0,0,0,0,0,0,0,0
nlu_0503_02,general,domain_term_phonetic_semantic_substitution,train,0,0,0,0,0,0,0,0,0,0
nlu_0126_10,medical,domain_term_phonetic_semantic_substitution,train,0,0,0,0,0,0,1,1,1,3
nlu_0432_05,legal,domain_term_phonetic_semantic_substitution,train,0,0,0,0,0,0,0,1,0,1
nlu_0342_02,legal,domain_term_phonetic_semantic_substitution,train,0,0,0,0,0,0,0,0,0,0
nlu_0462_10,technology,domain_term_phonetic_semantic_substitution,validation,0,0,0,0,0,0,0,0,0,0
nlu_0152_10,medical,domain_term_phonetic_semantic_substitution,train,0,0,0,0,0,0,0,0,0,0
nlu_0138_09,medical,domain_term_phonetic_semantic_substitution,train,0,0,0,0,0,0,0,0,0,0
nlu_0439_02,technology,domain_term_phonetic_semantic_substitution,train,0,0,0,0,0,0,0,0,0,0
nlu_0103_04,medical,domain_term_phonetic_semantic_substitution,train,0,0,0,0,0,0,0,1,0,1
nlu_0288_07,finance,domain_term_phonetic_semantic_substitution,validation,0,0,0,0,0,0,0,0,1,1
nlu_0456_04,technology,domain_term_phonetic_semantic_substitution,train,0,0,0,0,0,0,0,0,0,0
nlu_0480_06,technology,domain_term_phonetic_semantic_substitution,train,0,0,0,0,0,0,0,0,0,0
nlu_0092_03,medical,domain_term_phonetic_semantic_substitution,validation,0,0,0,0,0,0,0,0,0,0
nlu_0404_09,legal,domain_term_phonetic_semantic_substitution,train,0,0,0,0,0,0,0,0,0,0
nlu_0168_06,medical,domain_term_phonetic_semantic_substitution,unseen,0,0,1,0,1,0,0,1,0,1
nlu_0175_07,medical,domain_term_phonetic_semantic_substitution,validation,0,0,1,0,1,0,0,1,0,1
nlu_0298_01,finance,domain_term_phonetic_semantic_substitution,train,0,0,0,0,0,0,0,0,0,0
nlu_0174_07,medical,domain_term_phonetic_semantic_substitution,train,0,0,0,0,0,0,0,0,1,1
nlu_0163_10,medical,domain_term_phonetic_semantic_substitution,train,0,0,0,0,0,0,0,0,1,1
nlu_0432_10,legal,domain_term_phonetic_semantic_substitution,train,0,0,0,0,0,0,0,0,0,0
nlu_0044_01,medical,domain_term_phonetic_semantic_substitution,train,0,0,0,0,0,0,0,0,0,0
nlu_0181_09,medical,domain_term_phonetic_semantic_substitution,train,0,0,0,0,0,0,0,0,0,0
nlu_0353_08,legal,domain_term_phonetic_semantic_substitution,unseen,0,0,0,0,0,0,0,0,0,0
nlu_0239_08,finance,domain_term_phonetic_semantic_substitution,unseen,0,0,0,0,0,0,0,0,0,0
nlu_0341_03,legal,domain_term_phonetic_semantic_substitution,train,0,0,0,0,0,0,0,0,0,0
nlu_0349_01,legal,domain_term_phonetic_semantic_substitution,unseen,0,0,0,0,0,0,0,0,0,0
nlu_0571_07,general,domain_term_phonetic_semantic_substitution,train,0,0,0,0,0,0,0,0,0,0
nlu_0223_03,finance,domain_term_phonetic_semantic_substitution,validation,0,0,1,0,1,0,0,1,0,1
nlu_0420_09,legal,domain_term_phonetic_semantic_substitution,train,0,0,0,0,0,0,0,1,1,2
nlu_0417_07,legal,domain_term_phonetic_semantic_substitution,train,0,0,0,0,0,0,0,1,0,1
nlu_0536_01,general,domain_term_phonetic_semantic_substitution,train,0,0,0,0,0,0,0,0,0,0
nlu_0589_02,general,domain_term_phonetic_semantic_substitution,train,0,0,0,0,0,0,0,0,0,0
nlu_0459_07,technology,domain_term_phonetic_semantic_substitution,train,0,0,0,0,0,0,0,0,1,1
nlu_0533_05,general,domain_term_phonetic_semantic_substitution,train,0,0,0,0,0,0,0,0,0,0
nlu_0200_06,finance,domain_term_phonetic_semantic_substitution,train,0,0,0,0,0,0,0,0,0,0
nlu_0500_01,technology,domain_term_phonetic_semantic_substitution,validation,0,0,0,0,0,0,0,0,0,0
nlu_0223_05,finance,domain_term_phonetic_semantic_substitution,validation,0,0,1,1,2,0,0,1,1,2
nlu_0111_07,medical,domain_term_phonetic_semantic_substitution,train,0,0,0,0,0,0,0,0,0,0
nlu_0575_06,general,domain_term_phonetic_semantic_substitution,unseen,0,0,0,0,0,0,0,0,0,0
nlu_0082_09,medical,domain_term_phonetic_semantic_substitution,unseen,0,0,0,0,0,0,0,0,0,0
nlu_0408_03,legal,domain_term_phonetic_semantic_substitution,train,0,0,0,0,0,0,0,0,0,0
nlu_0436_09,legal,domain_term_phonetic_semantic_substitution,train,0,0,0,0,0,0,0,1,1,2
nlu_0170_08,medical,domain_term_phonetic_semantic_substitution,train,0,0,0,0,0,0,0,0,0,0
nlu_0323_02,legal,domain_term_phonetic_semantic_substitution,unseen,0,0,0,0,0,0,0,0,0,0
nlu_0014_07,medical,domain_term_phonetic_semantic_substitution,train,0,0,0,0,0,0,0,0,0,0
nlu_0453_04,technology,domain_term_phonetic_semantic_substitution,train,0,0,0,0,0,0,0,0,0,0
nlu_0293_02,finance,domain_term_phonetic_semantic_substitution,train,0,0,0,0,0,0,0,0,0,0
nlu_0532_07,general,domain_term_phonetic_semantic_substitution,train,0,0,0,0,0,0,0,0,0,0
nlu_0119_01,medical,domain_term_phonetic_semantic_substitution,train,0,0,0,0,0,0,0,0,0,0
nlu_0344_05,legal,domain_term_phonetic_semantic_substitution,train,0,0,0,0,0,0,0,0,0,0
nlu_0089_09,medical,domain_term_phonetic_semantic_substitution,train,0,0,0,0,0,0,0,1,0,1
nlu_0266_07,finance,domain_term_phonetic_semantic_substitution,train,0,0,0,0,0,0,0,0,0,0
nlu_0574_04,general,domain_term_phonetic_semantic_substitution,train,0,0,0,0,0,0,0,0,0,0
nlu_0290_06,finance,domain_term_phonetic_semantic_substitution,train,0,0,0,0,0,0,0,0,1,1
nlu_0082_08,medical,domain_term_phonetic_semantic_substitution,unseen,0,0,1,0,1,0,1,1,0,2
nlu_0112_02,medical,domain_term_phonetic_semantic_substitution,train,0,0,0,0,0,0,0,0,0,0
nlu_0342_03,legal,domain_term_phonetic_semantic_substitution,train,0,0,0,0,0,0,0,0,0,0
nlu_0235_02,finance,domain_term_phonetic_semantic_substitution,unseen,0,0,0,0,0,0,0,0,0,0
nlu_0600_01,general,domain_term_phonetic_semantic_substitution,train,0,0,0,0,0,0,0,0,0,0
nlu_0376_10,legal,domain_term_phonetic_semantic_substitution,train,0,0,0,0,0,0,0,0,0,0
nlu_0127_05,medical,domain_term_phonetic_semantic_substitution,unseen,0,0,0,0,0,0,1,0,0,1
nlu_0100_01,medical,domain_term_phonetic_semantic_substitution,unseen,0,0,0,0,0,0,0,0,1,1
nlu_0324_06,legal,domain_term_phonetic_semantic_substitution,unseen,0,0,1,1,2,0,0,1,1,2
nlu_0174_10,medical,domain_term_phonetic_semantic_substitution,train,0,0,0,0,0,0,0,0,0,0
nlu_0248_08,finance,domain_term_phonetic_semantic_substitution,train,0,0,0,0,0,0,0,0,0,0
nlu_0036_04,medical,domain_term_phonetic_semantic_substitution,train,0,0,0,0,0,0,1,1,0,2
nlu_0527_10,general,domain_term_phonetic_semantic_substitution,validation,0,0,0,0,0,0,0,0,0,0
nlu_0246_08,finance,domain_term_phonetic_semantic_substitution,train,0,0,0,0,0,0,0,0,0,0
nlu_0421_08,legal,domain_term_phonetic_semantic_substitution,train,0,0,0,0,0,0,0,0,0,0
nlu_0149_10,medical,domain_term_phonetic_semantic_substitution,train,0,0,0,0,0,0,0,0,0,0
nlu_0393_07,legal,domain_term_phonetic_semantic_substitution,train,0,0,0,0,0,0,0,0,0,0
nlu_0123_09,medical,domain_term_phonetic_semantic_substitution,validation,0,0,0,0,0,0,0,0,0,0
nlu_0594_03,general,domain_term_phonetic_semantic_substitution,unseen,0,0,0,0,0,0,0,0,0,0
nlu_0269_10,finance,domain_term_phonetic_semantic_substitution,train,0,0,0,0,0,0,0,0,0,0
nlu_0569_03,general,domain_term_phonetic_semantic_substitution,train,0,0,0,0,0,0,0,0,0,0
nlu_0006_03,medical,domain_term_phonetic_semantic_substitution,validation,0,0,0,0,0,0,0,0,0,0
nlu_0313_04,finance,domain_term_phonetic_semantic_substitution,train,0,0,0,0,0,0,0,0,0,0
nlu_0395_09,legal,domain_term_phonetic_semantic_substitution,train,0,0,0,0,0,0,0,0,0,0
nlu_0333_02,legal,domain_term_phonetic_semantic_substitution,unseen,0,0,0,0,0,0,0,0,0,0
nlu_0366_03,legal,domain_term_phonetic_semantic_substitution,train,0,0,0,0,0,0,0,0,0,0
nlu_0159_10,medical,domain_term_phonetic_semantic_substitution,train,0,0,0,0,0,0,0,0,0,0
nlu_0148_10,medical,domain_term_phonetic_semantic_substitution,train,0,0,0,0,0,0,0,0,0,0
nlu_0147_10,medical,domain_term_phonetic_semantic_substitution,unseen,0,0,0,0,0,0,0,0,0,0
nlu_0278_09,finance,domain_term_phonetic_semantic_substitution,train,0,0,0,0,0,0,0,0,0,0
nlu_0599_08,general,domain_term_phonetic_semantic_substitution,train,0,0,0,0,0,0,0,0,0,0
nlu_0208_09,finance,domain_term_phonetic_semantic_substitution,train,0,0,0,0,0,0,0,0,0,0
nlu_0346_01,legal,domain_term_phonetic_semantic_substitution,train,0,0,0,0,0,0,0,0,0,0
nlu_0592_02,general,domain_term_deletion,train,0,0,0,0,0,0,0,0,0,0
nlu_0296_02,finance,domain_term_phonetic_semantic_substitution,train,0,0,0,0,0,0,0,0,0,0
nlu_0044_07,medical,domain_term_phonetic_semantic_substitution,train,0,0,0,0,0,0,0,0,1,1
nlu_0289_07,finance,domain_term_phonetic_semantic_substitution,train,0,0,0,0,0,0,0,0,0,0
nlu_0389_06,legal,domain_term_phonetic_semantic_substitution,unseen,0,0,1,0,1,0,0,1,0,1
nlu_0159_09,medical,domain_term_phonetic_semantic_substitution,train,0,0,0,0,0,0,0,0,0,0
nlu_0442_08,technology,domain_term_phonetic_semantic_substitution,train,0,0,0,0,0,0,0,0,0,0
nlu_0160_01,medical,domain_term_phonetic_semantic_substitution,unseen,0,0,0,0,0,0,0,0,0,0
nlu_0326_01,legal,domain_term_phonetic_semantic_substitution,train,0,0,0,0,0,0,0,0,0,0
nlu_0098_04,medical,domain_term_phonetic_semantic_substitution,train,0,0,0,0,0,0,1,1,1,3
nlu_0124_09,medical,domain_term_phonetic_semantic_substitution,validation,0,0,0,0,0,0,0,0,0,0
nlu_0235_03,finance,domain_term_phonetic_semantic_substitution,unseen,0,0,0,0,0,0,0,0,0,0
nlu_0248_04,finance,domain_term_phonetic_semantic_substitution,train,0,0,0,0,0,0,0,0,0,0
nlu_0359_09,legal,domain_term_phonetic_semantic_substitution,train,0,0,0,0,0,0,0,0,0,0
nlu_0513_01,general,domain_term_phonetic_semantic_substitution,validation,0,0,0,0,0,0,0,0,0,0
nlu_0224_02,finance,domain_term_phonetic_semantic_substitution,unseen,0,0,0,1,1,0,0,0,1,1
nlu_0252_09,finance,domain_term_phonetic_semantic_substitution,train,0,0,0,0,0,0,0,0,0,0
nlu_0150_08,medical,domain_term_phonetic_semantic_substitution,train,0,0,0,0,0,0,0,0,0,0
nlu_0045_10,medical,domain_term_phonetic_semantic_substitution,unseen,0,0,0,0,0,0,0,1,0,1
nlu_0237_10,finance,domain_term_phonetic_semantic_substitution,train,0,0,0,0,0,0,0,0,0,0
nlu_0413_03,legal,domain_term_phonetic_semantic_substitution,train,0,0,0,0,0,0,0,0,0,0
nlu_0243_03,finance,domain_term_phonetic_semantic_substitution,train,0,0,0,0,0,0,0,0,0,0
nlu_0539_07,general,domain_term_phonetic_semantic_substitution,train,0,0,0,0,0,0,0,0,0,0
nlu_0596_07,general,domain_term_phonetic_semantic_substitution,train,0,0,0,0,0,0,0,0,0,0
nlu_0156_02,medical,domain_term_phonetic_semantic_substitution,train,0,0,0,0,0,0,0,0,0,0
nlu_0532_09,general,domain_term_phonetic_semantic_substitution,train,0,0,0,0,0,0,0,0,0,0
nlu_0115_07,medical,domain_term_phonetic_semantic_substitution,unseen,0,0,0,0,0,0,0,0,0,0
nlu_0560_09,general,domain_term_phonetic_semantic_substitution,train,0,0,0,0,0,0,0,0,0,0
nlu_0210_03,finance,domain_term_phonetic_semantic_substitution,train,0,0,0,0,0,0,0,0,0,0
nlu_0132_04,medical,domain_term_phonetic_semantic_substitution,train,0,0,0,0,0,0,0,1,0,1
nlu_0202_06,finance,domain_term_phonetic_semantic_substitution,train,0,0,0,0,0,0,0,0,0,0
nlu_0431_07,legal,domain_term_phonetic_semantic_substitution,validation,0,0,0,0,0,0,0,0,0,0
nlu_0371_09,legal,domain_term_phonetic_semantic_substitution,unseen,0,0,0,0,0,0,1,1,1,3
nlu_0301_09,finance,domain_term_phonetic_semantic_substitution,unseen,0,0,0,1,1,0,0,0,1,1
nlu_0139_02,medical,domain_term_phonetic_semantic_substitution,train,0,0,0,0,0,0,0,0,0,0
nlu_0325_09,legal,domain_term_phonetic_semantic_substitution,train,0,0,0,0,0,0,0,1,1,2
nlu_0042_04,medical,domain_term_phonetic_semantic_substitution,train,0,0,0,0,0,0,0,1,1,2
nlu_0095_02,medical,domain_term_phonetic_semantic_substitution,unseen,0,0,0,0,0,0,1,0,1,2
nlu_0081_02,medical,domain_term_phonetic_semantic_substitution,unseen,0,0,1,0,1,0,0,1,0,1
nlu_0492_04,technology,domain_term_phonetic_semantic_substitution,validation,0,0,0,1,1,0,0,0,1,1
nlu_0549_04,general,domain_term_phonetic_semantic_substitution,train,0,0,0,0,0,0,0,0,0,0
nlu_0026_07,medical,domain_term_phonetic_semantic_substitution,unseen,0,0,1,0,1,0,1,1,1,3
nlu_0589_07,general,domain_term_phonetic_semantic_substitution,train,0,0,0,0,0,0,0,0,0,0
nlu_0224_06,finance,domain_term_phonetic_semantic_substitution,unseen,0,0,0,0,0,0,0,0,0,0
nlu_0065_08,medical,domain_term_phonetic_semantic_substitution,train,0,0,0,0,0,0,0,0,0,0
nlu_0177_08,medical,domain_term_phonetic_semantic_substitution,train,0,0,0,0,0,0,0,0,0,0
nlu_0411_06,legal,domain_term_phonetic_semantic_substitution,unseen,0,0,0,0,0,0,0,1,0,1
nlu_0394_06,legal,domain_term_phonetic_semantic_substitution,validation,0,0,1,1,2,0,0,1,0,1
nlu_0542_03,general,domain_term_phonetic_semantic_substitution,train,0,0,0,0,0,0,0,0,0,0
nlu_0395_10,legal,domain_term_phonetic_semantic_substitution,train,0,0,0,0,0,0,0,0,0,0
nlu_0003_05,medical,domain_term_phonetic_semantic_substitution,train,0,0,0,0,0,0,0,0,0,0
nlu_0109_09,medical,domain_term_phonetic_semantic_substitution,train,0,0,0,0,0,0,0,0,0,0
nlu_0512_02,general,domain_term_phonetic_semantic_substitution,unseen,0,0,0,0,0,0,0,0,0,0
nlu_0417_06,legal,domain_term_phonetic_semantic_substitution,train,0,0,0,0,0,0,0,1,0,1
nlu_0012_03,medical,domain_term_phonetic_semantic_substitution,train,0,0,0,0,0,0,0,0,0,0
nlu_0232_02,finance,domain_term_phonetic_semantic_substitution,train,0,0,0,0,0,0,0,0,0,0
nlu_0465_08,technology,domain_term_phonetic_semantic_substitution,unseen,0,0,0,0,0,0,0,0,0,0
nlu_0006_07,medical,domain_term_phonetic_semantic_substitution,validation,0,0,0,1,1,0,0,0,1,1
nlu_0131_10,medical,domain_term_phonetic_semantic_substitution,train,0,0,0,0,0,0,0,0,0,0
nlu_0070_06,medical,domain_term_phonetic_semantic_substitution,train,0,0,0,0,0,0,0,0,0,0
nlu_0437_07,legal,domain_term_phonetic_semantic_substitution,train,0,0,0,0,0,0,0,0,0,0
nlu_0123_08,medical,domain_term_phonetic_semantic_substitution,validation,0,0,0,0,0,0,1,0,0,1
nlu_0200_10,finance,domain_term_phonetic_semantic_substitution,train,0,0,0,0,0,0,0,0,0,0
nlu_0028_07,medical,domain_term_phonetic_semantic_substitution,unseen,0,0,1,0,1,0,0,1,1,2
nlu_0407_01,legal,domain_term_phonetic_semantic_substitution,train,0,0,0,0,0,0,0,0,0,0
nlu_0301_08,finance,domain_term_phonetic_semantic_substitution,unseen,0,0,0,0,0,0,0,0,0,0
nlu_0184_04,medical,domain_term_phonetic_semantic_substitution,train,0,0,0,0,0,1,1,1,1,4
nlu_0069_03,medical,domain_term_phonetic_semantic_substitution,train,0,0,0,0,0,0,0,0,0,0
nlu_0314_10,legal,domain_term_phonetic_semantic_substitution,train,0,0,0,0,0,0,0,0,0,0
nlu_0434_05,legal,domain_term_phonetic_semantic_substitution,train,0,0,0,0,0,0,0,0,0,0
nlu_0114_08,medical,domain_term_phonetic_semantic_substitution,train,0,0,0,0,0,0,0,0,0,0
nlu_0376_03,legal,domain_term_phonetic_semantic_substitution,train,0,0,0,0,0,0,0,0,0,0
nlu_0379_03,legal,domain_term_phonetic_semantic_substitution,train,0,0,0,0,0,0,0,0,0,0
nlu_0302_02,finance,domain_term_phonetic_semantic_substitution,train,0,0,0,0,0,0,0,0,0,0
nlu_0409_09,legal,domain_term_phonetic_semantic_substitution,train,0,0,0,0,0,0,0,0,0,0
nlu_0484_04,technology,domain_term_phonetic_semantic_substitution,validation,0,0,1,0,1,0,0,1,1,2
nlu_0135_07,medical,domain_term_phonetic_semantic_substitution,validation,0,0,0,0,0,0,0,0,0,0
nlu_0256_01,finance,domain_term_phonetic_semantic_substitution,train,0,0,0,0,0,0,0,0,0,0
nlu_0493_03,technology,domain_term_phonetic_semantic_substitution,train,0,0,0,0,0,0,0,0,0,0
nlu_0281_02,finance,domain_term_phonetic_semantic_substitution,train,0,0,0,0,0,0,0,0,0,0
nlu_0239_05,finance,domain_term_phonetic_semantic_substitution,unseen,0,0,0,0,0,0,0,0,0,0
nlu_0477_07,technology,domain_term_phonetic_semantic_substitution,train,0,0,0,0,0,0,0,0,0,0
nlu_0418_07,legal,domain_term_phonetic_semantic_substitution,train,0,0,0,0,0,0,0,1,0,1
nlu_0326_04,legal,domain_term_phonetic_semantic_substitution,train,0,0,0,0,0,0,0,1,1,2
nlu_0261_10,finance,domain_term_phonetic_semantic_substitution,validation,0,0,0,0,0,0,0,0,0,0
nlu_0326_05,legal,domain_term_phonetic_semantic_substitution,train,0,0,0,0,0,0,0,0,0,0
nlu_0257_10,finance,domain_term_phonetic_semantic_substitution,validation,0,0,0,0,0,0,0,0,0,0
nlu_0276_04,finance,domain_term_phonetic_semantic_substitution,validation,0,0,0,0,0,0,0,0,0,0
nlu_0499_09,technology,domain_term_phonetic_semantic_substitution,train,0,0,0,0,0,0,0,1,0,1
nlu_0493_07,technology,domain_term_phonetic_semantic_substitution,train,0,0,0,0,0,0,0,0,0,0
nlu_0009_02,medical,domain_term_phonetic_semantic_substitution,train,0,0,0,0,0,0,0,0,0,0
nlu_0198_03,finance,domain_term_phonetic_semantic_substitution,validation,0,0,0,0,0,0,0,0,0,0
nlu_0172_05,medical,domain_term_phonetic_semantic_substitution,train,0,0,0,0,0,0,0,1,1,2
nlu_0315_03,legal,domain_term_phonetic_semantic_substitution,train,0,0,0,0,0,0,0,0,0,0
nlu_0363_03,legal,domain_term_phonetic_semantic_substitution,train,0,0,0,0,0,0,0,0,0,0
nlu_0195_07,finance,domain_term_phonetic_semantic_substitution,train,0,0,0,0,0,0,1,1,1,3
nlu_0332_08,legal,domain_term_phonetic_semantic_substitution,train,0,0,0,0,0,0,0,0,0,0
nlu_0409_05,legal,domain_term_phonetic_semantic_substitution,train,0,0,0,0,0,0,0,0,0,0
nlu_0471_10,technology,domain_term_phonetic_semantic_substitution,unseen,0,0,0,0,0,0,0,0,0,0
nlu_0162_01,medical,domain_term_phonetic_semantic_substitution,train,0,0,0,0,0,0,0,0,1,1
nlu_0465_01,technology,domain_term_phonetic_semantic_substitution,unseen,0,0,0,0,0,0,0,0,0,0
nlu_0290_01,finance,domain_term_phonetic_semantic_substitution,train,0,0,0,0,0,0,0,0,0,0
nlu_0325_06,legal,domain_term_phonetic_semantic_substitution,train,0,0,0,0,0,0,0,0,1,1
nlu_0587_04,general,domain_term_phonetic_semantic_substitution,train,0,0,0,0,0,0,0,0,0,0
nlu_0463_06,technology,domain_term_phonetic_semantic_substitution,train,0,0,0,0,0,0,0,0,0,0
nlu_0067_06,medical,domain_term_phonetic_semantic_substitution,train,0,0,0,0,0,0,0,0,0,0
nlu_0220_05,finance,domain_term_phonetic_semantic_substitution,validation,0,0,0,0,0,0,0,1,1,2
nlu_0573_03,general,domain_term_phonetic_semantic_substitution,validation,0,0,0,0,0,0,0,0,0,0
nlu_0511_01,general,domain_term_phonetic_semantic_substitution,train,0,0,0,0,0,0,0,0,0,0
nlu_0102_08,medical,domain_term_phonetic_semantic_substitution,validation,0,0,0,0,0,0,1,1,0,2
nlu_0056_08,medical,domain_term_phonetic_semantic_substitution,train,0,0,0,0,0,0,1,1,0,2
nlu_0440_09,technology,domain_term_phonetic_semantic_substitution,train,0,0,0,0,0,0,0,1,1,2
nlu_0577_07,general,domain_term_phonetic_semantic_substitution,unseen,0,0,0,0,0,0,0,0,0,0
nlu_0121_08,medical,domain_term_phonetic_semantic_substitution,train,0,0,0,0,0,0,0,0,0,0
nlu_0381_03,legal,domain_term_phonetic_semantic_substitution,train,0,0,0,0,0,0,0,0,0,0
nlu_0303_05,finance,domain_term_phonetic_semantic_substitution,train,0,0,0,0,0,0,0,0,0,0
nlu_0152_01,medical,domain_term_phonetic_semantic_substitution,train,0,0,0,0,0,0,0,0,0,0
nlu_0512_05,general,domain_term_phonetic_semantic_substitution,unseen,0,0,0,0,0,0,0,0,0,0
nlu_0555_10,general,domain_term_phonetic_semantic_substitution,train,0,0,0,0,0,0,0,0,0,0
nlu_0421_02,legal,domain_term_phonetic_semantic_substitution,train,0,0,0,0,0,0,0,0,0,0
nlu_0457_08,technology,domain_term_phonetic_semantic_substitution,train,0,0,0,0,0,0,0,0,0,0
nlu_0027_07,medical,domain_term_phonetic_semantic_substitution,train,0,0,0,0,0,0,1,1,1,3
nlu_0269_09,finance,domain_term_phonetic_semantic_substitution,train,0,0,0,0,0,0,0,1,1,2
nlu_0547_03,general,domain_term_phonetic_semantic_substitution,train,0,0,0,0,0,0,0,0,0,0
nlu_0212_02,finance,domain_term_phonetic_semantic_substitution,train,0,0,0,0,0,0,0,0,0,0
nlu_0295_04,finance,domain_term_phonetic_semantic_substitution,train,0,0,0,0,0,0,0,1,0,1
nlu_0191_10,finance,domain_term_phonetic_semantic_substitution,train,0,0,0,0,0,0,1,0,1,2
nlu_0311_06,finance,domain_term_phonetic_semantic_substitution,train,0,0,0,0,0,0,0,0,0,0
nlu_0391_04,legal,domain_term_phonetic_semantic_substitution,validation,0,0,1,1,2,0,0,1,1,2
nlu_0396_02,legal,domain_term_phonetic_semantic_substitution,train,0,0,0,0,0,0,0,0,0,0
nlu_0424_07,legal,domain_term_phonetic_semantic_substitution,train,0,0,0,0,0,0,0,1,0,1
nlu_0358_01,legal,domain_term_phonetic_semantic_substitution,train,0,0,0,0,0,0,0,0,0,0
nlu_0483_04,technology,domain_term_phonetic_semantic_substitution,train,0,0,0,0,0,0,0,0,1,1
nlu_0322_08,legal,domain_term_phonetic_semantic_substitution,validation,0,0,0,0,0,0,0,0,0,0
nlu_0179_05,medical,domain_term_phonetic_semantic_substitution,train,0,0,0,0,0,0,0,0,0,0
nlu_0124_08,medical,domain_term_phonetic_semantic_substitution,validation,0,0,0,0,0,0,1,0,0,1
nlu_0500_02,technology,domain_term_phonetic_semantic_substitution,validation,0,0,0,0,0,0,0,0,0,0
nlu_0471_01,technology,domain_term_phonetic_semantic_substitution,unseen,0,0,0,0,0,0,0,0,0,0
nlu_0421_01,legal,domain_term_phonetic_semantic_substitution,train,0,0,0,0,0,0,0,0,0,0
nlu_0487_06,technology,domain_term_phonetic_semantic_substitution,train,0,0,0,0,0,0,0,0,0,0
nlu_0593_01,general,domain_term_phonetic_semantic_substitution,unseen,0,0,0,0,0,0,0,0,0,0
nlu_0219_07,finance,domain_term_phonetic_semantic_substitution,train,0,0,0,0,0,0,0,0,1,1
nlu_0345_08,legal,domain_term_phonetic_semantic_substitution,unseen,0,0,0,0,0,0,0,0,0,0
nlu_0091_09,medical,domain_term_phonetic_semantic_substitution,train,0,0,0,0,0,0,0,1,0,1
nlu_0432_09,legal,domain_term_phonetic_semantic_substitution,train,0,0,0,0,0,0,0,1,1,2
nlu_0131_04,medical,domain_term_phonetic_semantic_substitution,train,0,0,0,0,0,0,0,1,0,1
nlu_0561_02,general,domain_term_phonetic_semantic_substitution,train,0,0,0,0,0,0,0,0,0,0
nlu_0163_08,medical,domain_term_phonetic_semantic_substitution,train,0,0,0,0,0,0,0,0,1,1
nlu_0153_03,medical,domain_term_phonetic_semantic_substitution,validation,0,0,0,0,0,0,0,0,0,0
nlu_0084_06,medical,domain_term_phonetic_semantic_substitution,train,0,0,0,0,0,0,0,0,0,0
nlu_0036_09,medical,domain_term_phonetic_semantic_substitution,train,0,0,0,0,0,0,0,0,0,0
nlu_0014_09,medical,domain_term_phonetic_semantic_substitution,train,0,0,0,0,0,0,0,0,0,0
nlu_0030_10,medical,domain_term_phonetic_semantic_substitution,validation,0,0,0,0,0,0,0,1,1,2
nlu_0156_07,medical,domain_term_phonetic_semantic_substitution,train,0,0,0,0,0,0,0,1,1,2
nlu_0101_04,medical,domain_term_phonetic_semantic_substitution,train,0,0,0,0,0,0,0,0,0,0
nlu_0039_03,medical,domain_term_phonetic_semantic_substitution,train,0,0,0,0,0,0,0,0,0,0
nlu_0420_05,legal,domain_term_phonetic_semantic_substitution,train,0,0,0,0,0,0,0,0,0,0
nlu_0077_02,medical,domain_term_phonetic_semantic_substitution,train,0,0,0,0,0,0,0,0,1,1
nlu_0573_02,general,domain_term_phonetic_semantic_substitution,validation,0,0,0,0,0,0,0,0,0,0
nlu_0296_05,finance,domain_term_phonetic_semantic_substitution,train,0,0,0,0,0,0,0,0,0,0
nlu_0418_05,legal,domain_term_phonetic_semantic_substitution,train,0,0,0,0,0,0,0,0,0,0
nlu_0485_08,technology,domain_term_phonetic_semantic_substitution,train,0,0,0,0,0,0,0,0,0,0
nlu_0444_10,technology,domain_term_phonetic_semantic_substitution,train,0,0,0,0,0,0,0,0,0,0
nlu_0141_03,medical,domain_term_phonetic_semantic_substitution,train,0,0,0,0,0,0,0,0,0,0
nlu_0294_08,finance,domain_term_phonetic_semantic_substitution,train,0,0,0,0,0,0,0,0,0,0
nlu_0585_04,general,domain_term_phonetic_semantic_substitution,train,0,0,0,0,0,0,0,0,0,0
nlu_0194_03,finance,domain_term_phonetic_semantic_substitution,train,0,0,0,0,0,0,0,0,0,0
nlu_0322_01,legal,domain_term_phonetic_semantic_substitution,validation,0,0,0,0,0,0,0,0,0,0
nlu_0290_08,finance,domain_term_phonetic_semantic_substitution,train,0,0,0,0,0,0,0,0,0,0
nlu_0557_08,general,domain_term_phonetic_semantic_substitution,train,0,0,0,0,0,0,0,0,0,0
nlu_0515_04,general,domain_term_phonetic_semantic_substitution,train,0,0,0,0,0,0,0,0,0,0
nlu_0283_08,finance,domain_term_phonetic_semantic_substitution,train,0,0,0,0,0,0,0,0,0,0
nlu_0388_01,legal,domain_term_phonetic_semantic_substitution,unseen,0,0,1,0,1,0,1,1,1,3
nlu_0276_06,finance,domain_term_phonetic_semantic_substitution,validation,0,0,0,0,0,0,1,1,1,3
nlu_0006_09,medical,domain_term_phonetic_semantic_substitution,validation,0,0,1,1,2,0,0,1,1,2
nlu_0008_07,medical,domain_term_phonetic_semantic_substitution,train,0,0,0,0,0,0,0,0,0,0
nlu_0080_07,medical,domain_term_phonetic_semantic_substitution,train,0,0,0,0,0,0,0,0,1,1
nlu_0242_07,finance,domain_term_phonetic_semantic_substitution,train,0,0,0,0,0,0,0,0,0,0
nlu_0299_06,finance,domain_term_phonetic_semantic_substitution,validation,0,0,0,0,0,0,0,1,0,1
nlu_0439_08,technology,domain_term_phonetic_semantic_substitution,train,0,0,0,0,0,0,0,0,0,0
nlu_0079_06,medical,domain_term_phonetic_semantic_substitution,validation,0,0,0,0,0,0,0,0,0,0
nlu_0502_08,general,domain_term_phonetic_semantic_substitution,train,0,0,0,0,0,0,0,0,0,0
nlu_0507_08,general,domain_term_phonetic_semantic_substitution,validation,0,0,0,0,0,0,0,0,0,0
nlu_0222_08,finance,domain_term_phonetic_semantic_substitution,train,0,0,0,0,0,0,0,0,0,0
nlu_0533_02,general,domain_term_phonetic_semantic_substitution,train,0,0,0,0,0,0,0,0,0,0
nlu_0503_09,general,domain_term_phonetic_semantic_substitution,train,0,0,0,0,0,0,0,0,0,0
nlu_0351_05,legal,domain_term_phonetic_semantic_substitution,train,0,0,0,0,0,0,0,0,0,0
nlu_0338_01,legal,domain_term_phonetic_semantic_substitution,train,0,0,0,0,0,0,0,0,0,0
nlu_0399_03,legal,domain_term_phonetic_semantic_substitution,validation,0,0,0,0,0,0,0,1,1,2
nlu_0463_09,technology,domain_term_phonetic_semantic_substitution,train,0,0,0,0,0,0,0,0,0,0
nlu_0092_01,medical,domain_term_phonetic_semantic_substitution,validation,0,0,0,0,0,0,0,0,0,0
nlu_0218_03,finance,domain_term_phonetic_semantic_substitution,unseen,0,0,0,0,0,0,0,1,1,2
nlu_0352_09,legal,domain_term_phonetic_semantic_substitution,train,0,0,1,0,1,0,0,1,0,1
nlu_0231_10,finance,domain_term_phonetic_semantic_substitution,train,0,0,0,0,0,0,0,0,0,0
nlu_0590_05,general,domain_term_phonetic_semantic_substitution,unseen,0,0,0,0,0,0,0,0,0,0
nlu_0126_08,medical,domain_term_phonetic_semantic_substitution,train,0,0,0,0,0,0,1,0,0,1
nlu_0250_06,finance,domain_term_phonetic_semantic_substitution,train,0,0,0,0,0,0,0,0,0,0
nlu_0453_01,technology,domain_term_phonetic_semantic_substitution,train,0,0,0,0,0,0,0,0,0,0
nlu_0489_06,technology,domain_term_phonetic_semantic_substitution,train,0,0,0,0,0,0,0,0,0,0
nlu_0118_09,medical,domain_term_phonetic_semantic_substitution,train,0,0,0,0,0,0,0,0,0,0
nlu_0452_04,technology,domain_term_phonetic_semantic_substitution,train,0,0,0,0,0,0,0,0,0,0
nlu_0490_09,technology,domain_term_phonetic_semantic_substitution,validation,0,0,0,0,0,0,0,1,1,2
nlu_0045_03,medical,domain_term_phonetic_semantic_substitution,unseen,0,0,0,0,0,0,0,0,0,0
nlu_0407_07,legal,domain_term_phonetic_semantic_substitution,train,0,0,0,0,0,0,0,0,0,0
nlu_0304_09,finance,domain_term_phonetic_semantic_substitution,train,0,0,0,0,0,0,0,0,0,0
nlu_0330_07,legal,domain_term_phonetic_semantic_substitution,train,0,0,0,0,0,0,0,1,0,1
nlu_0572_10,general,domain_term_phonetic_semantic_substitution,unseen,0,0,0,0,0,0,0,0,0,0
nlu_0106_05,medical,domain_term_phonetic_semantic_substitution,train,0,0,0,0,0,0,0,0,0,0
nlu_0267_10,finance,domain_term_phonetic_semantic_substitution,train,0,0,0,0,0,0,0,0,0,0
nlu_0460_07,technology,domain_term_phonetic_semantic_substitution,unseen,0,0,0,0,0,0,0,0,0,0
nlu_0305_05,finance,domain_term_phonetic_semantic_substitution,train,0,0,0,0,0,0,0,0,0,0
nlu_0142_06,medical,domain_term_phonetic_semantic_substitution,train,0,0,0,0,0,0,0,0,1,1
nlu_0238_03,finance,domain_term_phonetic_semantic_substitution,train,0,0,0,0,0,0,0,0,0,0
nlu_0424_08,legal,domain_term_phonetic_semantic_substitution,train,0,0,0,0,0,0,0,0,0,0
nlu_0298_03,finance,domain_term_phonetic_semantic_substitution,train,0,0,0,0,0,0,0,0,0,0
nlu_0543_09,general,domain_term_phonetic_semantic_substitution,train,0,0,0,0,0,0,0,0,0,0
nlu_0369_06,legal,domain_term_phonetic_semantic_substitution,validation,0,0,0,0,0,0,0,1,1,2
nlu_0517_07,general,domain_term_phonetic_semantic_substitution,train,0,0,0,0,0,0,0,0,0,0
nlu_0151_03,medical,domain_term_phonetic_semantic_substitution,validation,0,0,0,0,0,0,0,0,0,0
nlu_0471_03,technology,domain_term_phonetic_semantic_substitution,unseen,0,0,0,0,0,0,0,0,0,0
nlu_0385_05,legal,domain_term_phonetic_semantic_substitution,validation,0,0,0,0,0,0,0,0,0,0
nlu_0202_02,finance,domain_term_phonetic_semantic_substitution,train,0,0,0,0,0,0,1,0,1,2
nlu_0526_07,general,domain_term_phonetic_semantic_substitution,train,0,0,0,0,0,0,0,0,0,0
nlu_0526_06,general,domain_term_phonetic_semantic_substitution,train,0,0,0,0,0,0,0,0,0,0
nlu_0286_10,finance,domain_term_phonetic_semantic_substitution,train,0,0,0,0,0,0,0,0,0,0
nlu_0484_07,technology,domain_term_phonetic_semantic_substitution,validation,0,0,0,0,0,0,0,0,0,0
nlu_0454_02,technology,domain_term_phonetic_semantic_substitution,validation,0,0,0,0,0,0,0,0,0,0
nlu_0347_05,legal,domain_term_phonetic_semantic_substitution,train,0,0,0,0,0,0,0,0,0,0
nlu_0001_07,medical,domain_term_phonetic_semantic_substitution,validation,0,0,1,1,2,0,0,1,0,1
nlu_0249_08,finance,domain_term_phonetic_semantic_substitution,train,0,0,0,0,0,0,0,0,0,0
nlu_0068_09,medical,domain_term_phonetic_semantic_substitution,unseen,0,0,0,0,0,0,0,0,1,1
nlu_0195_04,finance,domain_term_phonetic_semantic_substitution,train,0,0,0,0,0,0,0,0,0,0
nlu_0372_07,legal,domain_term_phonetic_semantic_substitution,train,0,0,0,0,0,0,1,1,0,2
nlu_0553_01,general,domain_term_phonetic_semantic_substitution,train,0,0,0,0,0,0,0,0,0,0
nlu_0565_04,general,domain_term_phonetic_semantic_substitution,train,0,0,0,0,0,0,0,0,0,0
nlu_0461_03,technology,domain_term_phonetic_semantic_substitution,train,0,0,0,0,0,0,0,0,0,0
nlu_0261_08,finance,domain_term_phonetic_semantic_substitution,validation,0,0,0,0,0,0,0,0,0,0
nlu_0467_01,technology,domain_term_deletion,train,0,0,0,0,0,0,0,0,0,0
nlu_0552_07,general,domain_term_phonetic_semantic_substitution,train,0,0,0,0,0,0,0,0,0,0
nlu_0107_05,medical,domain_term_phonetic_semantic_substitution,train,0,0,0,0,0,0,0,0,0,0
nlu_0374_03,legal,domain_term_phonetic_semantic_substitution,unseen,0,0,0,0,0,0,0,0,0,0
nlu_0225_03,finance,domain_term_phonetic_semantic_substitution,unseen,0,0,1,0,1,0,0,1,0,1
nlu_0148_05,medical,domain_term_phonetic_semantic_substitution,train,0,0,0,0,0,0,0,0,0,0
nlu_0445_10,technology,domain_term_phonetic_semantic_substitution,train,0,0,0,0,0,0,0,0,0,0
nlu_0189_10,finance,domain_term_phonetic_semantic_substitution,train,0,0,0,0,0,0,0,0,1,1
nlu_0346_05,legal,domain_term_phonetic_semantic_substitution,train,0,0,0,0,0,0,0,0,0,0
nlu_0203_02,finance,domain_term_phonetic_semantic_substitution,train,0,0,0,0,0,0,0,0,1,1
nlu_0524_06,general,domain_term_phonetic_semantic_substitution,train,0,0,0,0,0,0,0,0,0,0
nlu_0428_01,legal,domain_term_phonetic_semantic_substitution,train,0,0,0,0,0,0,0,0,0,0
nlu_0266_09,finance,domain_term_phonetic_semantic_substitution,train,0,0,0,0,0,0,1,1,1,3
nlu_0247_08,finance,domain_term_phonetic_semantic_substitution,train,0,0,0,0,0,0,0,0,0,0
nlu_0276_02,finance,domain_term_phonetic_semantic_substitution,validation,0,0,0,0,0,0,0,0,0,0
nlu_0114_01,medical,domain_term_phonetic_semantic_substitution,train,0,0,0,0,0,0,0,0,0,0
nlu_0147_02,medical,domain_term_phonetic_semantic_substitution,unseen,0,0,0,0,0,0,0,0,0,0
nlu_0469_10,technology,domain_term_phonetic_semantic_substitution,train,0,0,0,0,0,0,0,0,0,0
nlu_0544_01,general,domain_term_phonetic_semantic_substitution,train,0,0,0,0,0,0,0,0,0,0
nlu_0331_09,legal,domain_term_phonetic_semantic_substitution,train,0,0,0,0,0,0,0,0,0,0
nlu_0327_01,legal,domain_term_phonetic_semantic_substitution,train,0,0,0,0,0,0,0,0,0,0
nlu_0023_03,medical,domain_term_phonetic_semantic_substitution,train,0,0,0,0,0,0,0,0,0,0
nlu_0557_03,general,domain_term_phonetic_semantic_substitution,train,0,0,0,0,0,0,0,0,0,0
nlu_0005_09,medical,domain_term_phonetic_semantic_substitution,train,0,0,0,0,0,0,0,0,0,0
nlu_0058_04,medical,domain_term_phonetic_semantic_substitution,unseen,0,0,0,0,0,0,1,1,0,2
nlu_0124_07,medical,domain_term_phonetic_semantic_substitution,validation,0,0,0,0,0,0,0,0,0,0
nlu_0457_02,technology,domain_term_phonetic_semantic_substitution,train,0,0,0,0,0,0,0,0,0,0
nlu_0582_06,general,domain_term_phonetic_semantic_substitution,train,0,0,0,0,0,0,0,0,0,0
nlu_0539_10,general,domain_term_phonetic_semantic_substitution,train,0,0,0,0,0,0,0,0,0,0
nlu_0229_03,finance,domain_term_phonetic_semantic_substitution,unseen,0,0,0,0,0,0,0,0,0,0
nlu_0408_09,legal,domain_term_phonetic_semantic_substitution,train,0,0,0,0,0,0,0,0,0,0
nlu_0027_08,medical,domain_term_phonetic_semantic_substitution,train,0,0,0,0,0,0,1,1,1,3
nlu_0111_05,medical,domain_term_phonetic_semantic_substitution,train,0,0,0,0,0,0,0,0,0,0
nlu_0231_06,finance,domain_term_phonetic_semantic_substitution,train,0,0,0,0,0,0,0,1,1,2
nlu_0512_08,general,domain_term_phonetic_semantic_substitution,unseen,0,0,0,0,0,0,0,0,0,0
nlu_0194_06,finance,domain_term_phonetic_semantic_substitution,train,0,0,0,0,0,0,0,0,0,0
nlu_0039_07,medical,domain_term_phonetic_semantic_substitution,train,0,0,0,0,0,0,0,0,0,0
nlu_0171_02,medical,domain_term_phonetic_semantic_substitution,train,0,0,0,0,0,0,0,0,0,0
nlu_0163_09,medical,domain_term_phonetic_semantic_substitution,train,0,0,1,0,1,0,0,1,1,2
nlu_0321_01,legal,domain_term_phonetic_semantic_substitution,validation,0,0,0,0,0,0,0,0,0,0
nlu_0272_05,finance,domain_term_phonetic_semantic_substitution,unseen,0,0,0,0,0,0,0,0,0,0
nlu_0299_07,finance,domain_term_phonetic_semantic_substitution,validation,0,0,0,0,0,0,0,0,0,0
nlu_0525_06,general,domain_term_phonetic_semantic_substitution,validation,0,0,0,0,0,0,0,0,0,0
nlu_0157_04,medical,domain_term_phonetic_semantic_substitution,train,0,0,0,0,0,0,0,0,0,0
nlu_0358_09,legal,domain_term_phonetic_semantic_substitution,train,0,0,0,0,0,0,0,0,0,0
nlu_0021_10,medical,domain_term_phonetic_semantic_substitution,train,0,0,0,0,0,0,1,1,1,3
nlu_0091_10,medical,domain_term_phonetic_semantic_substitution,train,0,0,0,0,0,0,1,1,1,3
nlu_0129_10,medical,domain_term_phonetic_semantic_substitution,validation,0,0,0,0,0,0,0,0,0,0
nlu_0453_09,technology,domain_term_phonetic_semantic_substitution,train,0,0,0,0,0,0,0,1,1,2
nlu_0496_03,technology,domain_term_phonetic_semantic_substitution,train,0,0,0,0,0,0,0,0,0,0
nlu_0185_03,medical,domain_term_phonetic_semantic_substitution,train,0,0,0,0,0,0,0,0,1,1
nlu_0250_08,finance,domain_term_phonetic_semantic_substitution,train,0,0,0,0,0,0,0,0,0,0
nlu_0491_05,technology,domain_term_phonetic_semantic_substitution,train,0,0,0,0,0,0,0,1,0,1
nlu_0433_04,legal,domain_term_phonetic_semantic_substitution,unseen,0,0,0,0,0,0,1,1,1,3
nlu_0096_09,medical,domain_term_phonetic_semantic_substitution,unseen,0,0,1,0,1,0,0,1,0,1
nlu_0180_04,medical,domain_term_phonetic_semantic_substitution,train,0,0,0,0,0,0,0,1,0,1
nlu_0209_09,finance,domain_term_phonetic_semantic_substitution,train,0,0,0,0,0,0,0,0,0,0
nlu_0271_03,finance,domain_term_phonetic_semantic_substitution,unseen,0,0,0,0,0,0,0,0,0,0
nlu_0034_02,medical,domain_term_phonetic_semantic_substitution,train,0,0,0,0,0,0,0,0,0,0
nlu_0334_05,legal,domain_term_phonetic_semantic_substitution,train,0,0,0,0,0,0,0,0,0,0
nlu_0389_02,legal,domain_term_phonetic_semantic_substitution,unseen,0,0,1,0,1,0,0,1,0,1
nlu_0300_02,finance,domain_term_phonetic_semantic_substitution,validation,0,0,0,0,0,0,0,0,0,0
nlu_0246_10,finance,domain_term_phonetic_semantic_substitution,train,0,0,0,0,0,0,0,0,0,0
nlu_0178_05,medical,domain_term_phonetic_semantic_substitution,train,0,0,0,0,0,0,0,0,0,0
nlu_0422_02,legal,domain_term_phonetic_semantic_substitution,train,0,0,0,0,0,0,0,0,0,0
nlu_0475_02,technology,domain_term_phonetic_semantic_substitution,train,0,0,0,0,0,0,0,0,0,0
nlu_0416_02,legal,domain_term_phonetic_semantic_substitution,train,0,0,0,0,0,0,0,0,0,0
nlu_0417_04,legal,domain_term_phonetic_semantic_substitution,train,0,0,0,0,0,0,0,0,0,0
nlu_0487_08,technology,domain_term_phonetic_semantic_substitution,train,0,0,0,0,0,0,0,0,0,0
nlu_0530_01,general,domain_term_phonetic_semantic_substitution,validation,0,0,0,0,0,0,0,0,0,0
nlu_0377_06,legal,domain_term_phonetic_semantic_substitution,train,0,0,0,0,0,0,0,0,0,0
nlu_0281_10,finance,domain_term_phonetic_semantic_substitution,train,0,0,0,0,0,0,0,0,0,0
nlu_0172_01,medical,domain_term_phonetic_semantic_substitution,train,0,0,0,0,0,0,0,0,0,0
nlu_0458_10,technology,domain_term_phonetic_semantic_substitution,train,0,0,0,0,0,0,0,0,0,0
nlu_0248_09,finance,domain_term_phonetic_semantic_substitution,train,0,0,0,0,0,0,0,0,0,0
nlu_0137_07,medical,domain_term_phonetic_semantic_substitution,validation,0,0,0,0,0,0,0,0,0,0
nlu_0018_04,medical,domain_term_phonetic_semantic_substitution,train,0,0,0,0,0,0,1,1,1,3
nlu_0404_10,legal,domain_term_phonetic_semantic_substitution,train,0,0,0,0,0,0,0,0,0,0
nlu_0442_10,technology,domain_term_phonetic_semantic_substitution,train,0,0,0,0,0,0,0,0,0,0
nlu_0445_04,technology,domain_term_phonetic_semantic_substitution,train,0,0,0,0,0,0,0,1,1,2
nlu_0600_08,general,domain_term_phonetic_semantic_substitution,train,0,0,0,0,0,0,0,0,0,0
nlu_0410_03,legal,domain_term_phonetic_semantic_substitution,train,0,0,0,0,0,0,0,0,0,0
nlu_0196_03,finance,domain_term_phonetic_semantic_substitution,validation,0,0,0,0,0,0,0,0,0,0
nlu_0321_04,legal,domain_term_phonetic_semantic_substitution,validation,0,0,0,0,0,0,0,1,1,2
nlu_0336_04,legal,domain_term_phonetic_semantic_substitution,train,0,0,0,0,0,0,1,1,1,3
nlu_0204_07,finance,domain_term_phonetic_semantic_substitution,unseen,0,0,0,0,0,0,0,0,0,0
nlu_0388_09,legal,domain_term_phonetic_semantic_substitution,unseen,1,1,1,1,4,1,1,1,1,4
nlu_0441_01,technology,domain_term_phonetic_semantic_substitution,validation,0,0,0,0,0,0,0,0,0,0
nlu_0002_09,medical,domain_term_phonetic_semantic_substitution,validation,0,0,1,1,2,0,0,1,1,2
nlu_0001_01,medical,domain_term_phonetic_semantic_substitution,validation,0,0,0,0,0,0,0,0,0,0
nlu_0218_05,finance,domain_term_phonetic_semantic_substitution,unseen,0,0,0,0,0,0,0,1,1,2
nlu_0136_07,medical,domain_term_phonetic_semantic_substitution,train,0,0,0,0,0,0,0,0,0,0
nlu_0558_07,general,domain_term_phonetic_semantic_substitution,train,0,0,0,0,0,0,0,0,0,0
nlu_0478_03,technology,domain_term_phonetic_semantic_substitution,train,0,0,0,0,0,0,0,0,0,0
nlu_0316_10,legal,domain_term_phonetic_semantic_substitution,train,0,0,0,0,0,0,0,1,0,1
nlu_0040_07,medical,domain_term_phonetic_semantic_substitution,train,0,0,0,0,0,0,0,1,0,1
nlu_0451_08,technology,domain_term_phonetic_semantic_substitution,validation,0,0,0,0,0,0,0,0,0,0
nlu_0335_02,legal,domain_term_phonetic_semantic_substitution,train,0,0,0,0,0,0,0,0,0,0
nlu_0182_03,medical,domain_term_phonetic_semantic_substitution,train,0,0,0,0,0,0,0,1,1,2
nlu_0390_07,legal,domain_term_phonetic_semantic_substitution,unseen,0,0,0,1,1,0,0,0,0,0
nlu_0435_10,legal,domain_term_phonetic_semantic_substitution,train,0,0,0,0,0,0,0,0,0,0
nlu_0082_07,medical,domain_term_phonetic_semantic_substitution,unseen,0,0,0,0,0,0,0,0,1,1
nlu_0158_03,medical,domain_term_phonetic_semantic_substitution,validation,0,0,0,0,0,0,0,0,0,0
nlu_0474_01,technology,domain_term_phonetic_semantic_substitution,unseen,0,0,0,0,0,0,0,0,0,0
nlu_0181_01,medical,domain_term_phonetic_semantic_substitution,train,0,0,0,0,0,0,0,0,0,0
nlu_0229_01,finance,domain_term_phonetic_semantic_substitution,unseen,0,0,0,0,0,0,0,0,0,0
nlu_0506_09,general,domain_term_phonetic_semantic_substitution,train,0,0,0,0,0,0,0,0,0,0
nlu_0583_02,general,domain_term_phonetic_semantic_substitution,train,0,0,0,0,0,0,0,0,0,0
nlu_0392_01,legal,domain_term_phonetic_semantic_substitution,train,0,0,0,0,0,0,1,1,1,3
nlu_0454_06,technology,domain_term_phonetic_semantic_substitution,validation,1,0,1,0,2,1,0,1,0,2
nlu_0515_05,general,domain_term_phonetic_semantic_substitution,train,0,0,0,0,0,0,0,0,0,0
nlu_0518_02,general,domain_term_phonetic_semantic_substitution,unseen,0,0,0,0,0,0,0,0,0,0
nlu_0440_06,technology,domain_term_phonetic_semantic_substitution,train,0,0,0,0,0,0,0,1,1,2
nlu_0416_06,legal,domain_term_phonetic_semantic_substitution,train,0,0,0,0,0,0,0,0,0,0
nlu_0384_06,legal,domain_term_phonetic_semantic_substitution,train,0,0,0,0,0,0,0,0,1,1
nlu_0474_02,technology,domain_term_phonetic_semantic_substitution,unseen,0,0,0,0,0,0,0,1,1,2
nlu_0534_08,general,domain_term_phonetic_semantic_substitution,validation,0,0,0,0,0,0,0,0,0,0
nlu_0056_05,medical,domain_term_phonetic_semantic_substitution,train,0,0,0,0,0,0,1,1,0,2
nlu_0116_10,medical,domain_term_phonetic_semantic_substitution,train,0,0,0,0,0,0,0,0,0,0
nlu_0122_04,medical,domain_term_phonetic_semantic_substitution,train,0,0,0,0,0,0,1,1,1,3
nlu_0404_03,legal,domain_term_phonetic_semantic_substitution,train,0,0,0,0,0,0,0,0,0,0
nlu_0133_06,medical,domain_term_phonetic_semantic_substitution,train,0,0,0,0,0,0,0,0,0,0
nlu_0329_07,legal,domain_term_phonetic_semantic_substitution,validation,0,0,0,0,0,0,0,0,0,0
nlu_0335_10,legal,domain_term_phonetic_semantic_substitution,train,0,0,0,0,0,0,0,1,0,1
nlu_0071_01,medical,domain_term_phonetic_semantic_substitution,validation,0,0,0,0,0,0,0,0,1,1
nlu_0271_01,finance,domain_term_phonetic_semantic_substitution,unseen,0,0,0,0,0,0,0,0,0,0
nlu_0430_04,legal,domain_term_phonetic_semantic_substitution,unseen,0,0,0,0,0,0,0,1,1,2
nlu_0185_08,medical,domain_term_phonetic_semantic_substitution,train,0,0,0,0,0,0,0,0,1,1
nlu_0441_07,technology,domain_term_phonetic_semantic_substitution,validation,0,0,0,0,0,0,0,0,0,0
nlu_0564_05,general,domain_term_phonetic_semantic_substitution,train,0,0,0,0,0,0,0,0,0,0
nlu_0146_06,medical,domain_term_phonetic_semantic_substitution,train,0,0,0,0,0,0,0,0,0,0
nlu_0502_10,general,domain_term_phonetic_semantic_substitution,train,0,0,0,0,0,0,0,0,0,0
nlu_0562_05,general,domain_term_phonetic_semantic_substitution,validation,0,0,0,0,0,0,0,0,0,0
nlu_0413_08,legal,domain_term_phonetic_semantic_substitution,train,0,0,0,0,0,0,0,0,0,0
nlu_0087_07,medical,domain_term_phonetic_semantic_substitution,train,0,0,0,0,0,0,0,0,0,0
nlu_0459_05,technology,domain_term_phonetic_semantic_substitution,train,0,0,0,0,0,0,0,0,0,0
nlu_0165_05,medical,domain_term_phonetic_semantic_substitution,train,0,0,0,0,0,0,0,1,1,2
nlu_0215_01,finance,domain_term_phonetic_semantic_substitution,unseen,0,0,1,0,1,0,0,0,1,1
nlu_0447_04,technology,domain_term_phonetic_semantic_substitution,train,0,0,0,0,0,0,0,0,0,0
nlu_0399_09,legal,domain_term_phonetic_semantic_substitution,validation,0,0,1,1,2,0,0,1,1,2
nlu_0150_01,medical,domain_term_phonetic_semantic_substitution,train,0,0,0,0,0,0,0,0,0,0
nlu_0551_07,general,domain_term_phonetic_semantic_substitution,validation,0,0,0,0,0,0,0,0,0,0
nlu_0073_10,medical,domain_term_phonetic_semantic_substitution,train,0,0,0,0,0,0,0,0,0,0
nlu_0459_03,technology,domain_term_phonetic_semantic_substitution,train,0,0,0,0,0,0,0,0,0,0
nlu_0350_10,legal,domain_term_phonetic_semantic_substitution,validation,0,0,0,0,0,0,0,0,0,0
nlu_0263_01,finance,domain_term_phonetic_semantic_substitution,train,0,0,0,0,0,0,0,0,0,0
nlu_0194_07,finance,domain_term_phonetic_semantic_substitution,train,0,0,0,0,0,0,1,1,1,3
nlu_0556_02,general,domain_term_phonetic_semantic_substitution,validation,0,0,0,0,0,0,0,0,0,0
nlu_0112_01,medical,domain_term_phonetic_semantic_substitution,train,0,0,0,0,0,0,0,0,1,1
nlu_0488_01,technology,domain_term_phonetic_semantic_substitution,train,0,0,0,0,0,0,0,0,0,0
nlu_0537_01,general,domain_term_phonetic_semantic_substitution,train,0,0,0,0,0,0,0,0,0,0
nlu_0240_05,finance,domain_term_phonetic_semantic_substitution,validation,0,0,0,0,0,0,0,0,0,0
nlu_0119_06,medical,domain_term_phonetic_semantic_substitution,train,0,0,0,0,0,0,0,0,0,0
nlu_0201_08,finance,domain_term_phonetic_semantic_substitution,train,0,0,0,0,0,0,0,0,0,0
nlu_0020_04,medical,domain_term_phonetic_semantic_substitution,train,0,0,0,0,0,0,1,1,1,3
nlu_0152_06,medical,domain_term_phonetic_semantic_substitution,train,0,0,0,0,0,0,0,0,0,0
nlu_0058_09,medical,domain_term_phonetic_semantic_substitution,unseen,0,0,0,0,0,0,0,0,0,0
nlu_0213_04,finance,domain_term_phonetic_semantic_substitution,train,0,0,0,0,0,0,0,0,0,0
nlu_0143_10,medical,domain_term_phonetic_semantic_substitution,unseen,0,0,0,0,0,0,0,0,0,0
nlu_0078_02,medical,domain_term_phonetic_semantic_substitution,train,0,0,0,0,0,0,0,0,0,0
nlu_0521_06,general,domain_term_phonetic_semantic_substitution,train,0,0,0,0,0,0,0,0,0,0
nlu_0240_06,finance,domain_term_phonetic_semantic_substitution,validation,0,0,0,0,0,0,0,0,0,0
nlu_0595_02,general,domain_term_phonetic_semantic_substitution,unseen,0,0,0,0,0,0,0,0,0,0
nlu_0185_07,medical,domain_term_phonetic_semantic_substitution,train,0,0,0,0,0,0,0,0,0,0
nlu_0014_02,medical,domain_term_phonetic_semantic_substitution,train,0,0,0,0,0,0,0,0,0,0
nlu_0018_09,medical,domain_term_phonetic_semantic_substitution,train,0,0,0,0,0,0,0,0,0,0
nlu_0536_06,general,domain_term_phonetic_semantic_substitution,train,0,0,0,0,0,0,0,0,0,0
nlu_0381_10,legal,domain_term_phonetic_semantic_substitution,train,0,0,0,0,0,0,0,0,0,0
nlu_0357_08,legal,domain_term_phonetic_semantic_substitution,train,0,0,0,0,0,0,0,0,0,0
nlu_0259_01,finance,domain_term_phonetic_semantic_substitution,train,0,0,0,0,0,0,0,0,0,0
nlu_0363_06,legal,domain_term_phonetic_semantic_substitution,train,0,0,0,0,0,0,0,0,1,1
nlu_0428_10,legal,domain_term_phonetic_semantic_substitution,train,0,0,0,0,0,0,0,1,1,2
nlu_0266_03,finance,domain_term_phonetic_semantic_substitution,train,0,0,0,0,0,0,0,0,0,0
nlu_0422_10,legal,domain_term_phonetic_semantic_substitution,train,0,0,0,0,0,0,0,0,0,0
nlu_0208_04,finance,domain_term_phonetic_semantic_substitution,train,0,0,0,0,0,0,0,0,0,0
nlu_0066_09,medical,domain_term_phonetic_semantic_substitution,train,0,0,0,0,0,0,0,1,1,2
nlu_0190_07,finance,domain_term_phonetic_semantic_substitution,train,0,0,0,0,0,0,1,1,1,3
nlu_0442_02,technology,domain_term_phonetic_semantic_substitution,train,0,0,0,0,0,0,0,0,0,0
nlu_0407_04,legal,domain_term_phonetic_semantic_substitution,train,0,0,0,0,0,0,0,0,0,0
nlu_0223_02,finance,domain_term_phonetic_semantic_substitution,validation,0,0,1,1,2,0,0,1,1,2
nlu_0568_09,general,domain_term_phonetic_semantic_substitution,train,0,0,0,0,0,0,0,0,0,0
nlu_0238_10,finance,domain_term_phonetic_semantic_substitution,train,0,0,0,0,0,0,0,0,0,0
nlu_0145_08,medical,domain_term_phonetic_semantic_substitution,train,0,0,0,0,0,0,0,0,0,0
nlu_0035_03,medical,domain_term_phonetic_semantic_substitution,train,0,0,0,0,0,0,0,0,0,0
nlu_0361_05,legal,domain_term_phonetic_semantic_substitution,train,0,0,0,0,0,0,0,0,1,1
nlu_0253_08,finance,domain_term_phonetic_semantic_substitution,validation,0,0,0,0,0,0,0,0,0,0
nlu_0073_08,medical,domain_term_phonetic_semantic_substitution,train,0,0,0,0,0,0,1,0,0,1
nlu_0473_03,technology,domain_term_phonetic_semantic_substitution,train,0,0,0,0,0,0,0,0,0,0
nlu_0098_07,medical,domain_term_phonetic_semantic_substitution,train,0,0,0,0,0,0,0,1,0,1
nlu_0362_05,legal,domain_term_phonetic_semantic_substitution,train,0,0,0,0,0,0,0,0,1,1
nlu_0417_02,legal,domain_term_phonetic_semantic_substitution,train,0,0,0,0,0,0,0,0,0,0
nlu_0193_09,finance,domain_term_phonetic_semantic_substitution,train,0,0,0,0,0,0,0,0,0,0
nlu_0370_05,legal,domain_term_phonetic_semantic_substitution,validation,0,0,0,0,0,0,0,0,0,0
nlu_0577_01,general,domain_term_phonetic_semantic_substitution,unseen,0,0,0,0,0,0,0,0,0,0
nlu_0130_10,medical,domain_term_phonetic_semantic_substitution,train,0,0,0,0,0,0,0,0,0,0
nlu_0418_04,legal,domain_term_phonetic_semantic_substitution,train,0,0,0,0,0,0,0,0,0,0
nlu_0551_09,general,domain_term_phonetic_semantic_substitution,validation,0,0,0,0,0,0,0,0,0,0
nlu_0067_01,medical,domain_term_phonetic_semantic_substitution,train,0,0,0,0,0,0,0,1,1,2
nlu_0180_01,medical,domain_term_phonetic_semantic_substitution,train,0,0,0,0,0,0,0,1,0,1
nlu_0340_01,legal,domain_term_phonetic_semantic_substitution,train,0,0,0,0,0,0,0,0,0,0
nlu_0594_04,general,domain_term_phonetic_semantic_substitution,unseen,0,0,0,0,0,0,0,0,0,0
nlu_0050_04,medical,domain_term_phonetic_semantic_substitution,train,0,0,0,0,0,0,1,1,1,3
nlu_0312_03,finance,domain_term_phonetic_semantic_substitution,validation,0,0,0,0,0,0,0,0,0,0
nlu_0491_03,technology,domain_term_phonetic_semantic_substitution,train,0,0,0,0,0,0,0,0,0,0
nlu_0499_10,technology,domain_term_phonetic_semantic_substitution,train,0,0,0,0,0,0,0,0,0,0
nlu_0383_07,legal,domain_term_phonetic_semantic_substitution,validation,0,0,0,0,0,0,0,1,1,2
nlu_0553_03,general,domain_term_phonetic_semantic_substitution,train,0,0,0,0,0,0,0,0,0,0
nlu_0109_06,medical,domain_term_phonetic_semantic_substitution,train,0,0,0,0,0,0,0,0,0,0
nlu_0567_03,general,domain_term_phonetic_semantic_substitution,train,0,0,0,0,0,0,0,0,0,0
nlu_0070_05,medical,domain_term_phonetic_semantic_substitution,train,0,0,0,0,0,0,0,0,0,0
nlu_0128_09,medical,domain_term_phonetic_semantic_substitution,unseen,0,0,0,0,0,0,0,0,0,0
nlu_0423_10,legal,domain_term_phonetic_semantic_substitution,train,0,0,0,0,0,0,0,0,0,0
nlu_0163_02,medical,domain_term_phonetic_semantic_substitution,train,0,0,0,0,0,0,0,0,0,0
nlu_0257_02,finance,domain_term_phonetic_semantic_substitution,validation,0,0,0,0,0,0,0,0,0,0
nlu_0519_05,general,domain_term_phonetic_semantic_substitution,train,0,0,0,0,0,0,0,0,0,0
nlu_0401_09,legal,domain_term_phonetic_semantic_substitution,train,0,0,0,0,0,0,0,0,0,0
nlu_0007_08,medical,domain_term_phonetic_semantic_substitution,unseen,0,0,0,0,0,0,0,0,0,0
nlu_0409_03,legal,domain_term_phonetic_semantic_substitution,train,0,0,0,0,0,0,0,0,0,0
nlu_0484_08,technology,domain_term_deletion,validation,0,0,0,0,0,0,0,0,0,0
nlu_0227_10,finance,domain_term_phonetic_semantic_substitution,train,0,0,0,0,0,0,0,0,0,0
nlu_0578_10,general,domain_term_phonetic_semantic_substitution,validation,0,0,0,0,0,0,0,0,0,0
nlu_0473_06,technology,domain_term_phonetic_semantic_substitution,train,0,0,0,0,0,0,0,1,1,2
nlu_0083_01,medical,domain_term_phonetic_semantic_substitution,validation,0,0,0,0,0,0,0,0,0,0
nlu_0123_07,medical,domain_term_phonetic_semantic_substitution,validation,0,1,1,1,3,0,1,1,1,3
nlu_0168_08,medical,domain_term_phonetic_semantic_substitution,unseen,0,0,0,0,0,0,0,0,0,0
nlu_0502_02,general,domain_term_phonetic_semantic_substitution,train,0,0,0,0,0,0,0,0,0,0
nlu_0287_08,finance,domain_term_phonetic_semantic_substitution,train,0,0,0,0,0,0,0,0,0,0
nlu_0438_07,legal,domain_term_phonetic_semantic_substitution,train,0,0,0,0,0,0,0,0,0,0
nlu_0237_08,finance,domain_term_phonetic_semantic_substitution,train,0,0,0,0,0,0,0,0,0,0
nlu_0403_06,legal,domain_term_phonetic_semantic_substitution,train,0,0,0,0,0,0,0,0,0,0
nlu_0393_02,legal,domain_term_phonetic_semantic_substitution,train,0,0,0,0,0,0,0,0,0,0
nlu_0252_03,finance,domain_term_phonetic_semantic_substitution,train,0,0,0,0,0,0,0,0,0,0
nlu_0273_04,finance,domain_term_phonetic_semantic_substitution,train,0,0,0,0,0,0,0,0,0,0
nlu_0535_04,general,domain_term_phonetic_semantic_substitution,train,0,0,0,0,0,0,0,0,0,0
nlu_0546_02,general,domain_term_phonetic_semantic_substitution,train,0,0,0,0,0,0,0,0,0,0
nlu_0444_05,technology,domain_term_phonetic_semantic_substitution,train,0,0,0,0,0,0,0,0,0,0
nlu_0115_04,medical,domain_term_phonetic_semantic_substitution,unseen,0,0,0,0,0,0,1,1,0,2
nlu_0040_08,medical,domain_term_phonetic_semantic_substitution,train,0,0,0,0,0,0,0,1,0,1
nlu_0079_07,medical,domain_term_phonetic_semantic_substitution,validation,0,0,0,0,0,0,0,1,1,2
nlu_0514_10,general,domain_term_phonetic_semantic_substitution,train,0,0,0,0,0,0,0,0,0,0
nlu_0391_08,legal,domain_term_phonetic_semantic_substitution,validation,0,0,0,0,0,0,0,0,0,0
nlu_0140_09,medical,domain_term_phonetic_semantic_substitution,train,0,0,0,0,0,0,0,0,0,0
nlu_0166_10,medical,domain_term_phonetic_semantic_substitution,validation,0,0,0,0,0,0,0,0,1,1
nlu_0574_06,general,domain_term_phonetic_semantic_substitution,train,0,0,0,0,0,0,0,0,0,0
nlu_0223_01,finance,domain_term_phonetic_semantic_substitution,validation,0,0,1,1,2,0,0,1,1,2
nlu_0098_10,medical,domain_term_phonetic_semantic_substitution,train,0,0,0,0,0,0,0,1,0,1
nlu_0234_02,finance,domain_term_phonetic_semantic_substitution,unseen,0,0,0,0,0,0,0,0,0,0
nlu_0130_09,medical,domain_term_phonetic_semantic_substitution,train,0,0,0,0,0,0,0,0,0,0
nlu_0542_10,general,domain_term_phonetic_semantic_substitution,train,0,0,0,0,0,0,0,0,0,0
nlu_0009_03,medical,domain_term_phonetic_semantic_substitution,train,0,0,0,0,0,0,0,0,0,0
nlu_0311_01,finance,domain_term_phonetic_semantic_substitution,train,0,0,0,0,0,0,0,0,0,0
nlu_0349_02,legal,domain_term_phonetic_semantic_substitution,unseen,0,0,0,0,0,0,0,0,0,0
nlu_0480_04,technology,domain_term_phonetic_semantic_substitution,train,0,0,0,0,0,0,0,0,1,1
nlu_0453_10,technology,domain_term_phonetic_semantic_substitution,train,0,0,0,0,0,0,0,0,0,0
nlu_0564_04,general,domain_term_phonetic_semantic_substitution,train,0,0,0,0,0,0,0,0,0,0
nlu_0552_05,general,domain_term_phonetic_semantic_substitution,train,0,0,0,0,0,0,0,0,0,0
nlu_0291_04,finance,domain_term_phonetic_semantic_substitution,train,0,0,0,0,0,0,0,0,0,0
nlu_0043_04,medical,domain_term_phonetic_semantic_substitution,train,0,0,0,0,0,0,0,1,1,2
nlu_0519_10,general,domain_term_phonetic_semantic_substitution,train,0,0,0,0,0,0,0,0,0,0
nlu_0191_05,finance,domain_term_phonetic_semantic_substitution,train,0,0,0,0,0,0,0,0,0,0
nlu_0544_10,general,domain_term_phonetic_semantic_substitution,train,0,0,0,0,0,0,0,0,0,0
nlu_0154_01,medical,domain_term_phonetic_semantic_substitution,train,0,0,0,0,0,0,0,0,0,0
nlu_0426_02,legal,domain_term_phonetic_semantic_substitution,train,0,0,0,0,0,0,0,0,0,0
nlu_0157_06,medical,domain_term_phonetic_semantic_substitution,train,0,0,0,0,0,0,0,1,0,1
nlu_0444_07,technology,domain_term_phonetic_semantic_substitution,train,0,0,0,0,0,0,0,0,0,0
nlu_0275_10,finance,domain_term_phonetic_semantic_substitution,unseen,0,0,0,0,0,0,0,0,0,0
nlu_0084_10,medical,domain_term_phonetic_semantic_substitution,train,0,0,0,0,0,0,0,0,0,0
nlu_0051_01,medical,domain_term_phonetic_semantic_substitution,train,0,0,0,0,0,0,1,1,1,3
nlu_0404_01,legal,domain_term_phonetic_semantic_substitution,train,0,0,0,0,0,0,0,0,0,0
nlu_0015_02,medical,domain_term_phonetic_semantic_substitution,train,0,0,0,0,0,0,0,0,0,0
nlu_0495_10,technology,domain_term_phonetic_semantic_substitution,train,0,0,0,0,0,0,0,0,0,0
nlu_0261_06,finance,domain_term_phonetic_semantic_substitution,validation,0,0,0,0,0,0,0,1,1,2
nlu_0351_06,legal,domain_term_phonetic_semantic_substitution,train,0,0,0,0,0,0,0,0,0,0
nlu_0138_08,medical,domain_term_phonetic_semantic_substitution,train,0,0,0,0,0,0,0,0,0,0
nlu_0467_02,technology,domain_term_phonetic_semantic_substitution,train,0,0,0,0,0,0,0,0,0,0
nlu_0589_03,general,domain_term_phonetic_semantic_substitution,train,0,0,0,0,0,0,0,0,0,0
nlu_0227_07,finance,domain_term_phonetic_semantic_substitution,train,0,0,0,0,0,0,0,0,0,0
nlu_0535_01,general,domain_term_phonetic_semantic_substitution,train,0,0,0,0,0,0,0,0,0,0
nlu_0114_09,medical,domain_term_phonetic_semantic_substitution,train,0,0,0,0,0,0,0,0,0,0
nlu_0226_08,finance,domain_term_phonetic_semantic_substitution,unseen,0,0,1,1,2,0,0,1,1,2
nlu_0545_06,general,domain_term_phonetic_semantic_substitution,train,0,0,0,0,0,0,0,0,0,0
nlu_0179_08,medical,domain_term_phonetic_semantic_substitution,train,0,0,0,0,0,0,0,0,0,0
nlu_0364_05,legal,domain_term_phonetic_semantic_substitution,unseen,0,0,0,0,0,0,0,0,1,1
nlu_0056_01,medical,domain_term_phonetic_semantic_substitution,train,0,0,0,0,0,0,1,1,0,2
nlu_0046_10,medical,domain_term_phonetic_semantic_substitution,train,0,0,0,0,0,0,0,0,0,0
nlu_0202_10,finance,domain_term_phonetic_semantic_substitution,train,0,0,0,0,0,0,0,0,0,0
nlu_0095_09,medical,domain_term_phonetic_semantic_substitution,unseen,0,0,1,0,1,0,0,1,0,1
nlu_0322_09,legal,domain_term_phonetic_semantic_substitution,validation,0,0,0,1,1,0,0,1,1,2
nlu_0519_01,general,domain_term_phonetic_semantic_substitution,train,0,0,0,0,0,0,0,0,0,0
nlu_0054_03,medical,domain_term_phonetic_semantic_substitution,train,0,0,0,0,0,0,1,1,0,2
nlu_0385_03,legal,domain_term_phonetic_semantic_substitution,validation,0,0,0,0,0,0,0,0,0,0
nlu_0183_10,medical,domain_term_phonetic_semantic_substitution,train,0,0,0,0,0,0,0,1,0,1
nlu_0541_07,general,domain_term_phonetic_semantic_substitution,train,0,0,0,0,0,0,0,0,0,0
nlu_0530_03,general,domain_term_phonetic_semantic_substitution,validation,0,0,0,0,0,0,0,0,0,0
nlu_0478_05,technology,domain_term_phonetic_semantic_substitution,train,0,0,0,0,0,0,0,0,1,1
nlu_0392_05,legal,domain_term_phonetic_semantic_substitution,train,0,0,0,0,0,0,0,0,0,0
nlu_0161_03,medical,domain_term_phonetic_semantic_substitution,train,0,0,0,0,0,0,0,0,1,1
nlu_0224_09,finance,domain_term_phonetic_semantic_substitution,unseen,0,0,0,0,0,0,1,0,1,2
nlu_0064_10,medical,domain_term_phonetic_semantic_substitution,train,0,0,0,0,0,0,0,0,0,0
nlu_0580_03,general,domain_term_phonetic_semantic_substitution,train,0,0,0,0,0,0,0,0,0,0
nlu_0097_08,medical,domain_term_phonetic_semantic_substitution,train,0,0,0,0,0,0,1,1,0,2
nlu_0507_07,general,domain_term_phonetic_semantic_substitution,validation,0,0,0,0,0,0,0,0,0,0
nlu_0372_02,legal,domain_term_phonetic_semantic_substitution,train,0,0,0,0,0,0,0,0,0,0
nlu_0169_04,medical,domain_term_phonetic_semantic_substitution,train,0,0,0,0,0,0,0,0,0,0
nlu_0225_09,finance,domain_term_phonetic_semantic_substitution,unseen,0,1,0,1,2,0,0,1,1,2
nlu_0413_07,legal,domain_term_phonetic_semantic_substitution,train,0,0,0,0,0,0,0,1,0,1
nlu_0536_10,general,domain_term_phonetic_semantic_substitution,train,0,0,0,0,0,0,0,0,0,0
nlu_0332_10,legal,domain_term_phonetic_semantic_substitution,train,0,0,0,0,0,0,0,1,1,2
nlu_0016_06,medical,domain_term_phonetic_semantic_substitution,train,0,0,0,0,0,0,0,0,0,0
nlu_0230_06,finance,domain_term_phonetic_semantic_substitution,train,0,0,0,0,0,0,0,1,1,2
nlu_0353_04,legal,domain_term_phonetic_semantic_substitution,unseen,0,0,1,0,1,0,0,1,0,1
nlu_0402_10,legal,domain_term_phonetic_semantic_substitution,train,0,0,0,0,0,0,0,0,0,0
nlu_0109_10,medical,domain_term_phonetic_semantic_substitution,train,0,0,0,0,0,0,0,0,0,0
nlu_0582_10,general,domain_term_phonetic_semantic_substitution,train,0,0,0,0,0,0,0,0,0,0
nlu_0232_10,finance,domain_term_phonetic_semantic_substitution,train,0,0,0,0,0,0,0,0,0,0
nlu_0295_01,finance,domain_term_phonetic_semantic_substitution,train,0,0,0,0,0,0,0,0,0,0
nlu_0508_02,general,domain_term_phonetic_semantic_substitution,train,0,0,0,0,0,0,0,0,0,0
nlu_0029_09,medical,domain_term_phonetic_semantic_substitution,train,0,0,0,0,0,0,1,1,1,3
nlu_0094_01,medical,domain_term_phonetic_semantic_substitution,train,0,0,0,0,0,0,0,0,0,0
nlu_0291_10,finance,domain_term_phonetic_semantic_substitution,train,0,0,0,0,0,0,0,0,0,0
nlu_0359_06,legal,domain_term_phonetic_semantic_substitution,train,0,0,0,0,0,0,0,1,1,2
nlu_0466_07,technology,domain_term_phonetic_semantic_substitution,train,0,0,0,0,0,0,0,0,0,0
nlu_0289_05,finance,domain_term_phonetic_semantic_substitution,train,0,0,0,0,0,0,0,0,0,0
nlu_0338_08,legal,domain_term_phonetic_semantic_substitution,train,0,0,0,0,0,0,0,0,0,0
nlu_0323_01,legal,domain_term_phonetic_semantic_substitution,unseen,0,0,0,0,0,0,0,0,0,0
nlu_0545_05,general,domain_term_phonetic_semantic_substitution,train,0,0,0,0,0,0,0,0,0,0
nlu_0301_01,finance,domain_term_phonetic_semantic_substitution,unseen,0,0,0,0,0,0,0,0,0,0
nlu_0446_01,technology,domain_term_phonetic_semantic_substitution,validation,0,0,0,0,0,0,0,0,0,0
nlu_0470_08,technology,domain_term_deletion,unseen,0,0,0,0,0,0,0,0,0,0
nlu_0592_04,general,domain_term_phonetic_semantic_substitution,train,0,0,0,0,0,0,0,0,0,0
nlu_0095_03,medical,domain_term_phonetic_semantic_substitution,unseen,0,0,0,0,0,0,0,1,0,1
nlu_0236_05,finance,domain_term_phonetic_semantic_substitution,train,0,0,0,0,0,0,0,0,0,0
nlu_0477_05,technology,domain_term_phonetic_semantic_substitution,train,0,0,0,0,0,0,0,0,1,1
nlu_0579_09,general,domain_term_phonetic_semantic_substitution,train,0,0,0,0,0,0,0,0,0,0
nlu_0560_04,general,domain_term_phonetic_semantic_substitution,train,0,0,0,0,0,0,0,0,0,0
nlu_0170_09,medical,domain_term_phonetic_semantic_substitution,train,0,0,0,0,0,0,0,1,1,2
nlu_0565_07,general,domain_term_phonetic_semantic_substitution,train,0,0,0,0,0,0,0,0,0,0
nlu_0520_10,general,domain_term_phonetic_semantic_substitution,validation,0,0,0,0,0,0,0,0,0,0
nlu_0355_06,legal,domain_term_phonetic_semantic_substitution,train,0,0,0,0,0,0,0,1,1,2
nlu_0398_08,legal,domain_term_phonetic_semantic_substitution,train,0,0,0,0,0,0,0,0,0,0
nlu_0502_05,general,domain_term_phonetic_semantic_substitution,train,0,0,0,0,0,0,0,0,0,0
nlu_0099_06,medical,domain_term_phonetic_semantic_substitution,train,0,0,0,0,0,0,0,0,0,0
nlu_0528_09,general,domain_term_phonetic_semantic_substitution,train,0,0,0,0,0,0,0,0,0,0
nlu_0311_08,finance,domain_term_phonetic_semantic_substitution,train,0,0,0,0,0,0,0,0,0,0
nlu_0317_06,legal,domain_term_phonetic_semantic_substitution,train,0,0,0,0,0,0,0,1,1,2
nlu_0573_07,general,domain_term_phonetic_semantic_substitution,validation,0,0,0,0,0,0,0,0,0,0
nlu_0099_02,medical,domain_term_phonetic_semantic_substitution,train,0,0,0,0,0,0,0,1,0,1
nlu_0353_09,legal,domain_term_phonetic_semantic_substitution,unseen,0,0,0,0,0,0,0,1,0,1
nlu_0327_03,legal,domain_term_phonetic_semantic_substitution,train,0,0,0,0,0,0,0,0,0,0
nlu_0546_09,general,domain_term_phonetic_semantic_substitution,train,0,0,0,0,0,0,0,0,0,0
nlu_0345_03,legal,domain_term_phonetic_semantic_substitution,unseen,0,0,0,0,0,0,0,0,0,0
nlu_0430_07,legal,domain_term_phonetic_semantic_substitution,unseen,0,0,0,0,0,0,0,0,0,0
nlu_0350_08,legal,domain_term_phonetic_semantic_substitution,validation,0,0,0,0,0,0,0,0,0,0
nlu_0148_04,medical,domain_term_phonetic_semantic_substitution,train,0,0,0,0,0,0,0,0,0,0
nlu_0456_01,technology,domain_term_phonetic_semantic_substitution,train,0,0,0,0,0,0,0,0,0,0
nlu_0446_08,technology,domain_term_deletion,validation,0,0,0,0,0,0,0,0,0,0
nlu_0489_03,technology,domain_term_phonetic_semantic_substitution,train,0,0,0,0,0,0,0,0,0,0
nlu_0146_08,medical,domain_term_phonetic_semantic_substitution,train,0,0,0,0,0,0,0,0,0,0
nlu_0140_06,medical,domain_term_phonetic_semantic_substitution,train,0,0,0,0,0,0,0,0,0,0
nlu_0027_05,medical,domain_term_phonetic_semantic_substitution,train,0,0,0,0,0,0,1,1,1,3
nlu_0275_09,finance,domain_term_phonetic_semantic_substitution,unseen,0,0,0,0,0,0,0,1,1,2
nlu_0340_04,legal,domain_term_phonetic_semantic_substitution,train,0,0,0,0,0,0,0,1,0,1
nlu_0270_03,finance,domain_term_phonetic_semantic_substitution,train,0,0,0,0,0,0,0,0,1,1
nlu_0093_10,medical,domain_term_phonetic_semantic_substitution,train,0,0,0,0,0,0,1,1,1,3
nlu_0423_01,legal,domain_term_phonetic_semantic_substitution,train,0,0,0,0,0,0,0,0,0,0
nlu_0571_04,general,domain_term_phonetic_semantic_substitution,train,0,0,0,0,0,0,0,0,0,0
nlu_0241_01,finance,domain_term_phonetic_semantic_substitution,train,0,0,0,0,0,0,0,0,0,0
nlu_0218_09,finance,domain_term_phonetic_semantic_substitution,unseen,0,0,0,0,0,0,0,0,0,0
nlu_0381_07,legal,domain_term_phonetic_semantic_substitution,train,0,0,0,0,0,0,0,1,0,1
nlu_0025_07,medical,domain_term_phonetic_semantic_substitution,validation,0,0,0,0,0,0,0,1,1,2
nlu_0160_05,medical,domain_term_phonetic_semantic_substitution,unseen,0,0,0,0,0,0,0,0,0,0
nlu_0176_09,medical,domain_term_phonetic_semantic_substitution,unseen,0,0,0,0,0,0,0,0,0,0
nlu_0584_07,general,domain_term_phonetic_semantic_substitution,train,0,0,0,0,0,0,0,0,0,0
nlu_0406_05,legal,domain_term_phonetic_semantic_substitution,unseen,0,0,0,0,0,0,0,0,0,0
nlu_0093_04,medical,domain_term_phonetic_semantic_substitution,train,0,0,0,0,0,0,1,1,1,3
nlu_0333_03,legal,domain_term_phonetic_semantic_substitution,unseen,0,0,0,0,0,0,0,0,0,0
nlu_0027_09,medical,domain_term_phonetic_semantic_substitution,train,0,0,0,0,0,0,1,1,1,3
nlu_0067_10,medical,domain_term_phonetic_semantic_substitution,train,0,0,0,0,0,0,0,0,0,0
nlu_0426_07,legal,domain_term_phonetic_semantic_substitution,train,0,0,0,0,0,0,0,0,0,0
nlu_0192_01,finance,domain_term_phonetic_semantic_substitution,validation,0,0,0,0,0,0,0,0,0,0
nlu_0440_07,technology,domain_term_phonetic_semantic_substitution,train,0,0,0,0,0,0,0,0,0,0
nlu_0116_03,medical,domain_term_phonetic_semantic_substitution,train,0,0,0,0,0,0,0,0,0,0
nlu_0492_09,technology,domain_term_phonetic_semantic_substitution,validation,0,0,0,0,0,0,0,0,0,0
nlu_0578_03,general,domain_term_phonetic_semantic_substitution,validation,0,0,0,0,0,0,0,0,0,0
nlu_0451_01,technology,domain_term_phonetic_semantic_substitution,validation,0,0,0,0,0,0,0,0,0,0
nlu_0270_07,finance,domain_term_phonetic_semantic_substitution,train,0,0,0,0,0,0,0,0,1,1
nlu_0260_02,finance,domain_term_phonetic_semantic_substitution,validation,0,0,0,0,0,0,0,0,0,0
nlu_0508_03,general,domain_term_phonetic_semantic_substitution,train,0,0,0,0,0,0,0,0,0,0
nlu_0179_02,medical,domain_term_phonetic_semantic_substitution,train,0,0,0,0,0,0,0,0,0,0
nlu_0242_04,finance,domain_term_phonetic_semantic_substitution,train,0,0,0,0,0,0,0,0,0,0
nlu_0302_04,finance,domain_term_phonetic_semantic_substitution,train,0,0,0,0,0,0,0,0,0,0
nlu_0524_09,general,domain_term_phonetic_semantic_substitution,train,0,0,0,0,0,0,0,0,0,0
nlu_0231_08,finance,domain_term_phonetic_semantic_substitution,train,0,0,0,0,0,0,0,0,0,0
nlu_0383_03,legal,domain_term_phonetic_semantic_substitution,validation,0,0,0,0,0,0,0,0,0,0
nlu_0069_08,medical,domain_term_phonetic_semantic_substitution,train,0,0,0,0,0,0,0,0,0,0
nlu_0192_06,finance,domain_term_phonetic_semantic_substitution,validation,0,0,0,0,0,0,0,0,0,0
nlu_0565_06,general,domain_term_phonetic_semantic_substitution,train,0,0,0,0,0,0,0,0,0,0
nlu_0062_03,medical,domain_term_phonetic_semantic_substitution,train,0,0,0,0,0,0,0,0,0,0
nlu_0308_02,finance,domain_term_phonetic_semantic_substitution,train,0,0,0,0,0,0,0,0,0,0
nlu_0341_06,legal,domain_term_phonetic_semantic_substitution,train,0,0,0,0,0,0,0,1,0,1
nlu_0227_08,finance,domain_term_phonetic_semantic_substitution,train,0,0,0,0,0,0,0,0,0,0
nlu_0576_03,general,domain_term_phonetic_semantic_substitution,train,0,0,0,0,0,0,0,0,0,0
nlu_0254_04,finance,domain_term_phonetic_semantic_substitution,train,0,0,0,0,0,0,0,0,0,0
nlu_0004_10,medical,domain_term_phonetic_semantic_substitution,train,0,0,0,0,0,0,0,0,0,0
nlu_0190_09,finance,domain_term_phonetic_semantic_substitution,train,0,0,0,0,0,0,0,0,0,0
nlu_0165_10,medical,domain_term_phonetic_semantic_substitution,train,0,0,0,0,0,0,0,0,0,0
nlu_0348_02,legal,domain_term_phonetic_semantic_substitution,train,0,0,0,0,0,0,0,0,0,0
nlu_0026_09,medical,domain_term_phonetic_semantic_substitution,unseen,0,0,0,0,0,0,1,1,1,3
nlu_0293_05,finance,domain_term_phonetic_semantic_substitution,train,0,0,0,0,0,0,0,0,0,0
nlu_0244_05,finance,domain_term_phonetic_semantic_substitution,train,0,0,0,0,0,0,0,0,0,0
nlu_0085_08,medical,domain_term_phonetic_semantic_substitution,train,0,0,0,0,0,0,1,1,0,2
nlu_0283_03,finance,domain_term_phonetic_semantic_substitution,train,0,0,0,0,0,0,0,0,0,0
nlu_0441_02,technology,domain_term_phonetic_semantic_substitution,validation,0,0,0,0,0,0,0,0,0,0
nlu_0509_05,general,domain_term_phonetic_semantic_substitution,train,0,0,0,0,0,0,0,0,0,0
nlu_0396_05,legal,domain_term_phonetic_semantic_substitution,train,0,0,0,0,0,0,0,0,0,0
nlu_0365_02,legal,domain_term_phonetic_semantic_substitution,train,0,0,0,0,0,0,0,0,0,0
nlu_0124_04,medical,domain_term_phonetic_semantic_substitution,validation,0,0,0,0,0,0,1,1,1,3
nlu_0113_08,medical,domain_term_phonetic_semantic_substitution,validation,0,0,0,0,0,0,0,0,0,0
nlu_0349_10,legal,domain_term_phonetic_semantic_substitution,unseen,0,0,0,0,0,0,0,0,0,0
nlu_0197_08,finance,domain_term_phonetic_semantic_substitution,unseen,0,0,0,0,0,0,0,0,0,0
nlu_0056_09,medical,domain_term_phonetic_semantic_substitution,train,0,0,0,0,0,0,0,1,0,1
nlu_0091_05,medical,domain_term_phonetic_semantic_substitution,train,0,0,0,0,0,0,0,1,0,1
nlu_0262_05,finance,domain_term_phonetic_semantic_substitution,train,0,0,0,0,0,0,0,0,0,0
nlu_0049_05,medical,domain_term_phonetic_semantic_substitution,train,0,0,0,0,0,0,1,1,0,2
nlu_0222_02,finance,domain_term_phonetic_semantic_substitution,train,0,0,0,0,0,0,0,0,0,0
nlu_0133_01,medical,domain_term_phonetic_semantic_substitution,train,0,0,0,0,0,0,0,0,0,0
nlu_0334_03,legal,domain_term_phonetic_semantic_substitution,train,0,0,0,0,0,0,0,0,0,0
nlu_0256_06,finance,domain_term_phonetic_semantic_substitution,train,0,0,0,0,0,0,0,0,0,0
nlu_0001_08,medical,domain_term_phonetic_semantic_substitution,validation,0,0,0,0,0,0,0,1,1,2
nlu_0232_06,finance,domain_term_phonetic_semantic_substitution,train,0,0,0,0,0,0,0,1,1,2
nlu_0508_09,general,domain_term_phonetic_semantic_substitution,train,0,0,0,0,0,0,0,0,0,0
nlu_0439_05,technology,domain_term_phonetic_semantic_substitution,train,0,0,0,0,0,0,0,0,0,0
nlu_0432_06,legal,domain_term_phonetic_semantic_substitution,train,0,0,0,0,0,0,0,1,1,2
nlu_0527_08,general,domain_term_phonetic_semantic_substitution,validation,0,0,0,0,0,0,0,0,0,0
nlu_0146_01,medical,domain_term_phonetic_semantic_substitution,train,0,0,0,0,0,0,0,0,0,0
nlu_0121_02,medical,domain_term_phonetic_semantic_substitution,train,0,0,0,0,0,0,0,0,0,0
nlu_0243_07,finance,domain_term_phonetic_semantic_substitution,train,0,0,0,0,0,0,0,0,0,0
nlu_0265_09,finance,domain_term_phonetic_semantic_substitution,train,0,0,0,0,0,0,1,1,1,3
nlu_0182_05,medical,domain_term_phonetic_semantic_substitution,train,0,0,0,0,0,0,0,0,0,0
nlu_0273_07,finance,domain_term_phonetic_semantic_substitution,train,0,0,0,0,0,0,0,0,0,0
nlu_0078_04,medical,domain_term_phonetic_semantic_substitution,train,0,0,0,0,0,0,1,1,1,3
nlu_0228_05,finance,domain_term_phonetic_semantic_substitution,train,0,0,0,0,0,0,0,0,0,0
nlu_0102_02,medical,domain_term_phonetic_semantic_substitution,validation,0,0,0,0,0,0,0,1,0,1
nlu_0406_10,legal,domain_term_phonetic_semantic_substitution,unseen,0,0,0,0,0,0,0,0,0,0
nlu_0347_08,legal,domain_term_phonetic_semantic_substitution,train,0,0,0,0,0,0,0,0,0,0
nlu_0200_02,finance,domain_term_phonetic_semantic_substitution,train,0,0,0,0,0,0,0,0,1,1
nlu_0128_08,medical,domain_term_phonetic_semantic_substitution,unseen,0,0,0,0,0,0,1,0,0,1
nlu_0179_04,medical,domain_term_phonetic_semantic_substitution,train,0,0,0,0,0,0,0,0,0,0
nlu_0426_04,legal,domain_term_phonetic_semantic_substitution,train,0,0,0,0,0,0,0,1,1,2
nlu_0045_07,medical,domain_term_phonetic_semantic_substitution,unseen,0,0,0,0,0,0,0,0,0,0
nlu_0089_01,medical,domain_term_phonetic_semantic_substitution,train,0,0,0,0,0,0,0,0,0,0
nlu_0406_04,legal,domain_term_phonetic_semantic_substitution,unseen,0,0,1,1,2,0,0,1,1,2
nlu_0535_07,general,domain_term_phonetic_semantic_substitution,train,0,0,0,0,0,0,0,0,0,0
nlu_0273_08,finance,domain_term_phonetic_semantic_substitution,train,0,0,0,0,0,0,0,0,0,0
nlu_0305_09,finance,domain_term_phonetic_semantic_substitution,train,0,0,0,0,0,0,0,0,1,1
nlu_0079_02,medical,domain_term_phonetic_semantic_substitution,validation,0,0,0,0,0,0,0,0,1,1
nlu_0266_02,finance,domain_term_phonetic_semantic_substitution,train,0,0,0,0,0,0,0,0,0,0
nlu_0583_08,general,domain_term_phonetic_semantic_substitution,train,0,0,0,0,0,0,0,0,0,0
nlu_0175_10,medical,domain_term_phonetic_semantic_substitution,validation,0,0,0,0,0,0,0,1,1,2
nlu_0213_07,finance,domain_term_phonetic_semantic_substitution,train,0,0,0,0,0,0,0,0,0,0
nlu_0443_02,technology,domain_term_phonetic_semantic_substitution,train,0,0,0,0,0,0,0,0,0,0
nlu_0280_02,finance,domain_term_phonetic_semantic_substitution,train,0,0,0,0,0,0,0,0,0,0
nlu_0243_04,finance,domain_term_phonetic_semantic_substitution,train,0,0,0,0,0,0,0,0,0,0
nlu_0586_08,general,domain_term_phonetic_semantic_substitution,unseen,0,0,0,0,0,0,0,0,0,0
nlu_0517_09,general,domain_term_phonetic_semantic_substitution,train,0,0,0,0,0,0,0,0,0,0
nlu_0089_04,medical,domain_term_phonetic_semantic_substitution,train,0,0,0,0,0,0,1,1,1,3
nlu_0336_08,legal,domain_term_phonetic_semantic_substitution,train,0,0,0,0,0,0,0,0,0,0
nlu_0110_02,medical,domain_term_phonetic_semantic_substitution,train,0,0,0,0,0,0,0,0,0,0
nlu_0563_03,general,domain_term_phonetic_semantic_substitution,train,0,0,0,0,0,0,0,0,0,0
nlu_0513_09,general,domain_term_phonetic_semantic_substitution,validation,0,0,0,0,0,0,0,0,0,0
nlu_0054_02,medical,domain_term_phonetic_semantic_substitution,train,0,0,0,0,0,0,1,1,1,3
nlu_0360_01,legal,domain_term_phonetic_semantic_substitution,train,0,0,0,0,0,0,0,0,0,0
nlu_0244_09,finance,domain_term_phonetic_semantic_substitution,train,0,0,0,0,0,0,0,1,1,2
nlu_0487_02,technology,domain_term_phonetic_semantic_substitution,train,0,0,0,0,0,0,0,0,0,0
nlu_0507_05,general,domain_term_phonetic_semantic_substitution,validation,0,0,0,0,0,0,0,0,0,0
nlu_0396_06,legal,domain_term_phonetic_semantic_substitution,train,0,0,0,0,0,0,0,0,1,1
nlu_0497_07,technology,domain_term_phonetic_semantic_substitution,train,0,0,0,0,0,0,0,1,0,1
nlu_0230_01,finance,domain_term_phonetic_semantic_substitution,train,0,0,0,0,0,0,0,0,0,0
nlu_0173_08,medical,domain_term_phonetic_semantic_substitution,train,0,0,0,0,0,0,0,0,0,0
nlu_0062_01,medical,domain_term_phonetic_semantic_substitution,train,0,0,0,0,0,0,0,0,0,0
nlu_0058_01,medical,domain_term_phonetic_semantic_substitution,unseen,0,0,0,0,0,0,0,0,0,0
nlu_0378_05,legal,domain_term_phonetic_semantic_substitution,train,0,0,0,0,0,0,0,0,0,0
nlu_0132_08,medical,domain_term_phonetic_semantic_substitution,train,0,0,0,0,0,0,0,0,0,0
nlu_0035_04,medical,domain_term_phonetic_semantic_substitution,train,0,0,0,0,0,0,1,1,0,2
nlu_0059_08,medical,domain_term_phonetic_semantic_substitution,validation,0,0,0,0,0,0,0,0,0,0
nlu_0468_08,technology,domain_term_phonetic_semantic_substitution,train,0,0,0,0,0,0,0,0,0,0
nlu_0064_07,medical,domain_term_phonetic_semantic_substitution,train,0,0,0,0,0,0,0,1,0,1
nlu_0044_05,medical,domain_term_phonetic_semantic_substitution,train,0,0,0,0,0,0,0,0,0,0
nlu_0191_04,finance,domain_term_phonetic_semantic_substitution,train,0,0,0,0,0,0,0,0,0,0
nlu_0010_08,medical,domain_term_phonetic_semantic_substitution,validation,0,0,0,0,0,0,1,1,0,2
nlu_0493_09,technology,domain_term_phonetic_semantic_substitution,train,0,0,0,0,0,0,0,0,1,1
nlu_0343_06,legal,domain_term_phonetic_semantic_substitution,train,0,0,0,0,0,0,0,0,0,0
nlu_0443_01,technology,domain_term_phonetic_semantic_substitution,train,0,0,0,0,0,0,0,0,0,0
nlu_0207_10,finance,domain_term_phonetic_semantic_substitution,train,0,0,0,0,0,0,0,0,0,0
nlu_0154_08,medical,domain_term_phonetic_semantic_substitution,train,0,0,0,0,0,0,0,0,0,0
nlu_0321_07,legal,domain_term_phonetic_semantic_substitution,validation,0,0,0,0,0,0,0,0,1,1
nlu_0455_07,technology,domain_term_phonetic_semantic_substitution,validation,0,0,0,0,0,0,0,0,0,0
nlu_0478_02,technology,domain_term_phonetic_semantic_substitution,train,0,0,0,0,0,0,0,0,0,0
nlu_0333_04,legal,domain_term_phonetic_semantic_substitution,unseen,0,0,0,0,0,0,1,1,1,3
nlu_0152_08,medical,domain_term_phonetic_semantic_substitution,train,0,0,0,0,0,0,0,0,0,0
nlu_0097_06,medical,domain_term_phonetic_semantic_substitution,train,0,0,0,0,0,0,0,0,0,0
nlu_0528_06,general,domain_term_phonetic_semantic_substitution,train,0,0,0,0,0,0,0,0,0,0
nlu_0053_09,medical,domain_term_phonetic_semantic_substitution,train,0,0,0,0,0,0,0,0,0,0
nlu_0018_07,medical,domain_term_phonetic_semantic_substitution,train,0,0,0,0,0,0,1,1,0,2
nlu_0248_01,finance,domain_term_phonetic_semantic_substitution,train,0,0,0,0,0,0,0,0,0,0
nlu_0453_02,technology,domain_term_phonetic_semantic_substitution,train,0,0,0,0,0,0,0,0,0,0
nlu_0360_10,legal,domain_term_phonetic_semantic_substitution,train,0,0,0,0,0,0,0,0,0,0
nlu_0301_02,finance,domain_term_phonetic_semantic_substitution,unseen,0,0,0,0,0,0,0,0,0,0
nlu_0587_06,general,domain_term_phonetic_semantic_substitution,train,0,0,0,0,0,0,0,0,0,0
nlu_0058_03,medical,domain_term_phonetic_semantic_substitution,unseen,0,0,0,0,0,0,0,0,0,0
nlu_0327_06,legal,domain_term_phonetic_semantic_substitution,train,0,0,0,0,0,0,0,1,1,2
nlu_0060_03,medical,domain_term_phonetic_semantic_substitution,train,0,0,0,0,0,0,0,0,0,0
nlu_0498_05,technology,domain_term_phonetic_semantic_substitution,train,0,0,0,0,0,0,0,0,0,0
nlu_0307_03,finance,domain_term_phonetic_semantic_substitution,validation,0,0,0,0,0,0,0,0,0,0
nlu_0349_03,legal,domain_term_phonetic_semantic_substitution,unseen,0,0,0,0,0,0,0,0,0,0
nlu_0238_05,finance,domain_term_phonetic_semantic_substitution,train,0,0,0,0,0,0,0,0,0,0
nlu_0307_05,finance,domain_term_phonetic_semantic_substitution,validation,0,0,0,0,0,0,0,0,0,0
nlu_0563_08,general,domain_term_phonetic_semantic_substitution,train,0,0,0,0,0,0,0,0,0,0
nlu_0434_03,legal,domain_term_phonetic_semantic_substitution,train,0,0,0,0,0,0,0,0,0,0
nlu_0366_07,legal,domain_term_phonetic_semantic_substitution,train,0,0,0,1,1,0,0,0,1,1
nlu_0221_09,finance,domain_term_phonetic_semantic_substitution,unseen,0,0,1,1,2,0,1,1,1,3
nlu_0442_07,technology,domain_term_phonetic_semantic_substitution,train,0,0,0,0,0,0,0,0,0,0
nlu_0250_03,finance,domain_term_phonetic_semantic_substitution,train,0,0,0,0,0,0,0,0,0,0
nlu_0391_02,legal,domain_term_phonetic_semantic_substitution,validation,0,0,0,0,0,0,0,0,0,0
nlu_0039_04,medical,domain_term_phonetic_semantic_substitution,train,0,0,0,0,0,0,1,1,0,2
nlu_0086_03,medical,domain_term_phonetic_semantic_substitution,train,0,0,0,0,0,0,0,0,0,0
nlu_0189_01,finance,domain_term_phonetic_semantic_substitution,train,0,0,0,0,0,0,0,0,0,0
nlu_0038_01,medical,domain_term_phonetic_semantic_substitution,train,0,0,0,0,0,0,0,0,0,0
nlu_0337_03,legal,domain_term_phonetic_semantic_substitution,train,0,0,0,0,0,0,0,0,0,0
nlu_0424_02,legal,domain_term_phonetic_semantic_substitution,train,0,0,0,0,0,0,0,0,0,0
nlu_0521_05,general,domain_term_phonetic_semantic_substitution,train,0,0,0,0,0,0,0,0,0,0
nlu_0518_01,general,domain_term_phonetic_semantic_substitution,unseen,0,0,0,0,0,0,0,0,0,0
nlu_0596_08,general,domain_term_phonetic_semantic_substitution,train,0,0,0,0,0,0,0,0,0,0
nlu_0111_06,medical,domain_term_phonetic_semantic_substitution,train,0,0,0,0,0,0,0,0,0,0
nlu_0469_05,technology,domain_term_phonetic_semantic_substitution,train,0,0,0,0,0,0,0,0,0,0
nlu_0237_02,finance,domain_term_phonetic_semantic_substitution,train,0,0,0,0,0,0,0,0,0,0
nlu_0516_04,general,domain_term_phonetic_semantic_substitution,validation,0,0,0,0,0,0,0,0,0,0
nlu_0134_07,medical,domain_term_phonetic_semantic_substitution,train,0,0,0,0,0,0,0,0,0,0
nlu_0219_10,finance,domain_term_phonetic_semantic_substitution,train,0,0,0,0,0,0,0,0,0,0
nlu_0551_03,general,domain_term_phonetic_semantic_substitution,validation,0,0,0,0,0,0,0,0,0,0
nlu_0541_04,general,domain_term_phonetic_semantic_substitution,train,0,0,0,0,0,0,0,0,0,0
nlu_0485_09,technology,domain_term_phonetic_semantic_substitution,train,0,0,0,0,0,0,0,0,0,0
nlu_0225_07,finance,domain_term_phonetic_semantic_substitution,unseen,0,0,0,0,0,0,0,0,0,0
nlu_0598_05,general,domain_term_phonetic_semantic_substitution,train,0,0,0,0,0,0,0,0,0,0
nlu_0582_02,general,domain_term_phonetic_semantic_substitution,train,0,0,0,0,0,0,0,0,0,0
nlu_0118_02,medical,domain_term_phonetic_semantic_substitution,train,0,0,0,0,0,0,0,0,0,0
nlu_0400_03,legal,domain_term_phonetic_semantic_substitution,train,0,0,0,0,0,0,0,0,0,0
nlu_0381_09,legal,domain_term_phonetic_semantic_substitution,train,0,0,0,0,0,0,0,0,1,1
nlu_0143_03,medical,domain_term_phonetic_semantic_substitution,unseen,0,0,0,0,0,0,0,0,0,0
nlu_0269_07,finance,domain_term_phonetic_semantic_substitution,train,0,0,0,0,0,0,0,1,1,2
nlu_0539_01,general,domain_term_phonetic_semantic_substitution,train,0,0,0,0,0,0,0,0,0,0
nlu_0332_09,legal,domain_term_phonetic_semantic_substitution,train,0,0,0,0,0,0,1,0,0,1
nlu_0582_04,general,domain_term_phonetic_semantic_substitution,train,0,0,0,0,0,0,0,0,0,0
nlu_0571_08,general,domain_term_phonetic_semantic_substitution,train,0,0,0,0,0,0,0,0,0,0
nlu_0147_05,medical,domain_term_phonetic_semantic_substitution,unseen,0,0,0,0,0,0,0,0,0,0
nlu_0088_05,medical,domain_term_phonetic_semantic_substitution,train,0,0,0,0,0,0,0,1,0,1
nlu_0230_08,finance,domain_term_phonetic_semantic_substitution,train,0,0,0,0,0,0,0,0,0,0
nlu_0265_04,finance,domain_term_phonetic_semantic_substitution,train,0,0,0,0,0,0,0,0,0,0
nlu_0395_06,legal,domain_term_phonetic_semantic_substitution,train,0,0,0,0,0,0,0,0,1,1
nlu_0520_01,general,domain_term_phonetic_semantic_substitution,validation,0,0,0,0,0,0,0,0,0,0
nlu_0126_02,medical,domain_term_phonetic_semantic_substitution,train,0,0,0,0,0,0,1,0,0,1
nlu_0333_07,legal,domain_term_phonetic_semantic_substitution,unseen,0,0,0,0,0,0,0,0,0,0
nlu_0085_01,medical,domain_term_phonetic_semantic_substitution,train,0,0,0,0,0,0,0,0,0,0
nlu_0423_09,legal,domain_term_phonetic_semantic_substitution,train,0,0,0,0,0,0,0,1,1,2
nlu_0059_02,medical,domain_term_phonetic_semantic_substitution,validation,0,0,0,0,0,0,0,0,0,0
nlu_0021_05,medical,domain_term_phonetic_semantic_substitution,train,0,0,0,0,0,0,0,0,0,0
nlu_0165_02,medical,domain_term_phonetic_semantic_substitution,train,0,0,0,0,0,0,0,0,0,0
nlu_0202_05,finance,domain_term_phonetic_semantic_substitution,train,0,0,0,0,0,0,0,0,0,0
nlu_0091_06,medical,domain_term_phonetic_semantic_substitution,train,0,0,0,0,0,0,0,1,0,1
nlu_0064_02,medical,domain_term_phonetic_semantic_substitution,train,0,0,0,0,0,0,0,0,0,0
nlu_0425_05,legal,domain_term_phonetic_semantic_substitution,train,0,0,0,0,0,0,0,0,0,0
nlu_0198_05,finance,domain_term_phonetic_semantic_substitution,validation,0,0,0,0,0,0,0,0,0,0
nlu_0017_03,medical,domain_term_phonetic_semantic_substitution,train,0,0,0,0,0,0,0,0,0,0
nlu_0431_05,legal,domain_term_phonetic_semantic_substitution,validation,0,0,0,0,0,0,0,0,0,0
nlu_0406_06,legal,domain_term_phonetic_semantic_substitution,unseen,0,0,1,0,1,0,0,1,1,2
nlu_0539_09,general,domain_term_phonetic_semantic_substitution,train,0,0,0,0,0,0,0,0,0,0
nlu_0352_04,legal,domain_term_phonetic_semantic_substitution,train,0,0,0,0,0,0,0,1,0,1
nlu_0062_08,medical,domain_term_phonetic_semantic_substitution,train,0,0,0,0,0,0,0,0,0,0
nlu_0088_06,medical,domain_term_phonetic_semantic_substitution,train,0,0,0,0,0,0,0,0,0,0
nlu_0144_02,medical,domain_term_phonetic_semantic_substitution,train,0,0,0,0,0,0,0,0,0,0
nlu_0298_04,finance,domain_term_phonetic_semantic_substitution,train,0,0,0,0,0,0,0,0,0,0
nlu_0537_03,general,domain_term_phonetic_semantic_substitution,train,0,0,0,0,0,0,0,0,0,0
nlu_0055_08,medical,domain_term_phonetic_semantic_substitution,validation,0,0,0,0,0,0,1,1,1,3
nlu_0488_02,technology,domain_term_phonetic_semantic_substitution,train,0,0,0,0,0,0,0,0,0,0
nlu_0545_10,general,domain_term_phonetic_semantic_substitution,train,0,0,0,0,0,0,0,0,0,0
nlu_0505_09,general,domain_term_phonetic_semantic_substitution,train,0,0,0,0,0,0,0,0,0,0
nlu_0339_02,legal,domain_term_phonetic_semantic_substitution,train,0,0,0,0,0,0,0,0,0,0
nlu_0581_10,general,domain_term_phonetic_semantic_substitution,train,0,0,0,0,0,0,0,0,0,0
nlu_0571_03,general,domain_term_phonetic_semantic_substitution,train,0,0,0,0,0,0,0,0,0,0
nlu_0490_01,technology,domain_term_phonetic_semantic_substitution,validation,0,0,0,0,0,0,0,0,0,0
nlu_0286_07,finance,domain_term_phonetic_semantic_substitution,train,0,0,0,0,0,0,0,0,0,0
nlu_0187_02,medical,domain_term_phonetic_semantic_substitution,train,0,0,0,0,0,0,0,0,0,0
nlu_0266_10,finance,domain_term_phonetic_semantic_substitution,train,0,0,0,0,0,0,0,0,0,0
nlu_0551_06,general,domain_term_phonetic_semantic_substitution,validation,0,0,0,0,0,0,0,0,0,0
nlu_0065_01,medical,domain_term_phonetic_semantic_substitution,train,0,0,0,0,0,0,0,0,1,1
nlu_0511_08,general,domain_term_phonetic_semantic_substitution,train,0,0,0,0,0,0,0,0,0,0
nlu_0101_10,medical,domain_term_phonetic_semantic_substitution,train,0,0,0,0,0,0,0,0,0,0
nlu_0587_03,general,domain_term_phonetic_semantic_substitution,train,0,0,0,0,0,0,0,0,0,0
nlu_0064_08,medical,domain_term_phonetic_semantic_substitution,train,0,0,0,0,0,0,0,0,0,0
nlu_0490_10,technology,domain_term_phonetic_semantic_substitution,validation,0,0,0,0,0,0,0,0,0,0
nlu_0451_05,technology,domain_term_phonetic_semantic_substitution,validation,0,0,0,0,0,0,0,0,1,1
nlu_0231_09,finance,domain_term_phonetic_semantic_substitution,train,0,0,0,0,0,0,0,1,1,2
nlu_0417_09,legal,domain_term_phonetic_semantic_substitution,train,0,0,0,0,0,0,0,1,1,2
nlu_0315_06,legal,domain_term_phonetic_semantic_substitution,train,0,0,0,0,0,0,0,1,1,2
nlu_0379_02,legal,domain_term_phonetic_semantic_substitution,train,0,0,0,0,0,0,0,0,0,0
nlu_0210_07,finance,domain_term_phonetic_semantic_substitution,train,0,0,0,0,0,0,0,0,0,0
nlu_0552_10,general,domain_term_phonetic_semantic_substitution,train,0,0,0,0,0,0,0,0,0,0
nlu_0196_07,finance,domain_term_phonetic_semantic_substitution,validation,0,0,0,0,0,0,1,1,1,3
nlu_0138_03,medical,domain_term_phonetic_semantic_substitution,train,0,0,0,0,0,0,0,0,0,0
nlu_0403_03,legal,domain_term_phonetic_semantic_substitution,train,0,0,0,0,0,0,0,0,0,0
nlu_0093_02,medical,domain_term_phonetic_semantic_substitution,train,0,0,0,0,0,0,1,0,1,2
nlu_0055_07,medical,domain_term_phonetic_semantic_substitution,validation,0,0,0,0,0,0,0,0,0,0
nlu_0145_10,medical,domain_term_phonetic_semantic_substitution,train,0,0,0,0,0,0,0,0,0,0
nlu_0281_05,finance,domain_term_phonetic_semantic_substitution,train,0,0,0,0,0,0,0,0,0,0
nlu_0262_01,finance,domain_term_phonetic_semantic_substitution,train,0,0,0,0,0,0,0,0,0,0
nlu_0191_01,finance,domain_term_phonetic_semantic_substitution,train,0,0,0,0,0,0,0,0,0,0
nlu_0276_08,finance,domain_term_phonetic_semantic_substitution,validation,0,0,0,0,0,0,0,0,0,0
nlu_0203_09,finance,domain_term_phonetic_semantic_substitution,train,0,0,0,0,0,0,0,0,0,0
nlu_0231_02,finance,domain_term_phonetic_semantic_substitution,train,0,0,0,0,0,0,0,0,0,0
nlu_0189_06,finance,domain_term_phonetic_semantic_substitution,train,0,0,0,0,0,0,0,0,0,0
nlu_0165_03,medical,domain_term_phonetic_semantic_substitution,train,0,0,0,0,0,0,0,0,1,1
nlu_0098_03,medical,domain_term_phonetic_semantic_substitution,train,0,0,0,0,0,0,0,0,0,0
nlu_0577_05,general,domain_term_phonetic_semantic_substitution,unseen,0,0,0,0,0,0,0,0,0,0
nlu_0210_08,finance,domain_term_phonetic_semantic_substitution,train,0,0,0,0,0,0,0,0,0,0
nlu_0521_09,general,domain_term_phonetic_semantic_substitution,train,0,0,0,0,0,0,0,0,0,0
nlu_0458_06,technology,domain_term_phonetic_semantic_substitution,train,0,0,0,0,0,0,0,0,0,0
nlu_0550_01,general,domain_term_phonetic_semantic_substitution,unseen,0,0,0,0,0,0,0,0,0,0
nlu_0596_09,general,domain_term_phonetic_semantic_substitution,train,0,0,0,0,0,0,0,0,0,0
nlu_0084_07,medical,domain_term_phonetic_semantic_substitution,train,0,0,0,0,0,0,0,0,0,0
nlu_0061_02,medical,domain_term_phonetic_semantic_substitution,train,0,0,0,0,0,0,0,0,0,0
nlu_0219_05,finance,domain_term_phonetic_semantic_substitution,train,0,0,0,0,0,0,0,1,1,2
nlu_0477_09,technology,domain_term_phonetic_semantic_substitution,train,0,0,0,0,0,0,0,0,0,0
nlu_0352_07,legal,domain_term_phonetic_semantic_substitution,train,0,0,0,0,0,0,0,0,0,0
nlu_0515_10,general,domain_term_phonetic_semantic_substitution,train,0,0,0,0,0,0,0,0,0,0
nlu_0159_03,medical,domain_term_phonetic_semantic_substitution,train,0,0,0,0,0,0,0,0,0,0
nlu_0511_02,general,domain_term_phonetic_semantic_substitution,train,0,0,0,0,0,0,0,0,0,0
nlu_0359_04,legal,domain_term_phonetic_semantic_substitution,train,0,0,0,0,0,0,0,0,0,0
nlu_0386_09,legal,domain_term_phonetic_semantic_substitution,train,0,0,0,0,0,0,0,1,1,2
nlu_0108_01,medical,domain_term_phonetic_semantic_substitution,train,0,0,0,0,0,0,0,0,0,0
nlu_0178_06,medical,domain_term_phonetic_semantic_substitution,train,0,0,0,0,0,0,1,1,1,3
nlu_0577_04,general,domain_term_phonetic_semantic_substitution,unseen,0,0,0,0,0,0,0,0,0,0
nlu_0129_04,medical,domain_term_phonetic_semantic_substitution,validation,0,0,1,1,2,0,0,1,1,2
nlu_0499_08,technology,domain_term_phonetic_semantic_substitution,train,0,0,0,0,0,0,0,0,0,0
nlu_0489_05,technology,domain_term_phonetic_semantic_substitution,train,0,0,0,0,0,0,0,1,1,2
nlu_0570_10,general,domain_term_phonetic_semantic_substitution,train,0,0,0,0,0,0,0,0,0,0
nlu_0184_07,medical,domain_term_phonetic_semantic_substitution,train,0,0,0,0,0,0,0,0,0,0
nlu_0546_03,general,domain_term_phonetic_semantic_substitution,train,0,0,0,0,0,0,0,0,0,0
nlu_0102_10,medical,domain_term_phonetic_semantic_substitution,validation,0,0,0,0,0,0,0,1,0,1
nlu_0098_01,medical,domain_term_phonetic_semantic_substitution,train,0,0,0,0,0,0,0,0,0,0
nlu_0133_07,medical,domain_term_phonetic_semantic_substitution,train,0,0,0,0,0,0,0,0,0,0
nlu_0334_04,legal,domain_term_phonetic_semantic_substitution,train,0,0,0,0,0,0,0,1,1,2
nlu_0048_06,medical,domain_term_phonetic_semantic_substitution,train,0,0,0,0,0,0,0,1,1,2
nlu_0282_01,finance,domain_term_phonetic_semantic_substitution,unseen,0,0,0,0,0,0,0,0,0,0
nlu_0561_09,general,domain_term_phonetic_semantic_substitution,train,0,0,0,0,0,0,0,0,0,0
nlu_0166_02,medical,domain_term_phonetic_semantic_substitution,validation,0,0,0,0,0,0,0,0,1,1
nlu_0557_10,general,domain_term_phonetic_semantic_substitution,train,0,0,0,0,0,0,0,0,0,0
nlu_0513_02,general,domain_term_phonetic_semantic_substitution,validation,0,0,0,0,0,0,0,0,0,0
nlu_0253_09,finance,domain_term_phonetic_semantic_substitution,validation,0,0,0,0,0,0,0,0,0,0
nlu_0370_02,legal,domain_term_phonetic_semantic_substitution,validation,0,0,0,0,0,0,0,0,0,0
nlu_0451_10,technology,domain_term_phonetic_semantic_substitution,validation,0,0,0,0,0,0,0,0,0,0
nlu_0409_07,legal,domain_term_phonetic_semantic_substitution,train,0,0,0,0,0,0,0,0,0,0
nlu_0138_04,medical,domain_term_phonetic_semantic_substitution,train,0,0,0,0,0,0,0,0,0,0
nlu_0074_10,medical,domain_term_phonetic_semantic_substitution,unseen,0,0,0,0,0,0,0,0,1,1
nlu_0461_09,technology,domain_term_phonetic_semantic_substitution,train,0,0,0,0,0,0,0,1,1,2
nlu_0581_03,general,domain_term_phonetic_semantic_substitution,train,0,0,0,0,0,0,0,0,0,0
nlu_0087_08,medical,domain_term_phonetic_semantic_substitution,train,0,0,0,0,0,0,0,0,0,0
nlu_0298_05,finance,domain_term_phonetic_semantic_substitution,train,0,0,0,0,0,0,0,0,0,0
nlu_0115_01,medical,domain_term_phonetic_semantic_substitution,unseen,0,0,0,0,0,0,0,0,0,0
nlu_0100_08,medical,domain_term_phonetic_semantic_substitution,unseen,0,0,0,0,0,0,1,1,0,2
nlu_0134_08,medical,domain_term_phonetic_semantic_substitution,train,0,0,0,0,0,0,0,0,0,0
nlu_0055_02,medical,domain_term_phonetic_semantic_substitution,validation,0,0,0,0,0,0,1,1,1,3
nlu_0110_10,medical,domain_term_phonetic_semantic_substitution,train,0,0,0,0,0,0,0,0,0,0
nlu_0114_03,medical,domain_term_phonetic_semantic_substitution,train,0,0,0,0,0,0,0,0,0,0
nlu_0582_07,general,domain_term_phonetic_semantic_substitution,train,0,0,0,0,0,0,0,0,0,0
nlu_0593_08,general,domain_term_phonetic_semantic_substitution,unseen,0,0,0,0,0,0,0,0,0,0
nlu_0226_09,finance,domain_term_phonetic_semantic_substitution,unseen,0,1,1,1,3,0,0,1,1,2
nlu_0598_04,general,domain_term_phonetic_semantic_substitution,train,0,0,0,0,0,0,0,0,0,0
nlu_0297_03,finance,domain_term_phonetic_semantic_substitution,unseen,0,0,0,0,0,0,0,0,0,0
nlu_0006_10,medical,domain_term_phonetic_semantic_substitution,validation,0,0,0,0,0,0,0,0,0,0
nlu_0326_10,legal,domain_term_phonetic_semantic_substitution,train,0,0,0,0,0,0,0,0,0,0
nlu_0409_04,legal,domain_term_phonetic_semantic_substitution,train,0,0,0,0,0,0,0,0,1,1
nlu_0194_09,finance,domain_term_phonetic_semantic_substitution,train,0,0,0,0,0,0,0,0,0,0
nlu_0366_01,legal,domain_term_phonetic_semantic_substitution,train,0,0,0,0,0,0,0,0,0,0
nlu_0593_04,general,domain_term_phonetic_semantic_substitution,unseen,0,0,0,0,0,0,0,0,0,0
nlu_0340_06,legal,domain_term_phonetic_semantic_substitution,train,0,0,0,0,0,0,0,0,0,0
nlu_0282_04,finance,domain_term_phonetic_semantic_substitution,unseen,0,0,1,0,1,0,0,1,0,1
nlu_0600_07,general,domain_term_phonetic_semantic_substitution,train,0,0,0,0,0,0,0,0,0,0
nlu_0566_07,general,domain_term_phonetic_semantic_substitution,unseen,0,0,0,0,0,0,0,0,0,0
nlu_0108_09,medical,domain_term_phonetic_semantic_substitution,train,0,0,0,0,0,0,0,0,0,0
nlu_0454_03,technology,domain_term_phonetic_semantic_substitution,validation,0,0,0,0,0,0,0,0,0,0
nlu_0584_02,general,domain_term_phonetic_semantic_substitution,train,0,0,0,0,0,0,0,0,0,0
nlu_0428_03,legal,domain_term_phonetic_semantic_substitution,train,0,0,0,0,0,0,0,0,0,0
nlu_0429_04,legal,domain_term_phonetic_semantic_substitution,train,0,0,0,0,0,0,0,0,1,1
nlu_0510_10,general,domain_term_phonetic_semantic_substitution,train,0,0,0,0,0,0,0,0,0,0
nlu_0264_01,finance,domain_term_phonetic_semantic_substitution,train,0,0,0,0,0,0,0,0,0,0
nlu_0481_02,technology,domain_term_phonetic_semantic_substitution,train,0,0,0,0,0,0,0,0,0,0
nlu_0353_05,legal,domain_term_phonetic_semantic_substitution,unseen,0,0,0,0,0,0,0,0,0,0
nlu_0357_04,legal,domain_term_phonetic_semantic_substitution,train,0,0,0,0,0,0,0,0,0,0
nlu_0095_01,medical,domain_term_phonetic_semantic_substitution,unseen,0,0,0,0,0,0,0,1,0,1
nlu_0109_01,medical,domain_term_phonetic_semantic_substitution,train,0,0,0,0,0,0,0,0,0,0
nlu_0019_08,medical,domain_term_phonetic_semantic_substitution,train,0,0,0,0,0,0,0,0,0,0
nlu_0373_03,legal,domain_term_phonetic_semantic_substitution,train,0,0,0,0,0,0,0,0,0,0
nlu_0562_04,general,domain_term_phonetic_semantic_substitution,validation,0,0,0,0,0,0,0,0,0,0
nlu_0209_06,finance,domain_term_phonetic_semantic_substitution,train,0,0,0,0,0,0,0,0,0,0
nlu_0225_10,finance,domain_term_phonetic_semantic_substitution,unseen,0,0,1,1,2,0,0,1,1,2
nlu_0369_09,legal,domain_term_phonetic_semantic_substitution,validation,0,0,0,0,0,0,0,1,1,2
nlu_0587_09,general,domain_term_phonetic_semantic_substitution,train,0,0,0,0,0,0,0,0,0,0
nlu_0203_04,finance,domain_term_phonetic_semantic_substitution,train,0,0,1,0,1,0,0,1,0,1
nlu_0380_05,legal,domain_term_phonetic_semantic_substitution,unseen,0,0,0,0,0,0,0,0,0,0
nlu_0150_03,medical,domain_term_phonetic_semantic_substitution,train,0,0,0,0,0,0,0,0,0,0
nlu_0461_02,technology,domain_term_phonetic_semantic_substitution,train,0,0,0,0,0,0,0,0,0,0
nlu_0405_01,legal,domain_term_phonetic_semantic_substitution,train,0,0,0,0,0,0,0,0,0,0
nlu_0023_07,medical,domain_term_phonetic_semantic_substitution,train,0,0,0,0,0,0,1,1,0,2
nlu_0102_04,medical,domain_term_phonetic_semantic_substitution,validation,0,0,1,0,1,0,1,1,1,3
nlu_0259_04,finance,domain_term_phonetic_semantic_substitution,train,0,0,0,0,0,0,0,0,0,0
nlu_0193_10,finance,domain_term_phonetic_semantic_substitution,train,0,0,0,0,0,0,1,0,1,2
nlu_0422_06,legal,domain_term_phonetic_semantic_substitution,train,0,0,0,0,0,0,0,1,1,2
nlu_0539_03,general,domain_term_phonetic_semantic_substitution,train,0,0,0,0,0,0,0,0,0,0
nlu_0141_05,medical,domain_term_phonetic_semantic_substitution,train,0,0,0,0,0,0,0,0,0,0
nlu_0218_10,finance,domain_term_phonetic_semantic_substitution,unseen,0,0,1,0,1,0,0,1,1,2
nlu_0070_08,medical,domain_term_phonetic_semantic_substitution,train,0,0,0,0,0,0,1,0,0,1
nlu_0113_05,medical,domain_term_phonetic_semantic_substitution,validation,0,0,0,0,0,0,0,0,0,0
nlu_0329_03,legal,domain_term_phonetic_semantic_substitution,validation,0,0,0,0,0,0,0,0,0,0
nlu_0397_01,legal,domain_term_phonetic_semantic_substitution,train,0,0,0,0,0,0,0,0,0,0
nlu_0412_01,legal,domain_term_phonetic_semantic_substitution,train,0,0,0,0,0,0,0,0,0,0
nlu_0178_09,medical,domain_term_phonetic_semantic_substitution,train,0,0,0,0,0,0,0,0,0,0
nlu_0264_05,finance,domain_term_phonetic_semantic_substitution,train,0,0,0,0,0,0,0,0,0,0
nlu_0310_02,finance,domain_term_phonetic_semantic_substitution,train,0,0,0,0,0,0,0,0,0,0
nlu_0405_08,legal,domain_term_phonetic_semantic_substitution,train,0,0,0,0,0,0,0,0,0,0
nlu_0104_08,medical,domain_term_phonetic_semantic_substitution,unseen,0,0,0,0,0,0,1,1,0,2
nlu_0500_05,technology,domain_term_phonetic_semantic_substitution,validation,0,0,0,0,0,0,0,1,0,1
nlu_0226_07,finance,domain_term_phonetic_semantic_substitution,unseen,0,0,0,1,1,0,0,0,1,1
nlu_0378_04,legal,domain_term_phonetic_semantic_substitution,train,0,0,0,0,0,0,0,0,1,1
nlu_0593_10,general,domain_term_phonetic_semantic_substitution,unseen,0,0,0,0,0,0,0,0,0,0
nlu_0032_04,medical,domain_term_phonetic_semantic_substitution,train,0,0,0,0,0,0,1,1,1,3
nlu_0265_10,finance,domain_term_phonetic_semantic_substitution,train,0,0,0,0,0,0,0,0,0,0
nlu_0229_02,finance,domain_term_phonetic_semantic_substitution,unseen,0,0,0,0,0,0,0,0,0,0
nlu_0370_04,legal,domain_term_phonetic_semantic_substitution,validation,0,0,1,0,1,0,0,1,0,1
nlu_0429_08,legal,domain_term_phonetic_semantic_substitution,train,0,0,0,0,0,0,0,0,0,0
nlu_0255_08,finance,domain_term_phonetic_semantic_substitution,train,0,0,0,0,0,0,0,0,0,0
nlu_0142_07,medical,domain_term_phonetic_semantic_substitution,train,0,0,0,0,0,0,0,0,0,0
nlu_0104_07,medical,domain_term_phonetic_semantic_substitution,unseen,0,0,0,0,0,0,0,1,0,1
nlu_0216_10,finance,domain_term_phonetic_semantic_substitution,train,0,0,0,0,0,0,0,0,1,1
nlu_0299_05,finance,domain_term_phonetic_semantic_substitution,validation,0,0,0,0,0,0,0,0,0,0
nlu_0314_08,legal,domain_term_phonetic_semantic_substitution,train,0,0,0,0,0,0,0,0,0,0
nlu_0499_02,technology,domain_term_phonetic_semantic_substitution,train,0,0,0,0,0,0,0,0,0,0
nlu_0176_05,medical,domain_term_phonetic_semantic_substitution,unseen,0,0,0,0,0,0,0,1,0,1
nlu_0427_03,legal,domain_term_phonetic_semantic_substitution,train,0,0,0,0,0,0,0,0,0,0
nlu_0399_01,legal,domain_term_phonetic_semantic_substitution,validation,0,0,0,0,0,0,0,0,0,0
nlu_0382_08,legal,domain_term_phonetic_semantic_substitution,validation,0,0,0,0,0,0,0,1,1,2
nlu_0535_06,general,domain_term_phonetic_semantic_substitution,train,0,0,0,0,0,0,0,0,0,0
nlu_0253_01,finance,domain_term_phonetic_semantic_substitution,validation,0,0,0,0,0,0,0,0,0,0
nlu_0088_04,medical,domain_term_phonetic_semantic_substitution,train,0,0,0,0,0,0,1,1,0,2
nlu_0523_10,general,domain_term_phonetic_semantic_substitution,train,0,0,0,0,0,0,0,0,0,0
nlu_0449_10,technology,domain_term_phonetic_semantic_substitution,validation,0,0,0,0,0,0,0,0,0,0
nlu_0151_07,medical,domain_term_phonetic_semantic_substitution,validation,0,0,0,0,0,0,0,1,0,1
nlu_0390_02,legal,domain_term_phonetic_semantic_substitution,unseen,0,0,1,0,1,0,0,1,0,1
nlu_0193_04,finance,domain_term_phonetic_semantic_substitution,train,0,0,0,0,0,0,0,0,0,0
nlu_0045_09,medical,domain_term_phonetic_semantic_substitution,unseen,0,0,0,1,1,0,0,0,1,1
nlu_0347_01,legal,domain_term_phonetic_semantic_substitution,train,0,0,0,0,0,0,0,0,0,0
nlu_0358_06,legal,domain_term_phonetic_semantic_substitution,train,0,0,0,0,0,0,0,1,1,2
nlu_0597_01,general,domain_term_phonetic_semantic_substitution,unseen,0,0,0,0,0,0,0,0,0,0
nlu_0364_03,legal,domain_term_phonetic_semantic_substitution,unseen,0,0,0,0,0,0,0,0,0,0
nlu_0326_08,legal,domain_term_phonetic_semantic_substitution,train,0,0,0,0,0,0,0,0,0,0
nlu_0037_02,medical,domain_term_phonetic_semantic_substitution,train,0,0,0,0,0,0,0,0,0,0
nlu_0219_04,finance,domain_term_phonetic_semantic_substitution,train,0,0,0,0,0,0,0,0,0,0
nlu_0114_05,medical,domain_term_phonetic_semantic_substitution,train,0,0,0,0,0,0,0,0,0,0
nlu_0484_01,technology,domain_term_deletion,validation,0,0,1,0,1,0,0,1,0,1
nlu_0320_10,legal,domain_term_phonetic_semantic_substitution,train,0,0,0,0,0,0,0,0,0,0
nlu_0582_08,general,domain_term_phonetic_semantic_substitution,train,0,0,0,0,0,0,0,0,0,0
nlu_0344_09,legal,domain_term_phonetic_semantic_substitution,train,0,0,0,0,0,0,1,1,1,3
nlu_0216_06,finance,domain_term_phonetic_semantic_substitution,train,0,0,0,0,0,0,0,1,1,2
nlu_0184_01,medical,domain_term_phonetic_semantic_substitution,train,0,0,0,0,0,0,0,0,1,1
nlu_0106_04,medical,domain_term_phonetic_semantic_substitution,train,0,0,0,0,0,0,0,0,0,0
nlu_0247_01,finance,domain_term_phonetic_semantic_substitution,train,0,0,0,0,0,0,0,0,0,0
nlu_0003_03,medical,domain_term_phonetic_semantic_substitution,train,0,0,0,0,0,0,0,0,0,0
nlu_0207_07,finance,domain_term_phonetic_semantic_substitution,train,0,0,0,0,0,0,0,0,0,0
nlu_0166_04,medical,domain_term_phonetic_semantic_substitution,validation,0,0,0,0,0,0,0,1,0,1
nlu_0367_02,legal,domain_term_phonetic_semantic_substitution,train,0,0,0,0,0,0,0,0,0,0
nlu_0434_02,legal,domain_term_phonetic_semantic_substitution,train,0,0,0,0,0,0,0,0,0,0
nlu_0275_04,finance,domain_term_phonetic_semantic_substitution,unseen,0,0,0,0,0,0,0,1,0,1
nlu_0525_05,general,domain_term_phonetic_semantic_substitution,validation,0,0,0,0,0,0,0,0,0,0
nlu_0488_03,technology,domain_term_phonetic_semantic_substitution,train,0,0,0,0,0,0,0,0,0,0
nlu_0247_09,finance,domain_term_phonetic_semantic_substitution,train,0,0,0,0,0,0,0,0,0,0
nlu_0233_06,finance,domain_term_phonetic_semantic_substitution,validation,0,0,1,0,1,0,0,1,1,2
nlu_0047_01,medical,domain_term_phonetic_semantic_substitution,unseen,0,0,0,0,0,0,0,0,0,0
nlu_0107_08,medical,domain_term_phonetic_semantic_substitution,train,0,0,0,0,0,0,0,0,0,0
nlu_0009_08,medical,domain_term_phonetic_semantic_substitution,train,0,0,0,0,0,0,0,0,0,0
nlu_0144_01,medical,domain_term_phonetic_semantic_substitution,train,0,0,0,0,0,0,0,1,0,1
nlu_0374_10,legal,domain_term_phonetic_semantic_substitution,unseen,0,0,0,0,0,0,0,0,0,0
nlu_0029_03,medical,domain_term_phonetic_semantic_substitution,train,0,0,0,0,0,0,0,0,1,1
nlu_0249_04,finance,domain_term_phonetic_semantic_substitution,train,0,0,0,0,0,0,0,0,0,0
nlu_0047_03,medical,domain_term_phonetic_semantic_substitution,unseen,0,0,0,0,0,0,0,0,1,1
nlu_0022_03,medical,domain_term_phonetic_semantic_substitution,train,0,0,0,0,0,0,0,0,0,0
nlu_0259_09,finance,domain_term_phonetic_semantic_substitution,train,0,0,0,0,0,0,0,0,0,0
nlu_0430_02,legal,domain_term_phonetic_semantic_substitution,unseen,0,0,0,0,0,0,0,0,0,0
nlu_0291_08,finance,domain_term_phonetic_semantic_substitution,train,0,0,0,0,0,0,0,0,0,0
nlu_0259_02,finance,domain_term_phonetic_semantic_substitution,train,0,0,0,0,0,0,0,0,0,0
nlu_0137_09,medical,domain_term_phonetic_semantic_substitution,validation,0,0,0,0,0,0,0,0,0,0
nlu_0024_05,medical,domain_term_phonetic_semantic_substitution,train,0,0,0,0,0,0,0,0,0,0
nlu_0393_03,legal,domain_term_phonetic_semantic_substitution,train,0,0,0,0,0,0,0,0,0,0
nlu_0060_08,medical,domain_term_phonetic_semantic_substitution,train,0,0,0,0,0,0,0,0,0,0
nlu_0530_06,general,domain_term_phonetic_semantic_substitution,validation,0,0,0,0,0,0,0,0,0,0
nlu_0226_01,finance,domain_term_phonetic_semantic_substitution,unseen,0,0,0,0,0,0,0,0,0,0
nlu_0588_05,general,domain_term_phonetic_semantic_substitution,train,0,0,0,0,0,0,0,0,0,0
nlu_0229_04,finance,domain_term_phonetic_semantic_substitution,unseen,0,0,0,0,0,0,0,1,0,1
nlu_0067_03,medical,domain_term_phonetic_semantic_substitution,train,0,0,0,0,0,0,0,0,0,0
nlu_0596_05,general,domain_term_phonetic_semantic_substitution,train,0,0,0,0,0,0,0,0,0,0
nlu_0229_06,finance,domain_term_phonetic_semantic_substitution,unseen,0,1,0,1,2,0,1,0,1,2
nlu_0344_02,legal,domain_term_phonetic_semantic_substitution,train,0,0,0,0,0,0,0,0,0,0
nlu_0566_06,general,domain_term_phonetic_semantic_substitution,unseen,0,0,0,0,0,0,0,0,0,0
nlu_0433_01,legal,domain_term_phonetic_semantic_substitution,unseen,0,0,0,0,0,0,0,0,0,0
nlu_0369_05,legal,domain_term_phonetic_semantic_substitution,validation,0,0,0,0,0,0,0,0,0,0
nlu_0548_04,general,domain_term_phonetic_semantic_substitution,validation,0,0,0,0,0,0,0,0,0,0
nlu_0347_09,legal,domain_term_phonetic_semantic_substitution,train,0,0,0,0,0,0,0,0,0,0
nlu_0355_02,legal,domain_term_phonetic_semantic_substitution,train,0,0,0,0,0,0,0,0,0,0
nlu_0300_01,finance,domain_term_phonetic_semantic_substitution,validation,0,0,0,0,0,0,0,0,0,0
nlu_0534_04,general,domain_term_phonetic_semantic_substitution,validation,0,0,0,0,0,0,0,0,0,0
nlu_0078_10,medical,domain_term_phonetic_semantic_substitution,train,0,0,0,0,0,0,0,0,1,1
nlu_0255_05,finance,domain_term_phonetic_semantic_substitution,train,0,0,0,0,0,0,0,0,0,0
nlu_0570_09,general,domain_term_phonetic_semantic_substitution,train,0,0,0,0,0,0,0,0,0,0
nlu_0462_09,technology,domain_term_phonetic_semantic_substitution,validation,0,0,0,0,0,0,0,1,1,2
nlu_0578_07,general,domain_term_phonetic_semantic_substitution,validation,0,0,0,0,0,0,0,0,0,0
nlu_0566_01,general,domain_term_phonetic_semantic_substitution,unseen,0,0,0,0,0,0,0,0,0,0
nlu_0579_04,general,domain_term_phonetic_semantic_substitution,train,0,0,0,0,0,0,0,0,0,0
nlu_0580_07,general,domain_term_phonetic_semantic_substitution,train,0,0,0,0,0,0,0,0,0,0
nlu_0069_06,medical,domain_term_phonetic_semantic_substitution,train,0,0,0,0,0,0,0,0,0,0
nlu_0383_01,legal,domain_term_phonetic_semantic_substitution,validation,0,0,0,0,0,0,0,1,0,1
nlu_0471_02,technology,domain_term_phonetic_semantic_substitution,unseen,0,0,0,0,0,0,0,0,0,0
nlu_0325_04,legal,domain_term_phonetic_semantic_substitution,train,0,0,0,0,0,0,0,0,0,0
nlu_0175_09,medical,domain_term_phonetic_semantic_substitution,validation,0,0,0,0,0,0,0,0,0,0
nlu_0431_04,legal,domain_term_phonetic_semantic_substitution,validation,0,0,0,0,0,0,0,1,1,2
nlu_0464_09,technology,domain_term_phonetic_semantic_substitution,train,0,0,0,0,0,0,0,0,0,0
nlu_0284_08,finance,domain_term_phonetic_semantic_substitution,validation,0,0,0,0,0,0,0,0,0,0
nlu_0304_03,finance,domain_term_phonetic_semantic_substitution,train,0,0,0,0,0,0,0,0,0,0
nlu_0218_02,finance,domain_term_phonetic_semantic_substitution,unseen,0,0,0,0,0,0,0,0,0,0
nlu_0377_08,legal,domain_term_phonetic_semantic_substitution,train,0,0,0,0,0,0,0,0,0,0
nlu_0186_01,medical,domain_term_phonetic_semantic_substitution,validation,0,0,0,0,0,0,0,0,0,0
nlu_0049_08,medical,domain_term_phonetic_semantic_substitution,train,0,0,0,0,0,0,1,1,1,3
nlu_0169_09,medical,domain_term_phonetic_semantic_substitution,train,0,0,0,0,0,0,0,1,1,2
nlu_0224_01,finance,domain_term_phonetic_semantic_substitution,unseen,0,0,0,0,0,0,0,0,0,0
nlu_0348_04,legal,domain_term_phonetic_semantic_substitution,train,0,0,0,0,0,0,0,1,0,1
nlu_0438_05,legal,domain_term_phonetic_semantic_substitution,train,0,0,0,0,0,0,0,1,0,1
nlu_0233_01,finance,domain_term_phonetic_semantic_substitution,validation,0,0,0,0,0,0,0,0,0,0
nlu_0079_03,medical,domain_term_phonetic_semantic_substitution,validation,0,0,0,0,0,0,0,0,1,1
nlu_0053_02,medical,domain_term_phonetic_semantic_substitution,train,0,0,0,0,0,0,1,1,1,3
nlu_0053_03,medical,domain_term_phonetic_semantic_substitution,train,0,0,0,0,0,0,1,1,0,2
nlu_0402_08,legal,domain_term_phonetic_semantic_substitution,train,0,0,0,0,0,0,0,0,0,0
nlu_0294_10,finance,domain_term_phonetic_semantic_substitution,train,0,0,0,0,0,0,0,0,0,0
nlu_0469_01,technology,domain_term_phonetic_semantic_substitution,train,0,0,0,0,0,0,0,0,0,0
nlu_0483_07,technology,domain_term_phonetic_semantic_substitution,train,0,0,0,0,0,0,0,0,0,0
nlu_0240_09,finance,domain_term_phonetic_semantic_substitution,validation,0,0,0,0,0,0,1,1,1,3
nlu_0221_08,finance,domain_term_phonetic_semantic_substitution,unseen,0,0,1,1,2,0,0,1,1,2
nlu_0452_09,technology,domain_term_phonetic_semantic_substitution,train,0,0,0,0,0,0,0,1,1,2
nlu_0079_01,medical,domain_term_phonetic_semantic_substitution,validation,0,0,0,0,0,0,0,0,1,1
nlu_0469_08,technology,domain_term_phonetic_semantic_substitution,train,0,0,0,0,0,0,0,0,0,0
nlu_0400_07,legal,domain_term_phonetic_semantic_substitution,train,0,0,0,0,0,0,0,0,0,0
nlu_0152_02,medical,domain_term_phonetic_semantic_substitution,train,0,0,0,0,0,0,0,0,0,0
nlu_0189_03,finance,domain_term_phonetic_semantic_substitution,train,0,0,0,0,0,0,0,0,0,0
nlu_0066_02,medical,domain_term_phonetic_semantic_substitution,train,0,0,0,0,0,0,0,0,0,0
nlu_0395_08,legal,domain_term_phonetic_semantic_substitution,train,0,0,0,0,0,0,0,0,0,0
nlu_0181_02,medical,domain_term_phonetic_semantic_substitution,train,0,0,0,0,0,0,0,0,0,0
nlu_0037_10,medical,domain_term_phonetic_semantic_substitution,train,0,0,0,0,0,0,0,1,0,1
nlu_0524_05,general,domain_term_phonetic_semantic_substitution,train,0,0,0,0,0,0,0,0,0,0
nlu_0374_02,legal,domain_term_phonetic_semantic_substitution,unseen,0,0,0,0,0,0,0,0,0,0
nlu_0012_09,medical,domain_term_phonetic_semantic_substitution,train,0,0,0,0,0,0,0,0,0,0
nlu_0038_08,medical,domain_term_phonetic_semantic_substitution,train,0,0,0,0,0,0,0,0,0,0
nlu_0022_07,medical,domain_term_phonetic_semantic_substitution,train,0,0,0,0,0,0,1,1,0,2
nlu_0222_07,finance,domain_term_phonetic_semantic_substitution,train,0,0,0,0,0,0,0,0,0,0
nlu_0456_09,technology,domain_term_phonetic_semantic_substitution,train,0,0,0,0,0,0,0,1,1,2
nlu_0162_04,medical,domain_term_phonetic_semantic_substitution,train,0,0,0,0,0,0,0,1,0,1
nlu_0289_04,finance,domain_term_phonetic_semantic_substitution,train,0,0,0,0,0,0,0,0,0,0
nlu_0430_06,legal,domain_term_phonetic_semantic_substitution,unseen,0,0,0,1,1,0,0,1,1,2
nlu_0539_02,general,domain_term_phonetic_semantic_substitution,train,0,0,0,0,0,0,0,0,0,0
nlu_0097_03,medical,domain_term_phonetic_semantic_substitution,train,0,0,0,0,0,0,0,1,0,1
nlu_0540_08,general,domain_term_phonetic_semantic_substitution,train,0,0,0,0,0,0,0,0,0,0
nlu_0252_01,finance,domain_term_phonetic_semantic_substitution,train,0,0,0,0,0,0,0,0,0,0
nlu_0563_10,general,domain_term_phonetic_semantic_substitution,train,0,0,0,0,0,0,0,0,0,0
nlu_0457_04,technology,domain_term_phonetic_semantic_substitution,train,0,0,0,0,0,0,0,0,1,1
nlu_0400_08,legal,domain_term_phonetic_semantic_substitution,train,0,0,0,0,0,0,0,0,0,0
nlu_0036_10,medical,domain_term_phonetic_semantic_substitution,train,0,0,0,0,0,0,0,0,0,0
nlu_0125_07,medical,domain_term_phonetic_semantic_substitution,train,0,0,0,0,0,0,0,0,0,0
nlu_0341_09,legal,domain_term_phonetic_semantic_substitution,train,0,0,0,0,0,0,1,1,1,3
nlu_0509_04,general,domain_term_phonetic_semantic_substitution,train,0,0,0,0,0,0,0,0,0,0
nlu_0242_06,finance,domain_term_phonetic_semantic_substitution,train,0,0,0,0,0,0,0,0,0,0
nlu_0558_10,general,domain_term_phonetic_semantic_substitution,train,0,0,0,0,0,0,0,0,0,0
nlu_0532_10,general,domain_term_phonetic_semantic_substitution,train,0,0,0,0,0,0,0,0,0,0
nlu_0219_06,finance,domain_term_phonetic_semantic_substitution,train,0,0,0,0,0,0,0,0,1,1
nlu_0400_06,legal,domain_term_phonetic_semantic_substitution,train,0,0,0,0,0,0,0,0,0,0
nlu_0257_08,finance,domain_term_phonetic_semantic_substitution,validation,0,0,0,0,0,0,0,0,0,0
nlu_0343_04,legal,domain_term_phonetic_semantic_substitution,train,0,0,0,0,0,0,0,0,0,0
nlu_0204_08,finance,domain_term_phonetic_semantic_substitution,unseen,0,0,0,0,0,0,0,0,0,0
nlu_0510_07,general,domain_term_phonetic_semantic_substitution,train,0,0,0,0,0,0,0,0,0,0
nlu_0078_03,medical,domain_term_phonetic_semantic_substitution,train,0,0,0,0,0,0,0,0,0,0
nlu_0129_05,medical,domain_term_phonetic_semantic_substitution,validation,0,0,0,0,0,0,0,0,0,0
nlu_0552_03,general,domain_term_phonetic_semantic_substitution,train,0,0,0,0,0,0,0,0,0,0
nlu_0357_03,legal,domain_term_phonetic_semantic_substitution,train,0,0,0,0,0,0,0,0,0,0
nlu_0568_10,general,domain_term_phonetic_semantic_substitution,train,0,0,0,0,0,0,0,0,0,0
nlu_0259_08,finance,domain_term_phonetic_semantic_substitution,train,0,0,0,0,0,0,0,0,0,0
nlu_0549_02,general,domain_term_phonetic_semantic_substitution,train,0,0,0,0,0,0,0,0,0,0
nlu_0142_05,medical,domain_term_phonetic_semantic_substitution,train,0,0,0,0,0,0,0,0,0,0
nlu_0124_05,medical,domain_term_phonetic_semantic_substitution,validation,0,0,0,0,0,0,1,0,0,1
nlu_0521_01,general,domain_term_phonetic_semantic_substitution,train,0,0,0,0,0,0,0,0,0,0
nlu_0044_06,medical,domain_term_phonetic_semantic_substitution,train,0,0,0,0,0,0,0,1,0,1
nlu_0168_05,medical,domain_term_phonetic_semantic_substitution,unseen,0,0,1,0,1,0,0,1,0,1
nlu_0330_10,legal,domain_term_phonetic_semantic_substitution,train,0,0,0,0,0,0,0,1,1,2
nlu_0037_06,medical,domain_term_phonetic_semantic_substitution,train,0,0,0,0,0,0,0,0,0,0
nlu_0451_09,technology,domain_term_phonetic_semantic_substitution,validation,0,0,0,0,0,0,0,1,1,2
nlu_0024_02,medical,domain_term_phonetic_semantic_substitution,train,0,0,0,0,0,0,1,1,0,2
nlu_0511_03,general,domain_term_phonetic_semantic_substitution,train,0,0,0,0,0,0,0,0,0,0
nlu_0015_08,medical,domain_term_phonetic_semantic_substitution,train,0,0,0,0,0,0,0,0,0,0
nlu_0527_07,general,domain_term_phonetic_semantic_substitution,validation,0,0,0,0,0,0,0,0,0,0
nlu_0309_09,finance,domain_term_phonetic_semantic_substitution,train,0,0,1,0,1,0,0,1,0,1
nlu_0404_06,legal,domain_term_phonetic_semantic_substitution,train,0,0,0,0,0,0,0,0,0,0
nlu_0356_05,legal,domain_term_phonetic_semantic_substitution,train,0,0,0,0,0,0,0,0,0,0
nlu_0041_08,medical,domain_term_phonetic_semantic_substitution,train,0,0,0,0,0,0,0,0,0,0
nlu_0554_09,general,domain_term_phonetic_semantic_substitution,train,0,0,0,0,0,0,0,0,0,0
nlu_0346_07,legal,domain_term_phonetic_semantic_substitution,train,0,0,0,0,0,0,0,0,0,0
nlu_0210_01,finance,domain_term_phonetic_semantic_substitution,train,0,0,0,0,0,0,0,0,0,0
nlu_0009_07,medical,domain_term_phonetic_semantic_substitution,train,0,0,0,0,0,0,0,0,0,0
nlu_0358_07,legal,domain_term_phonetic_semantic_substitution,train,0,0,0,0,0,0,0,0,0,0
nlu_0328_02,legal,domain_term_phonetic_semantic_substitution,validation,0,0,0,0,0,0,0,0,0,0
nlu_0085_05,medical,domain_term_phonetic_semantic_substitution,train,0,0,0,0,0,0,0,0,0,0
nlu_0104_02,medical,domain_term_phonetic_semantic_substitution,unseen,0,0,0,0,0,0,0,1,0,1
nlu_0372_09,legal,domain_term_phonetic_semantic_substitution,train,0,0,0,0,0,0,1,1,1,3
nlu_0433_10,legal,domain_term_phonetic_semantic_substitution,unseen,0,0,0,0,0,0,0,1,1,2
nlu_0386_06,legal,domain_term_phonetic_semantic_substitution,train,0,0,0,0,0,0,0,1,0,1
nlu_0299_08,finance,domain_term_phonetic_semantic_substitution,validation,0,0,0,0,0,0,0,0,0,0
nlu_0436_01,legal,domain_term_phonetic_semantic_substitution,train,0,0,0,0,0,0,0,0,0,0
nlu_0263_09,finance,domain_term_phonetic_semantic_substitution,train,0,0,0,0,0,0,1,1,1,3
nlu_0376_04,legal,domain_term_phonetic_semantic_substitution,train,0,0,0,0,0,0,0,0,0,0
nlu_0531_05,general,domain_term_phonetic_semantic_substitution,train,0,0,0,0,0,0,0,0,0,0
nlu_0086_06,medical,domain_term_phonetic_semantic_substitution,train,0,0,0,0,0,0,0,0,0,0
nlu_0301_04,finance,domain_term_phonetic_semantic_substitution,unseen,0,0,1,1,2,0,0,1,1,2
nlu_0008_09,medical,domain_term_phonetic_semantic_substitution,train,0,0,0,1,1,0,0,0,1,1
nlu_0300_03,finance,domain_term_phonetic_semantic_substitution,validation,0,0,0,0,0,0,0,0,0,0
nlu_0225_08,finance,domain_term_phonetic_semantic_substitution,unseen,0,0,1,0,1,0,0,1,1,2
nlu_0406_07,legal,domain_term_phonetic_semantic_substitution,unseen,0,0,0,0,0,0,0,0,0,0
nlu_0548_06,general,domain_term_phonetic_semantic_substitution,validation,0,0,0,0,0,0,0,0,0,0
nlu_0552_06,general,domain_term_phonetic_semantic_substitution,train,0,0,0,0,0,0,0,0,0,0
nlu_0076_09,medical,domain_term_phonetic_semantic_substitution,train,0,0,0,0,0,0,0,0,0,0
nlu_0470_07,technology,domain_term_phonetic_semantic_substitution,unseen,0,0,0,0,0,0,0,0,0,0
nlu_0336_06,legal,domain_term_phonetic_semantic_substitution,train,0,0,0,0,0,0,1,1,1,3
nlu_0079_09,medical,domain_term_phonetic_semantic_substitution,validation,0,0,0,0,0,0,0,1,0,1
nlu_0228_10,finance,domain_term_phonetic_semantic_substitution,train,0,0,0,0,0,0,0,0,1,1
nlu_0368_05,legal,domain_term_phonetic_semantic_substitution,unseen,0,0,0,0,0,0,0,0,0,0
nlu_0425_08,legal,domain_term_phonetic_semantic_substitution,train,0,0,0,0,0,0,0,0,0,0
nlu_0498_08,technology,domain_term_phonetic_semantic_substitution,train,0,0,0,0,0,0,0,0,0,0
nlu_0478_04,technology,domain_term_phonetic_semantic_substitution,train,0,0,0,0,0,0,0,0,1,1
nlu_0449_07,technology,domain_term_phonetic_semantic_substitution,validation,0,0,0,0,0,0,0,0,1,1
nlu_0497_01,technology,domain_term_phonetic_semantic_substitution,train,0,0,0,0,0,0,0,1,0,1
nlu_0218_07,finance,domain_term_phonetic_semantic_substitution,unseen,0,0,0,1,1,0,0,0,1,1
nlu_0043_05,medical,domain_term_phonetic_semantic_substitution,train,0,0,0,0,0,0,0,0,0,0
nlu_0040_03,medical,domain_term_phonetic_semantic_substitution,train,0,0,0,0,0,0,0,0,0,0
nlu_0590_01,general,domain_term_phonetic_semantic_substitution,unseen,0,0,0,0,0,0,0,0,0,0
nlu_0567_06,general,domain_term_phonetic_semantic_substitution,train,0,0,0,0,0,0,0,0,0,0
nlu_0224_10,finance,domain_term_phonetic_semantic_substitution,unseen,0,0,0,1,1,0,0,0,1,1
nlu_0011_05,medical,domain_term_phonetic_semantic_substitution,train,0,0,0,0,0,0,0,0,0,0
nlu_0268_03,finance,domain_term_phonetic_semantic_substitution,train,0,0,0,0,0,0,0,0,0,0
nlu_0549_06,general,domain_term_phonetic_semantic_substitution,train,0,0,0,0,0,0,0,0,0,0
nlu_0503_04,general,domain_term_phonetic_semantic_substitution,train,0,0,0,0,0,0,0,0,0,0
nlu_0207_09,finance,domain_term_phonetic_semantic_substitution,train,0,0,0,0,0,0,0,0,0,0
nlu_0398_06,legal,domain_term_phonetic_semantic_substitution,train,0,0,0,0,0,0,0,0,0,0
nlu_0350_04,legal,domain_term_phonetic_semantic_substitution,validation,0,0,1,0,1,0,0,1,0,1
nlu_0195_09,finance,domain_term_phonetic_semantic_substitution,train,0,0,0,0,0,0,0,0,1,1
nlu_0146_10,medical,domain_term_phonetic_semantic_substitution,train,0,0,0,0,0,0,0,0,0,0
nlu_0177_09,medical,domain_term_phonetic_semantic_substitution,train,0,0,0,0,0,0,0,0,0,0
nlu_0330_09,legal,domain_term_phonetic_semantic_substitution,train,0,0,0,0,0,0,0,0,0,0
nlu_0549_03,general,domain_term_phonetic_semantic_substitution,train,0,0,0,0,0,0,0,0,0,0
nlu_0384_02,legal,domain_term_phonetic_semantic_substitution,train,0,0,0,0,0,0,0,0,0,0
nlu_0575_02,general,domain_term_phonetic_semantic_substitution,unseen,0,0,0,0,0,0,0,0,0,0
nlu_0159_08,medical,domain_term_phonetic_semantic_substitution,train,0,0,0,0,0,0,0,0,0,0
nlu_0464_10,technology,domain_term_phonetic_semantic_substitution,train,0,0,0,0,0,0,0,0,0,0
nlu_0174_02,medical,domain_term_phonetic_semantic_substitution,train,0,0,0,0,0,0,0,0,0,0
nlu_0572_03,general,domain_term_phonetic_semantic_substitution,unseen,0,0,0,0,0,0,0,0,0,0
nlu_0468_03,technology,domain_term_phonetic_semantic_substitution,train,0,0,0,0,0,0,0,0,0,0
nlu_0019_03,medical,domain_term_phonetic_semantic_substitution,train,0,0,0,0,0,0,0,0,0,0
nlu_0180_02,medical,domain_term_phonetic_semantic_substitution,train,0,0,0,0,0,0,0,0,0,0
nlu_0236_06,finance,domain_term_phonetic_semantic_substitution,train,0,0,0,0,0,0,0,1,1,2
nlu_0195_01,finance,domain_term_phonetic_semantic_substitution,train,0,0,0,0,0,0,0,0,0,0
nlu_0071_03,medical,domain_term_phonetic_semantic_substitution,validation,0,0,0,0,0,0,0,0,0,0
nlu_0245_03,finance,domain_term_phonetic_semantic_substitution,train,0,0,0,0,0,0,0,0,0,0
nlu_0524_01,general,domain_term_phonetic_semantic_substitution,train,0,0,0,0,0,0,0,0,0,0
nlu_0050_07,medical,domain_term_phonetic_semantic_substitution,train,0,0,0,0,0,0,0,0,0,0
nlu_0467_04,technology,domain_term_phonetic_semantic_substitution,train,0,0,0,0,0,0,0,0,1,1
nlu_0047_05,medical,domain_term_phonetic_semantic_substitution,unseen,0,0,0,0,0,0,0,0,0,0
nlu_0381_01,legal,domain_term_phonetic_semantic_substitution,train,0,0,0,0,0,0,0,0,0,0
nlu_0519_04,general,domain_term_phonetic_semantic_substitution,train,0,0,0,0,0,0,0,0,0,0
nlu_0018_03,medical,domain_term_phonetic_semantic_substitution,train,0,0,0,0,0,0,0,0,0,0
nlu_0203_01,finance,domain_term_phonetic_semantic_substitution,train,0,0,0,0,0,0,0,0,0,0
nlu_0576_01,general,domain_term_phonetic_semantic_substitution,train,0,0,0,0,0,0,0,0,0,0
nlu_0534_09,general,domain_term_phonetic_semantic_substitution,validation,0,0,0,0,0,0,0,0,0,0
nlu_0255_01,finance,domain_term_phonetic_semantic_substitution,train,0,0,0,1,1,0,0,0,1,1
nlu_0595_08,general,domain_term_phonetic_semantic_substitution,unseen,0,0,0,0,0,0,0,0,0,0
nlu_0201_10,finance,domain_term_phonetic_semantic_substitution,train,0,0,0,0,0,0,0,0,0,0
nlu_0227_01,finance,domain_term_phonetic_semantic_substitution,train,0,0,0,0,0,0,0,0,0,0
nlu_0309_05,finance,domain_term_phonetic_semantic_substitution,train,0,0,0,0,0,0,0,0,0,0
nlu_0212_03,finance,domain_term_phonetic_semantic_substitution,train,0,0,0,0,0,0,0,0,0,0
nlu_0091_01,medical,domain_term_phonetic_semantic_substitution,train,0,0,0,0,0,0,0,1,0,1
nlu_0145_07,medical,domain_term_phonetic_semantic_substitution,train,0,0,0,0,0,0,0,1,0,1
nlu_0192_02,finance,domain_term_phonetic_semantic_substitution,validation,0,0,0,0,0,0,0,0,1,1
nlu_0355_03,legal,domain_term_phonetic_semantic_substitution,train,0,0,0,0,0,0,0,0,0,0
nlu_0270_08,finance,domain_term_phonetic_semantic_substitution,train,0,0,0,0,0,0,0,0,0,0
nlu_0564_03,general,domain_term_phonetic_semantic_substitution,train,0,0,0,0,0,0,0,0,0,0
nlu_0367_03,legal,domain_term_phonetic_semantic_substitution,train,0,0,0,0,0,0,0,0,0,0
nlu_0075_02,medical,domain_term_phonetic_semantic_substitution,train,0,0,0,0,0,0,0,0,0,0
nlu_0230_04,finance,domain_term_phonetic_semantic_substitution,train,0,0,0,0,0,0,0,1,0,1
nlu_0246_03,finance,domain_term_phonetic_semantic_substitution,train,0,0,0,0,0,0,0,0,0,0
nlu_0371_06,legal,domain_term_phonetic_semantic_substitution,unseen,0,0,0,0,0,0,1,1,1,3
nlu_0490_08,technology,domain_term_phonetic_semantic_substitution,validation,0,0,0,0,0,0,0,1,0,1
nlu_0121_07,medical,domain_term_phonetic_semantic_substitution,train,0,0,0,0,0,0,0,0,0,0
nlu_0051_10,medical,domain_term_phonetic_semantic_substitution,train,0,0,0,0,0,0,1,1,0,2
nlu_0529_09,general,domain_term_phonetic_semantic_substitution,train,0,0,0,0,0,0,0,0,0,0
nlu_0371_04,legal,domain_term_phonetic_semantic_substitution,unseen,0,0,0,0,0,0,0,1,0,1
nlu_0397_09,legal,domain_term_phonetic_semantic_substitution,train,0,0,0,0,0,0,0,0,0,0
nlu_0544_02,general,domain_term_phonetic_semantic_substitution,train,0,0,0,0,0,0,0,0,0,0
nlu_0155_10,medical,domain_term_phonetic_semantic_substitution,train,0,0,0,0,0,0,0,0,0,0
nlu_0303_10,finance,domain_term_phonetic_semantic_substitution,train,0,0,0,0,0,0,0,0,0,0
nlu_0453_03,technology,domain_term_phonetic_semantic_substitution,train,0,0,0,0,0,0,0,0,0,0
nlu_0221_03,finance,domain_term_phonetic_semantic_substitution,unseen,0,0,1,0,1,0,0,1,0,1
nlu_0257_07,finance,domain_term_phonetic_semantic_substitution,validation,0,0,0,0,0,0,0,0,0,0
nlu_0379_10,legal,domain_term_phonetic_semantic_substitution,train,0,0,0,0,0,0,0,0,0,0
nlu_0205_05,finance,domain_term_phonetic_semantic_substitution,validation,0,0,0,0,0,0,0,0,0,0
nlu_0077_08,medical,domain_term_phonetic_semantic_substitution,train,0,0,0,0,0,0,1,0,0,1
nlu_0589_01,general,domain_term_phonetic_semantic_substitution,train,0,0,0,0,0,0,0,0,0,0
nlu_0370_10,legal,domain_term_phonetic_semantic_substitution,validation,0,0,0,0,0,0,0,0,0,0
nlu_0151_09,medical,domain_term_phonetic_semantic_substitution,validation,0,0,1,0,1,0,0,1,0,1
nlu_0314_05,legal,domain_term_phonetic_semantic_substitution,train,0,0,0,0,0,0,0,0,1,1
nlu_0584_04,general,domain_term_phonetic_semantic_substitution,train,0,0,0,0,0,0,0,0,0,0
nlu_0043_02,medical,domain_term_phonetic_semantic_substitution,train,0,0,0,0,0,0,0,0,0,0
nlu_0013_04,medical,domain_term_phonetic_semantic_substitution,train,0,0,0,0,0,0,1,1,1,3
nlu_0543_05,general,domain_term_phonetic_semantic_substitution,train,0,0,0,0,0,0,0,0,0,0
nlu_0372_06,legal,domain_term_phonetic_semantic_substitution,train,0,0,0,0,0,0,1,1,1,3
nlu_0330_03,legal,domain_term_phonetic_semantic_substitution,train,0,0,0,0,0,0,0,0,0,0
nlu_0082_10,medical,domain_term_phonetic_semantic_substitution,unseen,0,0,1,0,1,0,0,1,0,1
nlu_0141_04,medical,domain_term_phonetic_semantic_substitution,train,0,0,0,0,0,0,0,0,0,0
nlu_0139_03,medical,domain_term_phonetic_semantic_substitution,train,0,0,0,0,0,0,0,0,0,0
nlu_0215_09,finance,domain_term_phonetic_semantic_substitution,unseen,0,0,1,0,1,0,0,1,0,1
nlu_0505_05,general,domain_term_phonetic_semantic_substitution,train,0,0,0,0,0,0,0,0,0,0
nlu_0158_06,medical,domain_term_phonetic_semantic_substitution,validation,0,0,0,0,0,0,0,1,0,1
nlu_0164_09,medical,domain_term_phonetic_semantic_substitution,unseen,0,0,1,0,1,0,0,1,1,2
nlu_0180_06,medical,domain_term_phonetic_semantic_substitution,train,0,0,0,0,0,0,1,1,1,3
nlu_0334_02,legal,domain_term_phonetic_semantic_substitution,train,0,0,0,0,0,0,0,0,0,0
nlu_0578_01,general,domain_term_phonetic_semantic_substitution,validation,0,0,0,0,0,0,0,0,0,0
nlu_0534_07,general,domain_term_phonetic_semantic_substitution,validation,0,0,0,0,0,0,0,0,0,0
nlu_0040_10,medical,domain_term_phonetic_semantic_substitution,train,0,0,0,0,0,0,0,0,0,0
nlu_0316_02,legal,domain_term_phonetic_semantic_substitution,train,0,0,0,0,0,0,0,0,0,0
nlu_0232_01,finance,domain_term_phonetic_semantic_substitution,train,0,0,0,0,0,0,0,0,0,0
nlu_0089_03,medical,domain_term_phonetic_semantic_substitution,train,0,0,0,0,0,0,0,0,0,0
nlu_0357_06,legal,domain_term_phonetic_semantic_substitution,train,0,0,0,0,0,0,0,1,1,2
nlu_0597_05,general,domain_term_phonetic_semantic_substitution,unseen,0,0,0,0,0,0,0,0,0,0
nlu_0118_10,medical,domain_term_phonetic_semantic_substitution,train,0,0,0,0,0,0,0,0,0,0
nlu_0136_03,medical,domain_term_phonetic_semantic_substitution,train,0,0,0,0,0,0,0,0,0,0
nlu_0389_03,legal,domain_term_phonetic_semantic_substitution,unseen,0,0,0,1,1,0,0,0,0,0
nlu_0546_06,general,domain_term_phonetic_semantic_substitution,train,0,0,0,0,0,0,0,0,0,0
nlu_0214_01,finance,domain_term_phonetic_semantic_substitution,train,0,0,0,0,0,0,0,1,1,2
nlu_0099_03,medical,domain_term_phonetic_semantic_substitution,train,0,0,0,0,0,0,0,0,0,0
nlu_0046_07,medical,domain_term_phonetic_semantic_substitution,train,0,0,0,0,0,0,0,1,1,2
nlu_0149_07,medical,domain_term_phonetic_semantic_substitution,train,0,0,0,0,0,0,0,0,1,1
nlu_0108_10,medical,domain_term_phonetic_semantic_substitution,train,0,0,0,0,0,0,0,0,0,0
nlu_0196_01,finance,domain_term_phonetic_semantic_substitution,validation,0,0,0,0,0,0,0,0,0,0
nlu_0516_09,general,domain_term_phonetic_semantic_substitution,validation,0,0,0,0,0,0,0,0,0,0
nlu_0069_10,medical,domain_term_phonetic_semantic_substitution,train,0,0,0,0,0,0,0,0,0,0
nlu_0243_10,finance,domain_term_phonetic_semantic_substitution,train,0,0,0,0,0,0,0,0,0,0
nlu_0065_02,medical,domain_term_phonetic_semantic_substitution,train,0,0,0,0,0,0,0,0,0,0
nlu_0240_03,finance,domain_term_phonetic_semantic_substitution,validation,0,0,0,0,0,0,0,0,0,0
nlu_0283_06,finance,domain_term_phonetic_semantic_substitution,train,0,0,0,0,0,0,0,1,1,2
nlu_0196_04,finance,domain_term_phonetic_semantic_substitution,validation,0,0,0,0,0,0,0,0,0,0
nlu_0354_09,legal,domain_term_phonetic_semantic_substitution,train,0,0,0,0,0,0,0,0,0,0
nlu_0389_10,legal,domain_term_phonetic_semantic_substitution,unseen,0,0,0,0,0,0,0,0,1,1
nlu_0306_09,finance,domain_term_phonetic_semantic_substitution,validation,0,0,1,1,2,0,0,1,1,2
nlu_0392_06,legal,domain_term_phonetic_semantic_substitution,train,0,0,0,0,0,0,1,1,1,3
nlu_0481_01,technology,domain_term_deletion,train,0,0,0,0,0,0,0,0,0,0
nlu_0272_01,finance,domain_term_phonetic_semantic_substitution,unseen,0,0,0,0,0,0,0,0,0,0
nlu_0109_04,medical,domain_term_phonetic_semantic_substitution,train,0,0,0,0,0,0,0,0,0,0
nlu_0445_09,technology,domain_term_phonetic_semantic_substitution,train,0,0,0,0,0,0,0,0,1,1
nlu_0572_05,general,domain_term_phonetic_semantic_substitution,unseen,0,0,0,0,0,0,0,0,0,0
nlu_0412_09,legal,domain_term_phonetic_semantic_substitution,train,0,0,0,0,0,0,0,1,1,2
nlu_0189_05,finance,domain_term_phonetic_semantic_substitution,train,0,0,0,0,0,0,0,0,0,0
nlu_0452_01,technology,domain_term_phonetic_semantic_substitution,train,0,0,0,0,0,0,0,0,0,0
nlu_0039_10,medical,domain_term_phonetic_semantic_substitution,train,0,0,0,0,0,0,0,0,0,0
nlu_0250_05,finance,domain_term_phonetic_semantic_substitution,train,0,0,0,0,0,0,0,0,0,0
nlu_0186_02,medical,domain_term_phonetic_semantic_substitution,validation,0,0,0,0,0,0,0,0,0,0
nlu_0304_07,finance,domain_term_phonetic_semantic_substitution,train,0,0,0,0,0,0,0,1,1,2
nlu_0580_06,general,domain_term_phonetic_semantic_substitution,train,0,0,0,0,0,0,0,0,0,0
nlu_0361_04,legal,domain_term_phonetic_semantic_substitution,train,0,0,0,0,0,0,0,0,1,1
nlu_0085_06,medical,domain_term_phonetic_semantic_substitution,train,0,0,0,0,0,0,0,0,0,0
nlu_0055_03,medical,domain_term_phonetic_semantic_substitution,validation,0,0,0,0,0,0,1,1,1,3
nlu_0373_05,legal,domain_term_phonetic_semantic_substitution,train,0,0,0,0,0,0,0,0,0,0
nlu_0010_02,medical,domain_term_phonetic_semantic_substitution,validation,0,0,0,0,0,0,0,0,0,0
nlu_0368_10,legal,domain_term_phonetic_semantic_substitution,unseen,0,0,0,0,0,0,0,0,0,0
nlu_0565_02,general,domain_term_phonetic_semantic_substitution,train,0,0,0,0,0,0,0,0,0,0
nlu_0391_05,legal,domain_term_phonetic_semantic_substitution,validation,0,0,0,0,0,0,0,0,0,0
nlu_0198_10,finance,domain_term_phonetic_semantic_substitution,validation,0,0,0,0,0,0,0,0,0,0
nlu_0325_05,legal,domain_term_phonetic_semantic_substitution,train,0,0,0,0,0,0,0,0,1,1
nlu_0398_09,legal,domain_term_phonetic_semantic_substitution,train,0,0,0,0,0,0,0,0,0,0
nlu_0316_01,legal,domain_term_phonetic_semantic_substitution,train,0,0,0,0,0,0,0,0,1,1
nlu_0491_01,technology,domain_term_phonetic_semantic_substitution,train,0,0,0,0,0,0,0,0,0,0
nlu_0411_05,legal,domain_term_phonetic_semantic_substitution,unseen,0,0,0,0,0,0,0,0,0,0
nlu_0463_03,technology,domain_term_phonetic_semantic_substitution,train,0,0,0,0,0,0,0,0,0,0
nlu_0297_05,finance,domain_term_phonetic_semantic_substitution,unseen,0,0,0,0,0,0,0,0,0,0
nlu_0347_04,legal,domain_term_phonetic_semantic_substitution,train,0,0,0,0,0,0,0,1,0,1
nlu_0253_10,finance,domain_term_phonetic_semantic_substitution,validation,0,0,0,0,0,0,0,0,0,0
nlu_0411_09,legal,domain_term_phonetic_semantic_substitution,unseen,0,0,0,0,0,0,0,1,1,2
nlu_0168_07,medical,domain_term_phonetic_semantic_substitution,unseen,0,0,0,0,0,0,0,0,1,1
nlu_0105_09,medical,domain_term_phonetic_semantic_substitution,unseen,0,0,0,0,0,0,0,0,0,0
nlu_0295_10,finance,domain_term_phonetic_semantic_substitution,train,0,0,0,0,0,0,0,0,0,0
nlu_0197_01,finance,domain_term_phonetic_semantic_substitution,unseen,0,0,0,0,0,0,0,0,0,0
nlu_0254_01,finance,domain_term_phonetic_semantic_substitution,train,0,0,0,0,0,0,0,0,0,0
nlu_0442_03,technology,domain_term_phonetic_semantic_substitution,train,0,0,0,0,0,0,0,0,0,0
nlu_0491_04,technology,domain_term_phonetic_semantic_substitution,train,0,0,0,0,0,0,0,1,1,2
nlu_0394_10,legal,domain_term_phonetic_semantic_substitution,validation,0,0,0,0,0,0,0,0,0,0
nlu_0024_08,medical,domain_term_phonetic_semantic_substitution,train,0,0,0,0,0,0,0,0,0,0
nlu_0415_10,legal,domain_term_phonetic_semantic_substitution,train,0,0,0,0,0,0,0,0,0,0
nlu_0486_08,technology,domain_term_phonetic_semantic_substitution,validation,0,0,0,0,0,0,0,0,0,0
nlu_0114_04,medical,domain_term_phonetic_semantic_substitution,train,0,0,0,0,0,0,0,0,1,1
nlu_0289_01,finance,domain_term_phonetic_semantic_substitution,train,0,0,0,0,0,0,0,0,0,0
nlu_0181_06,medical,domain_term_phonetic_semantic_substitution,train,0,0,0,0,0,0,0,0,0,0
nlu_0496_09,technology,domain_term_phonetic_semantic_substitution,train,0,0,0,0,0,0,0,1,0,1
nlu_0017_04,medical,domain_term_phonetic_semantic_substitution,train,0,0,0,0,0,0,1,1,1,3
nlu_0453_08,technology,domain_term_phonetic_semantic_substitution,train,0,0,0,0,0,0,0,0,0,0
nlu_0571_05,general,domain_term_phonetic_semantic_substitution,train,0,0,0,0,0,0,0,0,0,0
nlu_0565_08,general,domain_term_phonetic_semantic_substitution,train,0,0,0,0,0,0,0,0,0,0
nlu_0443_09,technology,domain_term_phonetic_semantic_substitution,train,0,0,0,0,0,0,0,0,1,1
nlu_0450_09,technology,domain_term_phonetic_semantic_substitution,train,0,0,0,0,0,0,0,1,1,2
nlu_0433_07,legal,domain_term_phonetic_semantic_substitution,unseen,0,0,0,0,0,0,0,0,0,0
nlu_0027_06,medical,domain_term_phonetic_semantic_substitution,train,0,0,0,0,0,0,0,0,0,0
nlu_0201_02,finance,domain_term_phonetic_semantic_substitution,train,0,0,0,0,0,0,0,0,1,1
nlu_0182_02,medical,domain_term_phonetic_semantic_substitution,train,0,0,0,0,0,0,0,0,1,1
nlu_0328_08,legal,domain_term_phonetic_semantic_substitution,validation,0,0,0,0,0,0,0,0,0,0
nlu_0561_10,general,domain_term_phonetic_semantic_substitution,train,0,0,0,0,0,0,0,0,0,0
nlu_0298_09,finance,domain_term_phonetic_semantic_substitution,train,0,0,0,0,0,0,0,0,0,0
nlu_0427_01,legal,domain_term_phonetic_semantic_substitution,train,0,0,0,0,0,0,0,0,0,0
nlu_0291_07,finance,domain_term_phonetic_semantic_substitution,train,0,0,0,0,0,0,0,0,0,0
nlu_0430_01,legal,domain_term_phonetic_semantic_substitution,unseen,0,0,0,0,0,0,0,0,0,0
nlu_0550_08,general,domain_term_phonetic_semantic_substitution,unseen,0,0,0,0,0,0,0,0,0,0
nlu_0143_09,medical,domain_term_phonetic_semantic_substitution,unseen,0,0,0,0,0,0,0,0,0,0
nlu_0040_09,medical,domain_term_phonetic_semantic_substitution,train,0,0,0,0,0,0,0,0,0,0
nlu_0397_05,legal,domain_term_phonetic_semantic_substitution,train,0,0,0,0,0,0,0,0,0,0
nlu_0501_06,general,domain_term_phonetic_semantic_substitution,train,0,0,0,0,0,0,0,0,0,0
nlu_0095_08,medical,domain_term_phonetic_semantic_substitution,unseen,0,0,0,0,0,0,0,1,0,1
nlu_0308_09,finance,domain_term_phonetic_semantic_substitution,train,0,0,0,0,0,0,0,0,0,0
nlu_0314_09,legal,domain_term_phonetic_semantic_substitution,train,0,0,0,0,0,0,0,1,1,2
nlu_0535_08,general,domain_term_phonetic_semantic_substitution,train,0,0,0,0,0,0,0,0,0,0
nlu_0493_04,technology,domain_term_phonetic_semantic_substitution,train,0,0,0,0,0,0,0,1,1,2
nlu_0558_04,general,domain_term_phonetic_semantic_substitution,train,0,0,0,0,0,0,0,0,0,0
nlu_0515_09,general,domain_term_phonetic_semantic_substitution,train,0,0,0,0,0,0,0,0,0,0
nlu_0323_10,legal,domain_term_phonetic_semantic_substitution,unseen,0,0,0,0,0,0,0,0,0,0
nlu_0400_05,legal,domain_term_phonetic_semantic_substitution,train,0,0,0,0,0,0,0,0,0,0
nlu_0146_03,medical,domain_term_phonetic_semantic_substitution,train,0,0,0,0,0,0,0,0,0,0
nlu_0060_04,medical,domain_term_phonetic_semantic_substitution,train,0,0,0,0,0,0,0,0,0,0
nlu_0273_06,finance,domain_term_phonetic_semantic_substitution,train,0,0,0,0,0,0,0,0,1,1
nlu_0005_02,medical,domain_term_phonetic_semantic_substitution,train,0,0,0,0,0,0,0,0,0,0
nlu_0057_01,medical,domain_term_phonetic_semantic_substitution,validation,0,0,0,0,0,0,0,0,0,0
nlu_0484_02,technology,domain_term_phonetic_semantic_substitution,validation,0,0,0,0,0,0,0,0,0,0
nlu_0516_01,general,domain_term_phonetic_semantic_substitution,validation,0,0,0,0,0,0,0,0,0,0
nlu_0049_10,medical,domain_term_phonetic_semantic_substitution,train,0,0,0,0,0,0,0,1,0,1
nlu_0025_04,medical,domain_term_phonetic_semantic_substitution,validation,0,0,0,0,0,0,1,1,1,3
nlu_0318_03,legal,domain_term_phonetic_semantic_substitution,train,0,0,0,0,0,0,0,0,0,0
nlu_0134_10,medical,domain_term_phonetic_semantic_substitution,train,0,0,0,0,0,0,0,0,0,0
nlu_0394_07,legal,domain_term_phonetic_semantic_substitution,validation,0,0,0,0,0,0,0,0,0,0
nlu_0599_10,general,domain_term_phonetic_semantic_substitution,train,0,0,0,0,0,0,0,0,0,0
nlu_0041_06,medical,domain_term_phonetic_semantic_substitution,train,0,0,0,0,0,0,0,1,1,2
nlu_0145_03,medical,domain_term_phonetic_semantic_substitution,train,0,0,0,0,0,0,0,0,0,0
nlu_0027_02,medical,domain_term_phonetic_semantic_substitution,train,0,0,0,0,0,0,0,0,1,1
nlu_0392_03,legal,domain_term_phonetic_semantic_substitution,train,0,0,0,0,0,0,0,0,0,0
nlu_0354_08,legal,domain_term_phonetic_semantic_substitution,train,0,0,0,0,0,0,0,0,0,0
nlu_0547_09,general,domain_term_phonetic_semantic_substitution,train,0,0,0,0,0,0,0,0,0,0
nlu_0169_10,medical,domain_term_phonetic_semantic_substitution,train,0,0,0,0,0,0,0,0,0,0
nlu_0348_09,legal,domain_term_phonetic_semantic_substitution,train,0,0,0,0,0,0,0,0,0,0
nlu_0173_06,medical,domain_term_phonetic_semantic_substitution,train,0,0,0,0,0,0,0,0,0,0
nlu_0121_04,medical,domain_term_phonetic_semantic_substitution,train,0,0,0,0,0,0,0,0,0,0
nlu_0084_05,medical,domain_term_phonetic_semantic_substitution,train,0,0,0,0,0,0,0,0,0,0
nlu_0187_07,medical,domain_term_phonetic_semantic_substitution,train,0,0,0,0,0,0,0,0,0,0
nlu_0250_07,finance,domain_term_phonetic_semantic_substitution,train,0,0,0,0,0,0,0,0,0,0
nlu_0302_07,finance,domain_term_phonetic_semantic_substitution,train,0,0,0,0,0,0,0,0,1,1
nlu_0452_02,technology,domain_term_phonetic_semantic_substitution,train,0,0,0,0,0,0,0,0,0,0
nlu_0202_01,finance,domain_term_phonetic_semantic_substitution,train,0,0,0,0,0,0,0,0,0,0
nlu_0394_02,legal,domain_term_phonetic_semantic_substitution,validation,0,0,0,0,0,0,0,0,0,0
nlu_0035_01,medical,domain_term_phonetic_semantic_substitution,train,0,0,0,0,0,0,0,0,0,0
nlu_0418_03,legal,domain_term_phonetic_semantic_substitution,train,0,0,0,0,0,0,0,0,0,0
nlu_0161_02,medical,domain_term_phonetic_semantic_substitution,train,0,0,0,0,0,0,0,0,0,0
nlu_0280_07,finance,domain_term_phonetic_semantic_substitution,train,0,0,0,0,0,0,0,0,0,0
nlu_0537_08,general,domain_term_phonetic_semantic_substitution,train,0,0,0,0,0,0,0,0,0,0
nlu_0576_10,general,domain_term_phonetic_semantic_substitution,train,0,0,0,0,0,0,0,0,0,0
nlu_0049_01,medical,domain_term_phonetic_semantic_substitution,train,0,0,0,0,0,0,1,1,1,3
nlu_0373_06,legal,domain_term_phonetic_semantic_substitution,train,0,0,0,0,0,0,1,1,1,3
nlu_0591_06,general,domain_term_phonetic_semantic_substitution,unseen,0,0,0,0,0,0,0,0,0,0
nlu_0279_06,finance,domain_term_phonetic_semantic_substitution,train,0,0,0,0,0,0,0,0,0,0
nlu_0153_04,medical,domain_term_phonetic_semantic_substitution,validation,0,0,0,0,0,0,0,0,0,0
nlu_0363_02,legal,domain_term_phonetic_semantic_substitution,train,0,0,0,0,0,0,0,0,0,0
nlu_0447_08,technology,domain_term_phonetic_semantic_substitution,train,0,0,0,0,0,0,0,0,0,0
nlu_0533_01,general,domain_term_phonetic_semantic_substitution,train,0,0,0,0,0,0,0,0,0,0
nlu_0557_01,general,domain_term_phonetic_semantic_substitution,train,0,0,0,0,0,0,0,0,0,0
nlu_0565_05,general,domain_term_phonetic_semantic_substitution,train,0,0,0,0,0,0,0,0,0,0
nlu_0080_10,medical,domain_term_phonetic_semantic_substitution,train,0,0,0,0,0,0,0,0,0,0
nlu_0177_07,medical,domain_term_phonetic_semantic_substitution,train,0,0,0,0,0,0,0,0,1,1
nlu_0537_04,general,domain_term_phonetic_semantic_substitution,train,0,0,0,0,0,0,0,0,0,0
nlu_0303_06,finance,domain_term_phonetic_semantic_substitution,train,0,0,0,0,0,0,0,1,0,1
nlu_0246_04,finance,domain_term_phonetic_semantic_substitution,train,0,0,0,0,0,0,0,0,0,0
nlu_0408_04,legal,domain_term_phonetic_semantic_substitution,train,0,0,0,0,0,0,0,0,1,1
nlu_0474_10,technology,domain_term_phonetic_semantic_substitution,unseen,0,0,0,0,0,0,0,0,0,0
nlu_0486_06,technology,domain_term_phonetic_semantic_substitution,validation,0,0,0,0,0,0,0,0,0,0
nlu_0371_05,legal,domain_term_phonetic_semantic_substitution,unseen,0,0,0,0,0,0,0,0,0,0
nlu_0562_01,general,domain_term_phonetic_semantic_substitution,validation,0,0,0,0,0,0,0,0,0,0
nlu_0037_04,medical,domain_term_phonetic_semantic_substitution,train,0,0,0,0,0,0,1,1,0,2
nlu_0128_02,medical,domain_term_phonetic_semantic_substitution,unseen,0,0,0,0,0,0,1,0,0,1
nlu_0201_04,finance,domain_term_phonetic_semantic_substitution,train,0,0,0,0,0,0,0,0,0,0
nlu_0540_05,general,domain_term_phonetic_semantic_substitution,train,0,0,0,0,0,0,0,0,0,0
nlu_0425_06,legal,domain_term_phonetic_semantic_substitution,train,0,0,0,0,0,0,0,1,0,1
nlu_0563_04,general,domain_term_phonetic_semantic_substitution,train,0,0,0,0,0,0,0,0,0,0
nlu_0496_08,technology,domain_term_phonetic_semantic_substitution,train,0,0,0,0,0,0,0,0,0,0
nlu_0035_08,medical,domain_term_phonetic_semantic_substitution,train,0,0,0,0,0,0,0,1,0,1
nlu_0336_01,legal,domain_term_phonetic_semantic_substitution,train,0,0,0,0,0,0,0,0,0,0
nlu_0590_06,general,domain_term_phonetic_semantic_substitution,unseen,0,0,0,0,0,0,0,0,0,0
nlu_0362_04,legal,domain_term_phonetic_semantic_substitution,train,0,0,0,0,0,0,0,1,1,2
nlu_0572_09,general,domain_term_phonetic_semantic_substitution,unseen,0,0,0,0,0,0,0,0,0,0
nlu_0257_03,finance,domain_term_phonetic_semantic_substitution,validation,0,0,0,0,0,0,0,0,0,0
nlu_0303_08,finance,domain_term_phonetic_semantic_substitution,train,0,0,0,0,0,0,0,0,0,0
nlu_0419_01,legal,domain_term_phonetic_semantic_substitution,train,0,0,0,0,0,0,0,1,1,2
nlu_0550_09,general,domain_term_phonetic_semantic_substitution,unseen,0,0,0,0,0,0,0,0,0,0
nlu_0143_04,medical,domain_term_phonetic_semantic_substitution,unseen,0,0,0,0,0,0,0,0,0,0
nlu_0066_07,medical,domain_term_phonetic_semantic_substitution,train,0,0,0,0,0,0,0,0,0,0
nlu_0309_04,finance,domain_term_phonetic_semantic_substitution,train,0,0,0,0,0,0,0,1,0,1
nlu_0553_05,general,domain_term_phonetic_semantic_substitution,train,0,0,0,0,0,0,0,0,0,0
nlu_0211_03,finance,domain_term_phonetic_semantic_substitution,train,0,0,0,0,0,0,0,0,0,0
nlu_0064_03,medical,domain_term_phonetic_semantic_substitution,train,0,0,0,0,0,0,0,0,0,0
nlu_0487_01,technology,domain_term_phonetic_semantic_substitution,train,0,0,0,0,0,0,0,0,0,0
nlu_0250_04,finance,domain_term_phonetic_semantic_substitution,train,0,0,0,0,0,0,0,0,0,0
nlu_0267_06,finance,domain_term_phonetic_semantic_substitution,train,0,0,0,0,0,0,0,1,1,2
nlu_0434_09,legal,domain_term_phonetic_semantic_substitution,train,0,0,0,0,0,0,0,1,1,2
nlu_0567_09,general,domain_term_phonetic_semantic_substitution,train,0,0,0,0,0,0,0,0,0,0
nlu_0441_04,technology,domain_term_phonetic_semantic_substitution,validation,0,0,0,0,0,0,0,0,1,1
nlu_0555_01,general,domain_term_phonetic_semantic_substitution,train,0,0,0,0,0,0,0,0,0,0
nlu_0234_05,finance,domain_term_phonetic_semantic_substitution,unseen,0,0,0,0,0,0,0,0,0,0
nlu_0355_09,legal,domain_term_phonetic_semantic_substitution,train,0,0,0,0,0,0,0,0,0,0
nlu_0460_04,technology,domain_term_phonetic_semantic_substitution,unseen,0,0,0,0,0,0,0,0,1,1
nlu_0251_01,finance,domain_term_phonetic_semantic_substitution,unseen,0,0,0,0,0,0,0,0,0,0
nlu_0362_10,legal,domain_term_phonetic_semantic_substitution,train,0,0,0,0,0,0,0,0,1,1
nlu_0147_06,medical,domain_term_phonetic_semantic_substitution,unseen,0,0,0,0,0,0,0,0,0,0
nlu_0395_01,legal,domain_term_phonetic_semantic_substitution,train,0,0,0,0,0,0,0,0,0,0
nlu_0402_04,legal,domain_term_phonetic_semantic_substitution,train,0,0,0,0,0,0,0,0,1,1
nlu_0541_06,general,domain_term_phonetic_semantic_substitution,train,0,0,0,0,0,0,0,0,0,0
nlu_0012_06,medical,domain_term_phonetic_semantic_substitution,train,0,0,0,0,0,0,0,0,0,0
nlu_0183_02,medical,domain_term_phonetic_semantic_substitution,train,0,0,0,0,0,0,0,0,0,0
nlu_0150_05,medical,domain_term_phonetic_semantic_substitution,train,0,0,0,0,0,0,0,0,0,0
nlu_0241_02,finance,domain_term_phonetic_semantic_substitution,train,0,0,0,0,0,0,0,0,0,0
nlu_0388_05,legal,domain_term_phonetic_semantic_substitution,unseen,0,0,1,0,1,0,0,1,0,1
nlu_0124_03,medical,domain_term_phonetic_semantic_substitution,validation,0,0,0,0,0,0,0,0,0,0
nlu_0267_02,finance,domain_term_phonetic_semantic_substitution,train,0,0,0,0,0,0,0,0,0,0
nlu_0282_08,finance,domain_term_phonetic_semantic_substitution,unseen,0,0,0,0,0,0,0,0,0,0
nlu_0571_01,general,domain_term_phonetic_semantic_substitution,train,0,0,0,0,0,0,0,0,0,0
nlu_0548_09,general,domain_term_phonetic_semantic_substitution,validation,0,0,0,0,0,0,0,0,0,0
nlu_0116_04,medical,domain_term_phonetic_semantic_substitution,train,0,0,0,0,0,0,1,1,0,2
nlu_0391_10,legal,domain_term_phonetic_semantic_substitution,validation,0,0,0,1,1,0,0,1,1,2
nlu_0477_01,technology,domain_term_phonetic_semantic_substitution,train,0,0,0,0,0,0,0,0,0,0
nlu_0533_07,general,domain_term_phonetic_semantic_substitution,train,0,0,0,0,0,0,0,0,0,0
nlu_0006_08,medical,domain_term_phonetic_semantic_substitution,validation,0,0,0,0,0,0,0,0,0,0
nlu_0559_03,general,domain_term_phonetic_semantic_substitution,unseen,0,0,0,0,0,0,0,0,0,0
nlu_0389_04,legal,domain_term_phonetic_semantic_substitution,unseen,0,0,0,0,0,0,0,1,1,2
nlu_0307_02,finance,domain_term_phonetic_semantic_substitution,validation,0,0,0,0,0,0,0,0,0,0
nlu_0518_10,general,domain_term_phonetic_semantic_substitution,unseen,0,0,0,0,0,0,0,0,0,0
nlu_0594_05,general,domain_term_phonetic_semantic_substitution,unseen,0,0,0,0,0,0,0,0,0,0
nlu_0174_06,medical,domain_term_phonetic_semantic_substitution,train,0,0,0,0,0,0,0,0,0,0
nlu_0541_02,general,domain_term_phonetic_semantic_substitution,train,0,0,0,0,0,0,0,0,0,0
nlu_0283_04,finance,domain_term_phonetic_semantic_substitution,train,0,0,0,0,0,0,0,0,0,0
nlu_0220_07,finance,domain_term_phonetic_semantic_substitution,validation,0,0,0,0,0,0,0,0,0,0
nlu_0016_10,medical,domain_term_phonetic_semantic_substitution,train,0,0,0,0,0,0,0,0,0,0
nlu_0411_01,legal,domain_term_phonetic_semantic_substitution,unseen,0,0,0,0,0,0,0,0,0,0
nlu_0248_06,finance,domain_term_phonetic_semantic_substitution,train,0,0,0,0,0,0,0,1,0,1
nlu_0257_05,finance,domain_term_phonetic_semantic_substitution,validation,0,0,0,0,0,0,0,0,0,0
nlu_0430_05,legal,domain_term_phonetic_semantic_substitution,unseen,0,0,0,0,0,0,0,0,0,0
nlu_0505_10,general,domain_term_phonetic_semantic_substitution,train,0,0,0,0,0,0,0,0,0,0
nlu_0414_10,legal,domain_term_phonetic_semantic_substitution,validation,0,0,0,0,0,0,0,0,0,0
nlu_0261_09,finance,domain_term_phonetic_semantic_substitution,validation,0,0,0,1,1,0,1,1,1,3
nlu_0586_06,general,domain_term_phonetic_semantic_substitution,unseen,0,0,0,0,0,0,0,0,0,0
nlu_0071_08,medical,domain_term_phonetic_semantic_substitution,validation,0,0,0,0,0,0,1,0,0,1
nlu_0305_07,finance,domain_term_phonetic_semantic_substitution,train,0,0,0,0,0,0,0,0,1,1
nlu_0556_05,general,domain_term_phonetic_semantic_substitution,validation,0,0,0,0,0,0,0,0,0,0
nlu_0110_04,medical,domain_term_phonetic_semantic_substitution,train,0,0,0,0,0,0,0,1,0,1
nlu_0458_05,technology,domain_term_phonetic_semantic_substitution,train,0,0,0,0,0,0,0,0,0,0
nlu_0138_07,medical,domain_term_phonetic_semantic_substitution,train,0,0,0,0,0,0,0,0,0,0
nlu_0590_08,general,domain_term_phonetic_semantic_substitution,unseen,0,0,0,0,0,0,0,0,0,0
nlu_0008_03,medical,domain_term_phonetic_semantic_substitution,train,0,0,0,0,0,0,0,0,0,0
nlu_0193_03,finance,domain_term_phonetic_semantic_substitution,train,0,0,0,0,0,0,0,0,0,0
nlu_0444_09,technology,domain_term_phonetic_semantic_substitution,train,0,0,0,0,0,0,0,0,0,0
nlu_0431_06,legal,domain_term_phonetic_semantic_substitution,validation,0,0,0,0,0,0,0,0,0,0
nlu_0177_05,medical,domain_term_phonetic_semantic_substitution,train,0,0,0,0,0,0,0,1,0,1
nlu_0075_04,medical,domain_term_phonetic_semantic_substitution,train,0,0,0,0,0,0,1,1,1,3
nlu_0408_05,legal,domain_term_phonetic_semantic_substitution,train,0,0,0,0,0,0,0,0,0,0
nlu_0101_06,medical,domain_term_phonetic_semantic_substitution,train,0,0,0,0,0,0,0,0,0,0
nlu_0267_09,finance,domain_term_phonetic_semantic_substitution,train,0,0,0,0,0,0,1,1,1,3
nlu_0120_01,medical,domain_term_phonetic_semantic_substitution,train,0,0,0,0,0,0,0,0,0,0
nlu_0432_07,legal,domain_term_phonetic_semantic_substitution,train,0,0,0,0,0,0,0,0,0,0
nlu_0261_02,finance,domain_term_phonetic_semantic_substitution,validation,0,0,0,0,0,0,0,0,0,0
nlu_0113_06,medical,domain_term_phonetic_semantic_substitution,validation,0,0,0,0,0,0,0,0,0,0
nlu_0125_02,medical,domain_term_phonetic_semantic_substitution,train,0,0,0,0,0,0,0,0,0,0
nlu_0404_08,legal,domain_term_phonetic_semantic_substitution,train,0,0,0,0,0,0,0,0,0,0
nlu_0538_03,general,domain_term_phonetic_semantic_substitution,train,0,0,0,0,0,0,0,0,0,0
nlu_0495_05,technology,domain_term_phonetic_semantic_substitution,train,0,0,0,0,0,0,0,0,0,0
nlu_0566_02,general,domain_term_phonetic_semantic_substitution,unseen,0,0,0,0,0,0,0,0,0,0
nlu_0336_02,legal,domain_term_phonetic_semantic_substitution,train,0,0,0,0,0,0,0,0,0,0
nlu_0100_09,medical,domain_term_phonetic_semantic_substitution,unseen,0,0,0,0,0,0,0,0,0,0
nlu_0447_02,technology,domain_term_phonetic_semantic_substitution,train,0,0,0,0,0,0,0,0,0,0
nlu_0383_05,legal,domain_term_phonetic_semantic_substitution,validation,0,0,0,0,0,0,0,0,0,0
nlu_0404_02,legal,domain_term_phonetic_semantic_substitution,train,0,0,0,0,0,0,0,0,0,0
nlu_0269_05,finance,domain_term_phonetic_semantic_substitution,train,0,0,0,0,0,0,0,0,0,0
nlu_0520_05,general,domain_term_phonetic_semantic_substitution,validation,0,0,0,0,0,0,0,0,0,0
nlu_0158_08,medical,domain_term_phonetic_semantic_substitution,validation,0,0,0,0,0,0,0,0,0,0
nlu_0391_07,legal,domain_term_phonetic_semantic_substitution,validation,0,0,1,1,2,0,0,1,1,2
nlu_0373_10,legal,domain_term_phonetic_semantic_substitution,train,0,0,0,0,0,0,0,0,0,0
nlu_0367_09,legal,domain_term_phonetic_semantic_substitution,train,0,0,0,0,0,0,0,1,1,2
nlu_0575_03,general,domain_term_phonetic_semantic_substitution,unseen,0,0,0,0,0,0,0,0,0,0
nlu_0183_07,medical,domain_term_phonetic_semantic_substitution,train,0,0,0,0,0,0,0,0,0,0
nlu_0135_04,medical,domain_term_phonetic_semantic_substitution,validation,0,0,0,0,0,0,0,0,0,0
nlu_0599_04,general,domain_term_phonetic_semantic_substitution,train,0,0,0,0,0,0,0,0,0,0
nlu_0515_07,general,domain_term_phonetic_semantic_substitution,train,0,0,0,0,0,0,0,0,0,0
nlu_0496_02,technology,domain_term_phonetic_semantic_substitution,train,0,0,0,0,0,0,0,0,0,0
nlu_0045_01,medical,domain_term_phonetic_semantic_substitution,unseen,0,0,0,0,0,0,0,0,0,0
nlu_0595_01,general,domain_term_phonetic_semantic_substitution,unseen,0,0,0,0,0,0,0,0,0,0
nlu_0111_01,medical,domain_term_phonetic_semantic_substitution,train,0,0,0,0,0,0,0,0,0,0
nlu_0264_08,finance,domain_term_phonetic_semantic_substitution,train,0,0,0,0,0,0,0,0,0,0
nlu_0422_08,legal,domain_term_phonetic_semantic_substitution,train,0,0,0,0,0,0,0,0,0,0
nlu_0065_10,medical,domain_term_phonetic_semantic_substitution,train,0,0,0,0,0,0,0,0,0,0
nlu_0155_07,medical,domain_term_phonetic_semantic_substitution,train,0,0,0,0,0,0,0,1,0,1
nlu_0324_02,legal,domain_term_phonetic_semantic_substitution,unseen,0,0,0,0,0,0,0,0,0,0
nlu_0450_01,technology,domain_term_phonetic_semantic_substitution,train,0,0,0,0,0,0,0,0,0,0
nlu_0456_07,technology,domain_term_phonetic_semantic_substitution,train,0,0,0,0,0,0,0,0,0,0
nlu_0458_04,technology,domain_term_phonetic_semantic_substitution,train,0,0,0,0,0,0,0,0,1,1
nlu_0415_06,legal,domain_term_phonetic_semantic_substitution,train,0,0,0,0,0,0,0,1,0,1
nlu_0286_03,finance,domain_term_phonetic_semantic_substitution,train,0,0,0,0,0,0,0,0,0,0
nlu_0351_04,legal,domain_term_phonetic_semantic_substitution,train,0,0,0,0,0,0,0,1,0,1
nlu_0539_05,general,domain_term_phonetic_semantic_substitution,train,0,0,0,0,0,0,0,0,0,0
nlu_0470_01,technology,domain_term_deletion,unseen,0,0,0,0,0,0,0,0,0,0
nlu_0064_01,medical,domain_term_phonetic_semantic_substitution,train,0,0,0,0,0,0,0,0,0,0
nlu_0068_03,medical,domain_term_phonetic_semantic_substitution,unseen,0,0,0,0,0,0,0,0,0,0
nlu_0125_10,medical,domain_term_phonetic_semantic_substitution,train,0,0,0,0,0,0,0,0,0,0
nlu_0409_08,legal,domain_term_phonetic_semantic_substitution,train,0,0,0,0,0,0,0,0,0,0
nlu_0049_03,medical,domain_term_phonetic_semantic_substitution,train,0,0,0,0,0,0,1,1,0,2
nlu_0159_05,medical,domain_term_phonetic_semantic_substitution,train,0,0,0,0,0,0,0,0,0,0
nlu_0424_04,legal,domain_term_phonetic_semantic_substitution,train,0,0,0,0,0,0,0,1,0,1
nlu_0555_04,general,domain_term_phonetic_semantic_substitution,train,0,0,0,0,0,0,0,0,0,0
nlu_0421_05,legal,domain_term_phonetic_semantic_substitution,train,0,0,0,0,0,0,0,0,0,0
nlu_0147_03,medical,domain_term_phonetic_semantic_substitution,unseen,0,0,0,0,0,0,0,0,0,0
nlu_0305_01,finance,domain_term_phonetic_semantic_substitution,train,0,0,0,0,0,0,0,0,0,0
nlu_0448_01,technology,domain_term_phonetic_semantic_substitution,train,0,0,0,0,0,0,0,0,0,0
nlu_0482_01,technology,domain_term_deletion,train,0,0,0,0,0,0,0,0,0,0
nlu_0462_01,technology,domain_term_phonetic_semantic_substitution,validation,0,0,0,0,0,0,0,0,0,0
nlu_0598_03,general,domain_term_phonetic_semantic_substitution,train,0,0,0,0,0,0,0,0,0,0
nlu_0328_04,legal,domain_term_phonetic_semantic_substitution,validation,0,1,0,0,1,0,1,1,1,3
nlu_0324_09,legal,domain_term_phonetic_semantic_substitution,unseen,0,0,0,1,1,0,0,1,1,2
nlu_0314_02,legal,domain_term_phonetic_semantic_substitution,train,0,0,0,0,0,0,0,0,0,0
nlu_0369_04,legal,domain_term_phonetic_semantic_substitution,validation,0,0,0,0,0,0,0,1,1,2
nlu_0258_09,finance,domain_term_phonetic_semantic_substitution,train,0,0,0,0,0,0,0,0,0,0
nlu_0542_01,general,domain_term_phonetic_semantic_substitution,train,0,0,0,0,0,0,0,0,0,0
nlu_0005_10,medical,domain_term_phonetic_semantic_substitution,train,0,0,0,0,0,0,0,0,0,0
nlu_0513_06,general,domain_term_phonetic_semantic_substitution,validation,0,0,0,0,0,0,0,0,0,0
nlu_0422_07,legal,domain_term_phonetic_semantic_substitution,train,0,0,0,0,0,0,0,0,0,0
nlu_0086_09,medical,domain_term_phonetic_semantic_substitution,train,0,0,0,0,0,0,0,0,0,0
nlu_0323_06,legal,domain_term_phonetic_semantic_substitution,unseen,0,0,0,0,0,0,0,1,1,2
nlu_0108_03,medical,domain_term_phonetic_semantic_substitution,train,0,0,0,0,0,0,0,0,0,0
nlu_0072_10,medical,domain_term_phonetic_semantic_substitution,unseen,0,0,0,0,0,0,0,0,0,0
nlu_0220_10,finance,domain_term_phonetic_semantic_substitution,validation,0,0,0,0,0,0,0,0,0,0
nlu_0264_02,finance,domain_term_phonetic_semantic_substitution,train,0,0,0,0,0,0,0,0,0,0
nlu_0585_09,general,domain_term_phonetic_semantic_substitution,train,0,0,0,0,0,0,0,0,0,0
nlu_0167_01,medical,domain_term_phonetic_semantic_substitution,unseen,0,0,0,0,0,0,0,0,1,1
nlu_0166_07,medical,domain_term_phonetic_semantic_substitution,validation,0,0,0,0,0,0,0,1,1,2
nlu_0243_06,finance,domain_term_phonetic_semantic_substitution,train,0,0,0,0,0,0,0,0,0,0
nlu_0553_07,general,domain_term_phonetic_semantic_substitution,train,0,0,0,0,0,0,0,0,0,0
nlu_0506_05,general,domain_term_phonetic_semantic_substitution,train,0,0,0,0,0,0,0,0,0,0
nlu_0597_06,general,domain_term_phonetic_semantic_substitution,unseen,0,0,0,0,0,0,0,0,0,0
nlu_0441_05,technology,domain_term_phonetic_semantic_substitution,validation,0,0,0,0,0,0,0,0,0,0
nlu_0310_08,finance,domain_term_phonetic_semantic_substitution,train,0,0,0,0,0,0,0,0,0,0
nlu_0398_07,legal,domain_term_phonetic_semantic_substitution,train,0,0,0,0,0,0,0,0,0,0
nlu_0537_07,general,domain_term_phonetic_semantic_substitution,train,0,0,0,0,0,0,0,0,0,0
nlu_0588_08,general,domain_term_phonetic_semantic_substitution,train,0,0,0,0,0,0,0,0,0,0
nlu_0570_08,general,domain_term_phonetic_semantic_substitution,train,0,0,0,0,0,0,0,0,0,0
nlu_0319_10,legal,domain_term_phonetic_semantic_substitution,train,0,0,0,0,0,0,0,0,1,1
nlu_0399_10,legal,domain_term_phonetic_semantic_substitution,validation,0,0,0,0,0,0,0,0,0,0
nlu_0294_05,finance,domain_term_phonetic_semantic_substitution,train,0,0,0,0,0,0,0,0,0,0
nlu_0495_01,technology,domain_term_phonetic_semantic_substitution,train,0,0,0,0,0,0,0,0,0,0
nlu_0426_08,legal,domain_term_phonetic_semantic_substitution,train,0,0,0,0,0,0,0,0,0,0
nlu_0261_07,finance,domain_term_phonetic_semantic_substitution,validation,0,0,0,0,0,0,0,0,0,0
nlu_0139_06,medical,domain_term_phonetic_semantic_substitution,train,0,0,0,0,0,0,0,0,0,0
nlu_0558_02,general,domain_term_phonetic_semantic_substitution,train,0,0,0,0,0,0,0,0,0,0
nlu_0140_10,medical,domain_term_phonetic_semantic_substitution,train,0,0,0,0,0,0,0,0,0,0
nlu_0120_06,medical,domain_term_phonetic_semantic_substitution,train,0,0,0,0,0,0,0,0,0,0
nlu_0141_09,medical,domain_term_phonetic_semantic_substitution,train,0,0,0,0,0,0,0,0,0,0
nlu_0185_06,medical,domain_term_phonetic_semantic_substitution,train,0,0,0,0,0,1,1,1,1,4
nlu_0180_09,medical,domain_term_phonetic_semantic_substitution,train,0,0,0,0,0,0,0,0,0,0
nlu_0396_08,legal,domain_term_phonetic_semantic_substitution,train,0,0,0,0,0,0,0,0,0,0
nlu_0148_06,medical,domain_term_phonetic_semantic_substitution,train,0,0,0,0,0,0,0,0,0,0
nlu_0522_09,general,domain_term_phonetic_semantic_substitution,validation,0,0,0,0,0,0,0,0,0,0
nlu_0004_06,medical,domain_term_phonetic_semantic_substitution,train,0,0,0,0,0,0,0,0,0,0
nlu_0487_05,technology,domain_term_phonetic_semantic_substitution,train,0,0,0,0,0,0,0,1,0,1
nlu_0235_06,finance,domain_term_phonetic_semantic_substitution,unseen,0,0,0,1,1,0,0,1,1,2
nlu_0045_05,medical,domain_term_phonetic_semantic_substitution,unseen,0,0,0,0,0,0,0,0,0,0
nlu_0536_07,general,domain_term_phonetic_semantic_substitution,train,0,0,0,0,0,0,0,0,0,0
nlu_0332_03,legal,domain_term_phonetic_semantic_substitution,train,0,0,0,0,0,0,0,0,0,0
nlu_0236_10,finance,domain_term_phonetic_semantic_substitution,train,0,0,0,0,0,0,0,0,0,0
nlu_0301_07,finance,domain_term_phonetic_semantic_substitution,unseen,0,1,1,1,3,0,1,1,1,3
nlu_0366_05,legal,domain_term_phonetic_semantic_substitution,train,0,0,0,0,0,0,0,0,0,0
nlu_0221_07,finance,domain_term_phonetic_semantic_substitution,unseen,0,0,0,0,0,0,0,1,1,2
nlu_0433_08,legal,domain_term_phonetic_semantic_substitution,unseen,0,0,0,0,0,0,0,0,0,0
nlu_0514_03,general,domain_term_phonetic_semantic_substitution,train,0,0,0,0,0,0,0,0,0,0
nlu_0366_08,legal,domain_term_phonetic_semantic_substitution,train,0,0,0,0,0,0,0,0,0,0
nlu_0318_10,legal,domain_term_phonetic_semantic_substitution,train,0,0,0,0,0,0,0,0,1,1
nlu_0343_03,legal,domain_term_phonetic_semantic_substitution,train,0,0,0,0,0,0,0,0,0,0
nlu_0129_07,medical,domain_term_phonetic_semantic_substitution,validation,0,0,0,0,0,0,0,0,0,0
nlu_0445_06,technology,domain_term_phonetic_semantic_substitution,train,0,0,0,0,0,0,0,1,1,2
nlu_0035_10,medical,domain_term_phonetic_semantic_substitution,train,0,0,0,0,0,0,0,0,0,0
nlu_0342_07,legal,domain_term_phonetic_semantic_substitution,train,0,0,0,0,0,0,0,0,0,0
nlu_0214_08,finance,domain_term_phonetic_semantic_substitution,train,0,0,0,0,0,0,0,0,0,0
nlu_0270_02,finance,domain_term_phonetic_semantic_substitution,train,0,0,0,0,0,0,0,0,0,0
nlu_0264_07,finance,domain_term_phonetic_semantic_substitution,train,0,0,0,0,0,0,0,0,0,0
nlu_0402_07,legal,domain_term_phonetic_semantic_substitution,train,0,0,0,0,0,0,0,0,0,0
nlu_0169_02,medical,domain_term_phonetic_semantic_substitution,train,0,0,0,0,0,0,0,0,0,0
nlu_0544_03,general,domain_term_phonetic_semantic_substitution,train,0,0,0,0,0,0,0,0,0,0
nlu_0170_03,medical,domain_term_phonetic_semantic_substitution,train,0,0,0,0,0,0,0,0,0,0
nlu_0443_05,technology,domain_term_phonetic_semantic_substitution,train,0,0,0,0,0,0,0,0,0,0
nlu_0478_07,technology,domain_term_phonetic_semantic_substitution,train,0,0,0,0,0,0,0,0,0,0
nlu_0364_06,legal,domain_term_phonetic_semantic_substitution,unseen,0,0,0,0,0,0,0,0,1,1
nlu_0038_03,medical,domain_term_phonetic_semantic_substitution,train,0,0,0,0,0,0,0,0,0,0
nlu_0461_05,technology,domain_term_phonetic_semantic_substitution,train,0,0,0,0,0,0,0,0,0,0
nlu_0015_01,medical,domain_term_phonetic_semantic_substitution,train,0,0,0,0,0,0,0,0,0,0
nlu_0560_01,general,domain_term_phonetic_semantic_substitution,train,0,0,0,0,0,0,0,0,0,0
nlu_0072_05,medical,domain_term_phonetic_semantic_substitution,unseen,0,0,0,0,0,0,0,0,0,0
nlu_0319_09,legal,domain_term_phonetic_semantic_substitution,train,0,0,0,0,0,0,0,0,1,1
nlu_0540_10,general,domain_term_phonetic_semantic_substitution,train,0,0,0,0,0,0,0,0,0,0
nlu_0419_10,legal,domain_term_phonetic_semantic_substitution,train,0,0,0,0,0,0,0,0,0,0
nlu_0041_07,medical,domain_term_phonetic_semantic_substitution,train,0,0,0,0,0,0,0,1,1,2
nlu_0003_01,medical,domain_term_phonetic_semantic_substitution,train,0,0,0,0,0,0,0,0,0,0
nlu_0101_05,medical,domain_term_phonetic_semantic_substitution,train,0,0,0,0,0,0,0,0,0,0
nlu_0242_02,finance,domain_term_phonetic_semantic_substitution,train,0,0,0,0,0,0,0,0,0,0
nlu_0255_06,finance,domain_term_phonetic_semantic_substitution,train,0,0,0,0,0,0,0,1,1,2
nlu_0240_01,finance,domain_term_phonetic_semantic_substitution,validation,0,0,0,0,0,0,0,0,0,0
nlu_0482_09,technology,domain_term_phonetic_semantic_substitution,train,0,0,0,0,0,0,0,0,0,0
nlu_0005_03,medical,domain_term_phonetic_semantic_substitution,train,0,0,0,0,0,0,0,0,0,0
nlu_0284_01,finance,domain_term_phonetic_semantic_substitution,validation,0,0,0,0,0,0,0,0,0,0
nlu_0338_02,legal,domain_term_phonetic_semantic_substitution,train,0,0,0,0,0,0,0,0,0,0
nlu_0303_03,finance,domain_term_phonetic_semantic_substitution,train,0,0,0,0,0,0,0,0,0,0
nlu_0337_05,legal,domain_term_phonetic_semantic_substitution,train,0,0,0,0,0,0,0,0,0,0
nlu_0002_02,medical,domain_term_phonetic_semantic_substitution,validation,0,0,0,0,0,0,0,0,0,0
nlu_0118_08,medical,domain_term_phonetic_semantic_substitution,train,0,0,0,0,0,0,0,0,0,0
nlu_0195_08,finance,domain_term_phonetic_semantic_substitution,train,0,0,0,0,0,0,0,0,0,0
nlu_0251_02,finance,domain_term_phonetic_semantic_substitution,unseen,0,0,0,0,0,0,0,0,0,0
nlu_0287_04,finance,domain_term_phonetic_semantic_substitution,train,0,0,0,0,0,0,0,0,0,0
nlu_0387_06,legal,domain_term_phonetic_semantic_substitution,validation,1,1,1,1,4,1,1,1,1,4
nlu_0103_07,medical,domain_term_phonetic_semantic_substitution,train,0,0,0,0,0,0,0,0,0,0
nlu_0385_09,legal,domain_term_phonetic_semantic_substitution,validation,0,0,0,1,1,0,0,1,1,2
nlu_0299_10,finance,domain_term_phonetic_semantic_substitution,validation,0,0,0,0,0,0,0,0,0,0
nlu_0097_02,medical,domain_term_phonetic_semantic_substitution,train,0,0,0,0,0,0,0,1,0,1
nlu_0289_10,finance,domain_term_phonetic_semantic_substitution,train,0,0,0,0,0,0,0,0,0,0
nlu_0302_06,finance,domain_term_phonetic_semantic_substitution,train,0,0,0,0,0,0,0,0,0,0
nlu_0334_09,legal,domain_term_phonetic_semantic_substitution,train,0,0,0,0,0,0,0,0,0,0
nlu_0424_01,legal,domain_term_phonetic_semantic_substitution,train,0,0,0,0,0,0,0,1,1,2
nlu_0074_06,medical,domain_term_phonetic_semantic_substitution,unseen,0,0,0,0,0,0,0,0,0,0
nlu_0145_01,medical,domain_term_phonetic_semantic_substitution,train,0,0,0,0,0,0,0,0,0,0
nlu_0288_06,finance,domain_term_phonetic_semantic_substitution,validation,0,0,0,0,0,0,0,1,1,2
nlu_0399_07,legal,domain_term_phonetic_semantic_substitution,validation,0,0,1,0,1,0,0,1,0,1
nlu_0092_07,medical,domain_term_phonetic_semantic_substitution,validation,0,0,0,0,0,0,1,1,0,2
nlu_0501_03,general,domain_term_phonetic_semantic_substitution,train,0,0,0,0,0,0,0,0,0,0
nlu_0409_10,legal,domain_term_phonetic_semantic_substitution,train,0,0,0,0,0,0,0,0,0,0
nlu_0555_02,general,domain_term_phonetic_semantic_substitution,train,0,0,0,0,0,0,0,0,0,0
nlu_0469_06,technology,domain_term_phonetic_semantic_substitution,train,0,0,0,0,0,0,0,0,0,0
nlu_0278_03,finance,domain_term_phonetic_semantic_substitution,train,0,0,0,0,0,0,0,0,0,0
nlu_0163_05,medical,domain_term_phonetic_semantic_substitution,train,0,0,0,0,0,0,0,1,1,2
nlu_0567_10,general,domain_term_phonetic_semantic_substitution,train,0,0,0,0,0,0,0,0,0,0
nlu_0083_02,medical,domain_term_phonetic_semantic_substitution,validation,0,0,0,0,0,0,0,0,0,0
nlu_0137_08,medical,domain_term_phonetic_semantic_substitution,validation,0,0,0,0,0,0,0,0,0,0
nlu_0372_03,legal,domain_term_phonetic_semantic_substitution,train,0,0,0,0,0,0,0,0,0,0
nlu_0600_09,general,domain_term_phonetic_semantic_substitution,train,0,0,0,0,0,0,0,0,0,0
nlu_0086_01,medical,domain_term_phonetic_semantic_substitution,train,0,0,0,0,0,0,0,0,0,0
nlu_0101_01,medical,domain_term_phonetic_semantic_substitution,train,0,0,0,0,0,0,0,0,0,0
nlu_0466_03,technology,domain_term_phonetic_semantic_substitution,train,0,0,0,0,0,0,0,0,0,0
nlu_0412_05,legal,domain_term_phonetic_semantic_substitution,train,0,0,0,0,0,0,0,0,0,0
nlu_0164_08,medical,domain_term_phonetic_semantic_substitution,unseen,0,0,0,0,0,0,0,0,1,1
nlu_0167_08,medical,domain_term_phonetic_semantic_substitution,unseen,0,0,0,0,0,0,0,0,1,1
nlu_0318_04,legal,domain_term_phonetic_semantic_substitution,train,0,0,0,0,0,0,0,1,1,2
nlu_0457_01,technology,domain_term_phonetic_semantic_substitution,train,0,0,0,0,0,0,0,0,0,0
nlu_0135_08,medical,domain_term_phonetic_semantic_substitution,validation,0,0,0,0,0,0,0,0,0,0
nlu_0573_01,general,domain_term_phonetic_semantic_substitution,validation,0,0,0,0,0,0,0,0,0,0
nlu_0324_01,legal,domain_term_phonetic_semantic_substitution,unseen,0,0,0,0,0,0,0,0,0,0
nlu_0422_01,legal,domain_term_phonetic_semantic_substitution,train,0,0,0,0,0,0,0,0,0,0
nlu_0461_07,technology,domain_term_phonetic_semantic_substitution,train,0,0,0,0,0,0,0,0,0,0
nlu_0324_03,legal,domain_term_phonetic_semantic_substitution,unseen,0,0,0,0,0,0,0,0,0,0
nlu_0491_02,technology,domain_term_phonetic_semantic_substitution,train,0,0,0,0,0,0,0,1,0,1
nlu_0071_04,medical,domain_term_phonetic_semantic_substitution,validation,0,0,1,0,1,0,1,1,1,3
nlu_0479_02,technology,domain_term_phonetic_semantic_substitution,train,0,0,0,0,0,0,0,0,0,0
nlu_0330_02,legal,domain_term_phonetic_semantic_substitution,train,0,0,0,0,0,0,0,0,0,0
nlu_0368_04,legal,domain_term_phonetic_semantic_substitution,unseen,0,0,0,0,0,0,0,1,1,2
nlu_0241_09,finance,domain_term_phonetic_semantic_substitution,train,0,0,0,0,0,0,0,1,1,2
nlu_0133_08,medical,domain_term_phonetic_semantic_substitution,train,0,0,0,0,0,0,0,0,0,0
nlu_0559_07,general,domain_term_phonetic_semantic_substitution,unseen,0,0,0,0,0,0,0,0,0,0
nlu_0570_07,general,domain_term_phonetic_semantic_substitution,train,0,0,0,0,0,0,0,0,0,0
nlu_0501_09,general,domain_term_phonetic_semantic_substitution,train,0,0,0,0,0,0,0,0,0,0
nlu_0099_07,medical,domain_term_phonetic_semantic_substitution,train,0,0,0,0,0,0,0,1,0,1
nlu_0545_01,general,domain_term_phonetic_semantic_substitution,train,0,0,0,0,0,0,0,0,0,0
nlu_0516_07,general,domain_term_phonetic_semantic_substitution,validation,0,0,0,0,0,0,0,0,0,0
nlu_0531_08,general,domain_term_phonetic_semantic_substitution,train,0,0,0,0,0,0,0,0,0,0
nlu_0405_10,legal,domain_term_phonetic_semantic_substitution,train,0,0,0,0,0,0,0,0,0,0
nlu_0349_06,legal,domain_term_phonetic_semantic_substitution,unseen,0,0,0,0,0,0,0,0,0,0
nlu_0248_05,finance,domain_term_phonetic_semantic_substitution,train,0,0,0,0,0,0,0,0,0,0
nlu_0388_04,legal,domain_term_phonetic_semantic_substitution,unseen,1,0,1,1,3,1,0,1,1,3
nlu_0120_09,medical,domain_term_phonetic_semantic_substitution,train,0,0,0,0,0,0,0,0,0,0
nlu_0419_02,legal,domain_term_phonetic_semantic_substitution,train,0,0,0,0,0,0,0,0,0,0
nlu_0152_09,medical,domain_term_phonetic_semantic_substitution,train,0,0,0,0,0,0,0,0,0,0
nlu_0180_10,medical,domain_term_phonetic_semantic_substitution,train,0,0,0,0,0,0,1,1,1,3
nlu_0102_05,medical,domain_term_phonetic_semantic_substitution,validation,0,0,0,0,0,0,1,1,0,2
nlu_0013_09,medical,domain_term_phonetic_semantic_substitution,train,0,0,0,0,0,0,0,0,0,0
nlu_0137_05,medical,domain_term_phonetic_semantic_substitution,validation,0,0,0,0,0,0,0,0,0,0
nlu_0551_08,general,domain_term_phonetic_semantic_substitution,validation,0,0,0,0,0,0,0,0,0,0
nlu_0090_02,medical,domain_term_phonetic_semantic_substitution,unseen,0,0,0,0,0,0,1,0,1,2
nlu_0280_04,finance,domain_term_phonetic_semantic_substitution,train,0,0,0,0,0,0,0,1,0,1
nlu_0504_04,general,domain_term_phonetic_semantic_substitution,train,0,0,0,0,0,0,0,0,0,0
nlu_0572_06,general,domain_term_phonetic_semantic_substitution,unseen,0,0,0,0,0,0,0,0,0,0
nlu_0515_02,general,domain_term_phonetic_semantic_substitution,train,0,0,0,0,0,0,0,0,0,0
nlu_0325_10,legal,domain_term_phonetic_semantic_substitution,train,0,0,0,0,0,0,0,0,0,0
nlu_0121_09,medical,domain_term_phonetic_semantic_substitution,train,0,0,0,0,0,0,0,1,1,2
nlu_0387_09,legal,domain_term_phonetic_semantic_substitution,validation,1,1,1,1,4,1,1,1,1,4
nlu_0407_06,legal,domain_term_phonetic_semantic_substitution,train,0,0,0,0,0,0,0,0,0,0
nlu_0513_10,general,domain_term_phonetic_semantic_substitution,validation,0,0,0,0,0,0,0,0,0,0
nlu_0124_10,medical,domain_term_phonetic_semantic_substitution,validation,0,0,0,1,1,0,1,1,1,3
nlu_0229_10,finance,domain_term_phonetic_semantic_substitution,unseen,0,0,0,0,0,0,0,0,0,0
nlu_0275_01,finance,domain_term_phonetic_semantic_substitution,unseen,0,0,0,0,0,0,0,0,1,1
nlu_0028_06,medical,domain_term_phonetic_semantic_substitution,unseen,0,0,0,0,0,0,0,0,0,0
nlu_0104_06,medical,domain_term_phonetic_semantic_substitution,unseen,0,0,0,0,0,0,0,1,0,1
nlu_0123_10,medical,domain_term_phonetic_semantic_substitution,validation,0,0,0,0,0,0,0,1,0,1
nlu_0101_09,medical,domain_term_phonetic_semantic_substitution,train,0,0,0,0,0,0,0,0,0,0
nlu_0383_09,legal,domain_term_phonetic_semantic_substitution,validation,0,0,1,0,1,0,0,1,1,2
nlu_0254_03,finance,domain_term_phonetic_semantic_substitution,train,0,0,0,0,0,0,0,0,0,0
nlu_0106_09,medical,domain_term_phonetic_semantic_substitution,train,0,0,0,0,0,0,0,0,0,0
nlu_0552_08,general,domain_term_phonetic_semantic_substitution,train,0,0,0,0,0,0,0,0,0,0
nlu_0029_02,medical,domain_term_phonetic_semantic_substitution,train,0,0,0,0,0,0,0,0,0,0
nlu_0105_04,medical,domain_term_phonetic_semantic_substitution,unseen,0,0,0,0,0,0,1,1,0,2
nlu_0132_07,medical,domain_term_phonetic_semantic_substitution,train,0,0,0,0,0,0,0,0,0,0
nlu_0097_09,medical,domain_term_phonetic_semantic_substitution,train,0,0,0,0,0,0,0,0,0,0
nlu_0239_02,finance,domain_term_phonetic_semantic_substitution,unseen,0,0,0,0,0,0,0,0,0,0
nlu_0479_08,technology,domain_term_phonetic_semantic_substitution,train,0,0,0,0,0,0,0,0,0,0
nlu_0194_10,finance,domain_term_phonetic_semantic_substitution,train,0,0,0,0,0,0,1,1,1,3
nlu_0521_02,general,domain_term_phonetic_semantic_substitution,train,0,0,0,0,0,0,0,0,0,0
nlu_0128_05,medical,domain_term_phonetic_semantic_substitution,unseen,0,0,0,0,0,0,0,0,0,0
nlu_0062_10,medical,domain_term_phonetic_semantic_substitution,train,0,0,0,0,0,0,0,0,0,0
nlu_0436_05,legal,domain_term_phonetic_semantic_substitution,train,0,0,0,0,0,0,0,0,0,0
nlu_0175_03,medical,domain_term_phonetic_semantic_substitution,validation,0,0,0,0,0,0,0,0,0,0
nlu_0140_01,medical,domain_term_phonetic_semantic_substitution,train,0,0,0,0,0,0,0,1,0,1
nlu_0489_01,technology,domain_term_phonetic_semantic_substitution,train,0,0,0,0,0,0,0,0,0,0
nlu_0158_10,medical,domain_term_phonetic_semantic_substitution,validation,0,0,0,0,0,0,0,0,0,0
nlu_0166_06,medical,domain_term_phonetic_semantic_substitution,validation,0,0,0,0,0,0,0,0,1,1
nlu_0357_09,legal,domain_term_phonetic_semantic_substitution,train,0,0,0,0,0,0,0,0,0,0
nlu_0236_03,finance,domain_term_phonetic_semantic_substitution,train,0,0,0,0,0,0,0,0,0,0
nlu_0222_03,finance,domain_term_phonetic_semantic_substitution,train,0,0,0,0,0,0,0,0,0,0
nlu_0597_04,general,domain_term_phonetic_semantic_substitution,unseen,0,0,0,0,0,0,0,0,0,0
nlu_0318_09,legal,domain_term_phonetic_semantic_substitution,train,0,0,0,0,0,0,0,0,1,1
nlu_0320_03,legal,domain_term_phonetic_semantic_substitution,train,0,0,0,0,0,0,0,0,0,0
nlu_0131_08,medical,domain_term_phonetic_semantic_substitution,train,0,0,0,0,0,0,0,0,0,0
nlu_0058_06,medical,domain_term_phonetic_semantic_substitution,unseen,0,0,0,0,0,0,0,1,0,1
nlu_0237_01,finance,domain_term_phonetic_semantic_substitution,train,0,0,0,0,0,0,0,0,0,0
nlu_0129_01,medical,domain_term_phonetic_semantic_substitution,validation,0,0,0,0,0,0,0,0,0,0
nlu_0488_08,technology,domain_term_phonetic_semantic_substitution,train,0,0,0,0,0,0,0,0,0,0
nlu_0497_02,technology,domain_term_phonetic_semantic_substitution,train,0,0,0,0,0,0,0,0,0,0
nlu_0200_04,finance,domain_term_phonetic_semantic_substitution,train,0,0,0,0,0,0,0,0,0,0
nlu_0264_10,finance,domain_term_phonetic_semantic_substitution,train,0,0,0,0,0,0,0,0,0,0
nlu_0027_10,medical,domain_term_phonetic_semantic_substitution,train,0,0,0,0,0,0,1,1,1,3
nlu_0063_10,medical,domain_term_phonetic_semantic_substitution,train,0,0,0,0,0,0,0,1,0,1
nlu_0445_05,technology,domain_term_phonetic_semantic_substitution,train,0,0,0,0,0,0,0,0,0,0
nlu_0309_02,finance,domain_term_phonetic_semantic_substitution,train,0,0,0,0,0,0,0,0,0,0
nlu_0347_07,legal,domain_term_phonetic_semantic_substitution,train,0,0,0,0,0,0,0,0,0,0
nlu_0524_04,general,domain_term_phonetic_semantic_substitution,train,0,0,0,0,0,0,0,0,0,0
nlu_0403_04,legal,domain_term_phonetic_semantic_substitution,train,0,0,0,0,0,0,0,0,1,1
nlu_0205_07,finance,domain_term_phonetic_semantic_substitution,validation,0,0,0,0,0,0,0,0,0,0
nlu_0472_01,technology,domain_term_phonetic_semantic_substitution,validation,0,0,0,0,0,0,0,0,0,0
nlu_0212_04,finance,domain_term_phonetic_semantic_substitution,train,0,0,0,0,0,0,0,0,0,0
nlu_0003_08,medical,domain_term_phonetic_semantic_substitution,train,0,0,0,0,0,0,0,0,0,0
nlu_0205_01,finance,domain_term_phonetic_semantic_substitution,validation,0,0,0,0,0,0,0,0,0,0
nlu_0393_09,legal,domain_term_phonetic_semantic_substitution,train,0,0,0,0,0,0,0,1,1,2
nlu_0543_02,general,domain_term_phonetic_semantic_substitution,train,0,0,0,0,0,0,0,0,0,0
nlu_0322_07,legal,domain_term_phonetic_semantic_substitution,validation,0,0,0,0,0,0,0,1,1,2
nlu_0382_05,legal,domain_term_phonetic_semantic_substitution,validation,0,0,0,0,0,0,0,0,0,0
nlu_0013_10,medical,domain_term_phonetic_semantic_substitution,train,0,0,0,0,0,0,0,0,0,0
nlu_0445_08,technology,domain_term_phonetic_semantic_substitution,train,0,0,0,0,0,0,0,0,0,0
nlu_0589_09,general,domain_term_phonetic_semantic_substitution,train,0,0,0,0,0,0,0,0,0,0
nlu_0002_04,medical,domain_term_phonetic_semantic_substitution,validation,0,0,0,0,0,0,0,1,1,2
nlu_0515_03,general,domain_term_phonetic_semantic_substitution,train,0,0,0,0,0,0,0,0,0,0
nlu_0153_06,medical,domain_term_phonetic_semantic_substitution,validation,0,0,0,0,0,0,0,1,0,1
nlu_0237_06,finance,domain_term_phonetic_semantic_substitution,train,0,0,0,0,0,0,0,0,0,0
nlu_0306_03,finance,domain_term_phonetic_semantic_substitution,validation,0,0,0,0,0,0,0,0,0,0
nlu_0401_06,legal,domain_term_phonetic_semantic_substitution,train,0,0,0,0,0,0,0,0,1,1
nlu_0235_01,finance,domain_term_phonetic_semantic_substitution,unseen,0,0,0,0,0,0,0,0,0,0
nlu_0038_05,medical,domain_term_phonetic_semantic_substitution,train,0,0,0,0,0,0,0,0,0,0
nlu_0438_03,legal,domain_term_phonetic_semantic_substitution,train,0,0,0,0,0,0,0,0,0,0
nlu_0516_03,general,domain_term_phonetic_semantic_substitution,validation,0,0,0,0,0,0,0,0,0,0
nlu_0094_10,medical,domain_term_phonetic_semantic_substitution,train,0,0,0,0,0,0,1,1,1,3
nlu_0575_05,general,domain_term_phonetic_semantic_substitution,unseen,0,0,0,0,0,0,0,0,0,0
nlu_0215_08,finance,domain_term_phonetic_semantic_substitution,unseen,0,0,0,0,0,0,0,0,0,0
nlu_0360_02,legal,domain_term_phonetic_semantic_substitution,train,0,0,0,0,0,0,0,0,0,0
nlu_0545_04,general,domain_term_phonetic_semantic_substitution,train,0,0,0,0,0,0,0,0,0,0
nlu_0505_02,general,domain_term_phonetic_semantic_substitution,train,0,0,0,0,0,0,0,0,0,0
nlu_0363_04,legal,domain_term_phonetic_semantic_substitution,train,0,0,0,0,0,0,0,1,1,2
nlu_0053_10,medical,domain_term_phonetic_semantic_substitution,train,0,0,0,0,0,0,0,1,0,1
nlu_0372_05,legal,domain_term_phonetic_semantic_substitution,train,0,0,0,0,0,0,0,0,0,0
nlu_0127_10,medical,domain_term_phonetic_semantic_substitution,unseen,0,0,0,0,0,0,0,0,0,0
nlu_0429_02,legal,domain_term_phonetic_semantic_substitution,train,0,0,0,0,0,0,0,0,0,0
nlu_0140_05,medical,domain_term_phonetic_semantic_substitution,train,0,0,0,0,0,0,0,0,0,0
nlu_0401_10,legal,domain_term_phonetic_semantic_substitution,train,0,0,0,0,0,0,0,0,0,0
nlu_0180_08,medical,domain_term_phonetic_semantic_substitution,train,0,0,0,0,0,0,0,0,0,0
nlu_0298_10,finance,domain_term_phonetic_semantic_substitution,train,0,0,0,0,0,0,0,0,0,0
nlu_0145_02,medical,domain_term_phonetic_semantic_substitution,train,0,0,0,0,0,0,0,0,0,0
nlu_0530_07,general,domain_term_phonetic_semantic_substitution,validation,0,0,0,0,0,0,0,0,0,0
nlu_0585_10,general,domain_term_phonetic_semantic_substitution,train,0,0,0,0,0,0,0,0,0,0
nlu_0382_02,legal,domain_term_phonetic_semantic_substitution,validation,0,0,0,0,0,0,0,0,0,0
nlu_0128_04,medical,domain_term_phonetic_semantic_substitution,unseen,0,0,0,1,1,0,1,1,0,2
nlu_0172_03,medical,domain_term_phonetic_semantic_substitution,train,0,0,0,0,0,0,0,0,0,0
nlu_0096_06,medical,domain_term_phonetic_semantic_substitution,unseen,0,0,1,1,2,0,0,1,1,2
nlu_0445_03,technology,domain_term_phonetic_semantic_substitution,train,0,0,0,0,0,0,0,0,0,0
nlu_0480_05,technology,domain_term_phonetic_semantic_substitution,train,0,0,0,0,0,0,0,1,0,1
nlu_0538_07,general,domain_term_phonetic_semantic_substitution,train,0,0,0,0,0,0,0,0,0,0
nlu_0041_04,medical,domain_term_phonetic_semantic_substitution,train,0,0,0,0,0,0,0,1,1,2
nlu_0208_02,finance,domain_term_phonetic_semantic_substitution,train,0,0,0,0,0,0,0,0,0,0
nlu_0571_02,general,domain_term_phonetic_semantic_substitution,train,0,0,0,0,0,0,0,0,0,0
nlu_0198_08,finance,domain_term_phonetic_semantic_substitution,validation,0,0,0,0,0,0,0,0,0,0
nlu_0016_09,medical,domain_term_phonetic_semantic_substitution,train,0,0,0,0,0,0,0,0,0,0
nlu_0389_09,legal,domain_term_phonetic_semantic_substitution,unseen,1,1,1,1,4,1,1,1,1,4
nlu_0091_03,medical,domain_term_phonetic_semantic_substitution,train,0,0,0,0,0,0,0,1,0,1
nlu_0036_03,medical,domain_term_phonetic_semantic_substitution,train,0,0,0,0,0,0,0,0,0,0
nlu_0414_01,legal,domain_term_phonetic_semantic_substitution,validation,0,0,0,0,0,0,0,0,0,0
nlu_0076_05,medical,domain_term_phonetic_semantic_substitution,train,0,0,0,0,0,0,1,0,0,1
nlu_0298_02,finance,domain_term_phonetic_semantic_substitution,train,0,0,0,0,0,0,0,0,0,0
nlu_0598_01,general,domain_term_phonetic_semantic_substitution,train,0,0,0,0,0,0,0,0,0,0
nlu_0293_01,finance,domain_term_phonetic_semantic_substitution,train,0,0,0,0,0,0,0,0,0,0
nlu_0032_02,medical,domain_term_phonetic_semantic_substitution,train,0,0,0,0,0,0,0,0,1,1
nlu_0067_02,medical,domain_term_phonetic_semantic_substitution,train,0,0,0,0,0,0,0,0,0,0
nlu_0199_10,finance,domain_term_phonetic_semantic_substitution,train,0,0,0,0,0,0,0,0,0,0
nlu_0367_06,legal,domain_term_phonetic_semantic_substitution,train,0,0,0,0,0,0,0,0,1,1
nlu_0031_07,medical,domain_term_phonetic_semantic_substitution,unseen,0,0,0,0,0,0,1,1,1,3
nlu_0234_06,finance,domain_term_phonetic_semantic_substitution,unseen,0,0,0,0,0,0,0,0,1,1
nlu_0236_07,finance,domain_term_phonetic_semantic_substitution,train,0,0,0,0,0,0,0,0,0,0
nlu_0371_03,legal,domain_term_phonetic_semantic_substitution,unseen,0,0,0,0,0,0,0,0,0,0
nlu_0381_05,legal,domain_term_phonetic_semantic_substitution,train,0,0,0,0,0,0,0,0,0,0
nlu_0193_08,finance,domain_term_phonetic_semantic_substitution,train,0,0,0,0,0,0,0,0,0,0
nlu_0343_08,legal,domain_term_phonetic_semantic_substitution,train,0,0,0,0,0,0,0,0,0,0
nlu_0075_10,medical,domain_term_phonetic_semantic_substitution,train,0,0,0,0,0,0,0,0,1,1
nlu_0364_09,legal,domain_term_phonetic_semantic_substitution,unseen,0,0,0,0,0,0,0,1,1,2
nlu_0525_04,general,domain_term_phonetic_semantic_substitution,validation,0,0,0,0,0,0,0,0,0,0
nlu_0127_07,medical,domain_term_phonetic_semantic_substitution,unseen,0,1,0,1,2,0,1,0,1,2
nlu_0592_08,general,domain_term_phonetic_semantic_substitution,train,0,0,0,0,0,0,0,0,0,0
nlu_0530_10,general,domain_term_phonetic_semantic_substitution,validation,0,0,0,0,0,0,0,0,0,0
nlu_0360_06,legal,domain_term_phonetic_semantic_substitution,train,0,0,0,0,0,0,0,1,1,2
nlu_0214_05,finance,domain_term_phonetic_semantic_substitution,train,0,0,0,0,0,0,0,1,1,2
nlu_0411_10,legal,domain_term_phonetic_semantic_substitution,unseen,0,0,0,0,0,0,0,0,0,0
nlu_0052_05,medical,domain_term_phonetic_semantic_substitution,train,0,0,0,0,0,0,1,1,0,2
nlu_0537_02,general,domain_term_phonetic_semantic_substitution,train,0,0,0,0,0,0,0,0,0,0
nlu_0041_10,medical,domain_term_phonetic_semantic_substitution,train,0,0,0,0,0,0,0,1,0,1
nlu_0448_06,technology,domain_term_phonetic_semantic_substitution,train,0,0,0,0,0,0,0,0,0,0
nlu_0598_06,general,domain_term_phonetic_semantic_substitution,train,0,0,0,0,0,0,0,0,0,0
nlu_0594_01,general,domain_term_phonetic_semantic_substitution,unseen,0,0,0,0,0,0,0,0,0,0
nlu_0520_04,general,domain_term_phonetic_semantic_substitution,validation,0,0,0,0,0,0,0,0,0,0
nlu_0021_08,medical,domain_term_phonetic_semantic_substitution,train,0,0,0,0,0,0,0,1,0,1
nlu_0046_09,medical,domain_term_phonetic_semantic_substitution,train,0,0,0,0,0,0,0,1,1,2
nlu_0206_05,finance,domain_term_phonetic_semantic_substitution,train,0,0,0,0,0,0,0,0,0,0
nlu_0244_01,finance,domain_term_phonetic_semantic_substitution,train,0,0,0,0,0,0,0,0,0,0
nlu_0026_01,medical,domain_term_phonetic_semantic_substitution,unseen,0,0,0,0,0,0,0,1,1,2
nlu_0512_10,general,domain_term_phonetic_semantic_substitution,unseen,0,0,0,0,0,0,0,0,0,0
nlu_0111_08,medical,domain_term_phonetic_semantic_substitution,train,0,0,0,0,0,0,0,0,0,0
nlu_0487_03,technology,domain_term_phonetic_semantic_substitution,train,0,0,0,0,0,0,0,0,0,0
nlu_0172_04,medical,domain_term_phonetic_semantic_substitution,train,0,0,0,0,0,0,0,0,0,0
nlu_0392_02,legal,domain_term_phonetic_semantic_substitution,train,0,0,0,0,0,0,0,0,0,0
nlu_0072_06,medical,domain_term_phonetic_semantic_substitution,unseen,0,0,0,0,0,0,0,0,0,0
nlu_0056_03,medical,domain_term_phonetic_semantic_substitution,train,0,0,0,0,0,0,1,1,0,2
nlu_0144_10,medical,domain_term_phonetic_semantic_substitution,train,0,0,0,0,0,0,0,0,0,0
nlu_0228_01,finance,domain_term_phonetic_semantic_substitution,train,0,0,0,0,0,0,0,0,0,0
nlu_0315_05,legal,domain_term_phonetic_semantic_substitution,train,0,0,0,0,0,0,0,0,0,0
nlu_0575_04,general,domain_term_phonetic_semantic_substitution,unseen,0,0,0,0,0,0,0,0,0,0
nlu_0193_06,finance,domain_term_phonetic_semantic_substitution,train,0,0,0,0,0,0,0,0,0,0
nlu_0064_05,medical,domain_term_phonetic_semantic_substitution,train,0,0,0,0,0,0,0,0,0,0
nlu_0032_07,medical,domain_term_phonetic_semantic_substitution,train,0,0,0,0,0,0,1,1,1,3
nlu_0564_07,general,domain_term_phonetic_semantic_substitution,train,0,0,0,0,0,0,0,0,0,0
nlu_0043_08,medical,domain_term_phonetic_semantic_substitution,train,0,0,0,0,0,0,0,0,0,0
nlu_0446_04,technology,domain_term_phonetic_semantic_substitution,validation,0,0,0,0,0,0,0,0,1,1
nlu_0011_06,medical,domain_term_phonetic_semantic_substitution,train,0,0,0,0,0,0,0,0,0,0
nlu_0305_02,finance,domain_term_phonetic_semantic_substitution,train,0,0,0,0,0,0,0,0,0,0
nlu_0424_09,legal,domain_term_phonetic_semantic_substitution,train,0,0,0,0,0,0,0,1,1,2
nlu_0217_10,finance,domain_term_phonetic_semantic_substitution,unseen,0,0,1,0,1,0,0,1,0,1
nlu_0171_10,medical,domain_term_phonetic_semantic_substitution,train,0,0,0,0,0,0,0,0,0,0
nlu_0009_10,medical,domain_term_phonetic_semantic_substitution,train,0,0,0,0,0,0,0,0,0,0
nlu_0225_02,finance,domain_term_phonetic_semantic_substitution,unseen,0,0,0,0,0,0,0,0,0,0
nlu_0318_05,legal,domain_term_phonetic_semantic_substitution,train,0,0,0,0,0,0,0,0,0,0
nlu_0448_09,technology,domain_term_phonetic_semantic_substitution,train,0,0,0,0,0,0,0,1,1,2
nlu_0195_10,finance,domain_term_phonetic_semantic_substitution,train,0,0,0,0,0,0,1,0,1,2
nlu_0405_05,legal,domain_term_phonetic_semantic_substitution,train,0,0,0,0,0,0,0,0,0,0
nlu_0285_09,finance,domain_term_phonetic_semantic_substitution,unseen,0,0,1,1,2,0,0,1,1,2
nlu_0001_02,medical,domain_term_phonetic_semantic_substitution,validation,0,0,0,0,0,0,0,0,0,0
nlu_0434_08,legal,domain_term_phonetic_semantic_substitution,train,0,0,0,0,0,0,0,0,0,0
nlu_0094_06,medical,domain_term_phonetic_semantic_substitution,train,0,0,0,0,0,0,0,0,0,0
nlu_0514_04,general,domain_term_phonetic_semantic_substitution,train,0,0,0,0,0,0,0,0,0,0
nlu_0273_01,finance,domain_term_phonetic_semantic_substitution,train,0,0,0,0,0,0,0,0,0,0
nlu_0060_02,medical,domain_term_phonetic_semantic_substitution,train,0,0,0,0,0,0,0,0,0,0
nlu_0491_09,technology,domain_term_phonetic_semantic_substitution,train,0,0,0,0,0,0,0,1,1,2
nlu_0294_07,finance,domain_term_phonetic_semantic_substitution,train,0,0,0,0,0,0,0,0,0,0
nlu_0245_09,finance,domain_term_phonetic_semantic_substitution,train,0,0,0,0,0,0,0,0,1,1
nlu_0158_07,medical,domain_term_phonetic_semantic_substitution,validation,0,0,1,0,1,0,0,1,0,1
nlu_0501_05,general,domain_term_phonetic_semantic_substitution,train,0,0,0,0,0,0,0,0,0,0
nlu_0022_04,medical,domain_term_phonetic_semantic_substitution,train,0,0,0,0,0,0,1,1,1,3
nlu_0078_09,medical,domain_term_phonetic_semantic_substitution,train,0,0,0,0,0,0,0,0,0,0
nlu_0350_07,legal,domain_term_phonetic_semantic_substitution,validation,0,0,0,0,0,0,0,0,0,0
nlu_0471_06,technology,domain_term_phonetic_semantic_substitution,unseen,0,0,0,0,0,0,0,0,1,1
nlu_0205_04,finance,domain_term_phonetic_semantic_substitution,validation,0,0,1,0,1,0,0,0,0,0
nlu_0544_09,general,domain_term_phonetic_semantic_substitution,train,0,0,0,0,0,0,0,0,0,0
nlu_0157_08,medical,domain_term_phonetic_semantic_substitution,train,0,0,0,0,0,0,0,0,0,0
nlu_0017_06,medical,domain_term_phonetic_semantic_substitution,train,0,0,0,0,0,0,0,0,0,0
nlu_0357_07,legal,domain_term_phonetic_semantic_substitution,train,0,0,0,0,0,0,0,0,0,0
nlu_0460_01,technology,domain_term_phonetic_semantic_substitution,unseen,0,0,0,0,0,0,0,0,0,0
nlu_0202_04,finance,domain_term_phonetic_semantic_substitution,train,0,0,0,0,0,0,0,0,0,0
nlu_0028_04,medical,domain_term_phonetic_semantic_substitution,unseen,0,0,0,0,0,0,1,1,1,3
nlu_0387_01,legal,domain_term_phonetic_semantic_substitution,validation,0,0,0,1,1,0,0,0,1,1
nlu_0417_08,legal,domain_term_phonetic_semantic_substitution,train,0,0,0,0,0,0,0,0,0,0
nlu_0479_09,technology,domain_term_phonetic_semantic_substitution,train,0,0,0,0,0,0,0,0,0,0
nlu_0379_09,legal,domain_term_phonetic_semantic_substitution,train,0,0,0,0,0,0,0,1,1,2
nlu_0040_05,medical,domain_term_phonetic_semantic_substitution,train,0,0,0,0,0,0,0,0,0,0
nlu_0059_04,medical,domain_term_phonetic_semantic_substitution,validation,0,0,0,0,0,0,1,1,0,2
nlu_0599_01,general,domain_term_phonetic_semantic_substitution,train,0,0,0,0,0,0,0,0,0,0
nlu_0557_05,general,domain_term_phonetic_semantic_substitution,train,0,0,0,0,0,0,0,0,0,0
nlu_0575_01,general,domain_term_phonetic_semantic_substitution,unseen,0,0,0,0,0,0,0,0,0,0
nlu_0053_01,medical,domain_term_phonetic_semantic_substitution,train,0,0,0,0,0,0,1,1,1,3
nlu_0177_04,medical,domain_term_phonetic_semantic_substitution,train,0,0,0,0,0,0,0,0,0,0
nlu_0188_06,medical,domain_term_phonetic_semantic_substitution,train,0,0,0,0,0,1,1,1,1,4
nlu_0397_06,legal,domain_term_phonetic_semantic_substitution,train,0,0,0,0,0,0,0,0,1,1
nlu_0335_05,legal,domain_term_phonetic_semantic_substitution,train,0,0,0,0,0,0,0,0,0,0
nlu_0226_04,finance,domain_term_phonetic_semantic_substitution,unseen,0,0,1,1,2,0,0,1,1,2
nlu_0323_05,legal,domain_term_phonetic_semantic_substitution,unseen,0,0,0,0,0,0,0,0,0,0
nlu_0053_07,medical,domain_term_phonetic_semantic_substitution,train,0,0,0,0,0,0,0,0,0,0
nlu_0295_07,finance,domain_term_phonetic_semantic_substitution,train,0,0,0,0,0,0,0,0,0,0
nlu_0390_10,legal,domain_term_phonetic_semantic_substitution,unseen,0,0,0,0,0,0,0,0,0,0
nlu_0070_03,medical,domain_term_phonetic_semantic_substitution,train,0,0,0,0,0,0,0,0,0,0
nlu_0568_05,general,domain_term_phonetic_semantic_substitution,train,0,0,0,0,0,0,0,0,0,0
nlu_0364_04,legal,domain_term_phonetic_semantic_substitution,unseen,0,0,0,0,0,0,0,1,1,2
nlu_0106_01,medical,domain_term_phonetic_semantic_substitution,train,0,0,0,0,0,0,0,0,0,0
nlu_0060_01,medical,domain_term_phonetic_semantic_substitution,train,0,0,0,0,0,0,0,0,0,0
nlu_0052_10,medical,domain_term_phonetic_semantic_substitution,train,0,0,0,0,0,0,0,1,0,1
nlu_0339_01,legal,domain_term_phonetic_semantic_substitution,train,0,0,0,0,0,0,0,0,0,0
nlu_0368_07,legal,domain_term_phonetic_semantic_substitution,unseen,0,0,0,0,0,0,0,0,1,1
nlu_0494_08,technology,domain_term_deletion,train,0,0,0,0,0,0,0,0,0,0
nlu_0161_08,medical,domain_term_phonetic_semantic_substitution,train,0,0,0,0,0,0,0,0,1,1
nlu_0362_01,legal,domain_term_phonetic_semantic_substitution,train,0,0,0,0,0,0,0,0,0,0
nlu_0582_03,general,domain_term_phonetic_semantic_substitution,train,0,0,0,0,0,0,0,0,0,0
nlu_0181_10,medical,domain_term_phonetic_semantic_substitution,train,0,0,0,0,0,0,0,0,0,0
nlu_0080_02,medical,domain_term_phonetic_semantic_substitution,train,0,0,0,0,0,0,0,0,0,0
nlu_0080_03,medical,domain_term_phonetic_semantic_substitution,train,0,0,0,0,0,0,0,0,0,0
nlu_0493_08,technology,domain_term_phonetic_semantic_substitution,train,0,0,0,0,0,0,0,0,0,0
nlu_0186_06,medical,domain_term_phonetic_semantic_substitution,validation,0,0,1,1,2,1,1,1,1,4
nlu_0199_01,finance,domain_term_phonetic_semantic_substitution,train,0,0,0,0,0,0,0,0,0,0
nlu_0324_04,legal,domain_term_phonetic_semantic_substitution,unseen,0,0,0,1,1,0,0,1,1,2
nlu_0360_09,legal,domain_term_phonetic_semantic_substitution,train,0,0,0,0,0,0,0,0,0,0
nlu_0094_04,medical,domain_term_phonetic_semantic_substitution,train,0,0,0,0,0,0,1,1,0,2
nlu_0397_04,legal,domain_term_phonetic_semantic_substitution,train,0,0,0,0,0,0,0,0,0,0
nlu_0558_03,general,domain_term_phonetic_semantic_substitution,train,0,0,0,0,0,0,0,0,0,0
nlu_0418_10,legal,domain_term_phonetic_semantic_substitution,train,0,0,0,0,0,0,0,0,0,0
nlu_0403_07,legal,domain_term_phonetic_semantic_substitution,train,0,0,0,0,0,0,0,0,0,0
nlu_0412_07,legal,domain_term_phonetic_semantic_substitution,train,0,0,0,0,0,0,0,1,0,1
nlu_0099_09,medical,domain_term_phonetic_semantic_substitution,train,0,0,0,0,0,0,0,0,0,0
nlu_0463_07,technology,domain_term_phonetic_semantic_substitution,train,0,0,0,0,0,0,0,0,0,0
nlu_0346_04,legal,domain_term_phonetic_semantic_substitution,train,0,0,0,0,0,0,0,0,0,0
nlu_0548_08,general,domain_term_phonetic_semantic_substitution,validation,0,0,0,0,0,0,0,0,0,0
nlu_0378_09,legal,domain_term_phonetic_semantic_substitution,train,0,0,0,0,0,0,1,1,1,3
nlu_0535_10,general,domain_term_phonetic_semantic_substitution,train,0,0,0,0,0,0,0,0,0,0
nlu_0310_04,finance,domain_term_phonetic_semantic_substitution,train,0,0,0,0,0,0,0,0,0,0
nlu_0316_06,legal,domain_term_phonetic_semantic_substitution,train,0,0,0,0,0,0,0,1,1,2
nlu_0321_02,legal,domain_term_phonetic_semantic_substitution,validation,0,0,0,0,0,0,0,0,0,0
nlu_0484_10,technology,domain_term_phonetic_semantic_substitution,validation,0,0,1,0,1,0,0,1,0,1
nlu_0110_09,medical,domain_term_phonetic_semantic_substitution,train,0,0,0,0,0,0,0,0,0,0
nlu_0498_10,technology,domain_term_phonetic_semantic_substitution,train,0,0,0,0,0,0,0,0,0,0
nlu_0285_05,finance,domain_term_phonetic_semantic_substitution,unseen,0,0,0,0,0,0,0,0,0,0
nlu_0089_07,medical,domain_term_phonetic_semantic_substitution,train,0,0,0,0,0,0,1,1,0,2
nlu_0592_09,general,domain_term_phonetic_semantic_substitution,train,0,0,0,0,0,0,0,0,0,0
nlu_0466_02,technology,domain_term_phonetic_semantic_substitution,train,0,0,0,0,0,0,0,0,0,0
nlu_0052_06,medical,domain_term_phonetic_semantic_substitution,train,0,0,0,0,0,0,1,1,1,3
nlu_0579_05,general,domain_term_phonetic_semantic_substitution,train,0,0,0,0,0,0,0,0,0,0
nlu_0146_04,medical,domain_term_phonetic_semantic_substitution,train,0,0,0,0,0,0,0,0,0,0
nlu_0356_04,legal,domain_term_phonetic_semantic_substitution,train,0,0,0,0,0,0,0,0,0,0
nlu_0361_10,legal,domain_term_phonetic_semantic_substitution,train,0,0,0,0,0,0,0,0,0,0
nlu_0251_07,finance,domain_term_phonetic_semantic_substitution,unseen,0,0,1,1,2,0,0,1,0,1
nlu_0300_05,finance,domain_term_phonetic_semantic_substitution,validation,0,0,0,0,0,0,0,0,0,0
nlu_0400_10,legal,domain_term_phonetic_semantic_substitution,train,0,0,0,0,0,0,0,0,0,0
nlu_0569_09,general,domain_term_phonetic_semantic_substitution,train,0,0,0,0,0,0,0,0,0,0
nlu_0091_07,medical,domain_term_phonetic_semantic_substitution,train,0,0,0,0,0,0,1,1,0,2
nlu_0003_09,medical,domain_term_phonetic_semantic_substitution,train,0,0,0,0,0,0,0,0,0,0
nlu_0251_08,finance,domain_term_phonetic_semantic_substitution,unseen,0,0,0,0,0,0,0,0,0,0
nlu_0243_09,finance,domain_term_phonetic_semantic_substitution,train,0,0,0,0,0,0,0,1,1,2
nlu_0077_03,medical,domain_term_phonetic_semantic_substitution,train,0,0,0,0,0,0,0,0,0,0
nlu_0375_08,legal,domain_term_phonetic_semantic_substitution,train,0,0,0,0,0,0,0,0,0,0
nlu_0029_05,medical,domain_term_phonetic_semantic_substitution,train,0,0,0,0,0,0,0,1,1,2
nlu_0069_07,medical,domain_term_phonetic_semantic_substitution,train,0,0,0,0,0,0,0,0,0,0
nlu_0236_04,finance,domain_term_phonetic_semantic_substitution,train,0,0,0,0,0,0,0,0,0,0
nlu_0483_06,technology,domain_term_phonetic_semantic_substitution,train,0,0,0,0,0,0,0,0,0,0
nlu_0003_02,medical,domain_term_phonetic_semantic_substitution,train,0,0,0,0,0,0,0,0,0,0
nlu_0276_03,finance,domain_term_phonetic_semantic_substitution,validation,0,0,0,0,0,0,0,0,0,0
nlu_0089_06,medical,domain_term_phonetic_semantic_substitution,train,0,0,0,0,0,0,0,0,0,0
nlu_0092_08,medical,domain_term_phonetic_semantic_substitution,validation,0,0,0,0,0,0,1,0,0,1
nlu_0105_01,medical,domain_term_phonetic_semantic_substitution,unseen,0,0,0,0,0,0,0,0,1,1
nlu_0127_06,medical,domain_term_phonetic_semantic_substitution,unseen,0,0,0,1,1,0,0,0,1,1
nlu_0519_08,general,domain_term_phonetic_semantic_substitution,train,0,0,0,0,0,0,0,0,0,0
nlu_0028_08,medical,domain_term_phonetic_semantic_substitution,unseen,0,0,0,0,0,0,1,1,1,3
nlu_0209_05,finance,domain_term_phonetic_semantic_substitution,train,0,0,0,0,0,0,0,0,0,0
nlu_0125_06,medical,domain_term_phonetic_semantic_substitution,train,0,0,0,0,0,0,0,0,0,0
nlu_0239_03,finance,domain_term_phonetic_semantic_substitution,unseen,0,0,0,0,0,0,0,0,0,0
nlu_0058_02,medical,domain_term_phonetic_semantic_substitution,unseen,0,0,0,0,0,0,0,0,0,0
nlu_0144_06,medical,domain_term_phonetic_semantic_substitution,train,0,0,0,0,0,0,0,0,1,1
nlu_0391_03,legal,domain_term_phonetic_semantic_substitution,validation,0,0,0,0,0,0,0,0,1,1
nlu_0125_08,medical,domain_term_phonetic_semantic_substitution,train,0,0,0,0,0,0,1,0,0,1
nlu_0353_07,legal,domain_term_phonetic_semantic_substitution,unseen,0,0,0,0,0,0,0,0,0,0
nlu_0252_05,finance,domain_term_phonetic_semantic_substitution,train,0,0,0,0,0,0,0,0,0,0
nlu_0101_08,medical,domain_term_phonetic_semantic_substitution,train,0,0,0,0,0,0,0,0,0,0
nlu_0520_03,general,domain_term_phonetic_semantic_substitution,validation,0,0,0,0,0,0,0,0,0,0
nlu_0207_05,finance,domain_term_phonetic_semantic_substitution,train,0,0,0,0,0,0,0,0,0,0
nlu_0575_09,general,domain_term_phonetic_semantic_substitution,unseen,0,0,0,0,0,0,0,0,0,0
nlu_0170_01,medical,domain_term_phonetic_semantic_substitution,train,0,0,0,0,0,0,0,0,0,0
nlu_0559_10,general,domain_term_phonetic_semantic_substitution,unseen,0,0,0,0,0,0,0,0,0,0
nlu_0199_06,finance,domain_term_phonetic_semantic_substitution,train,0,0,0,0,0,0,0,0,0,0
nlu_0030_05,medical,domain_term_phonetic_semantic_substitution,validation,0,0,0,0,0,0,1,1,1,3
nlu_0155_08,medical,domain_term_phonetic_semantic_substitution,train,0,0,0,0,0,0,0,0,0,0
nlu_0202_03,finance,domain_term_phonetic_semantic_substitution,train,0,0,0,0,0,0,0,0,0,0
nlu_0059_09,medical,domain_term_phonetic_semantic_substitution,validation,0,0,0,0,0,0,0,0,0,0
nlu_0333_10,legal,domain_term_phonetic_semantic_substitution,unseen,0,0,0,0,0,0,0,1,1,2
nlu_0241_04,finance,domain_term_phonetic_semantic_substitution,train,0,0,0,0,0,0,0,0,0,0
nlu_0213_10,finance,domain_term_phonetic_semantic_substitution,train,0,0,0,0,0,0,0,0,0,0
nlu_0400_09,legal,domain_term_phonetic_semantic_substitution,train,0,0,0,0,0,0,0,0,0,0
nlu_0526_01,general,domain_term_phonetic_semantic_substitution,train,0,0,0,0,0,0,0,0,0,0
nlu_0375_02,legal,domain_term_phonetic_semantic_substitution,train,0,0,0,0,0,0,0,0,0,0
nlu_0351_09,legal,domain_term_phonetic_semantic_substitution,train,0,0,0,0,0,0,0,0,0,0
nlu_0272_10,finance,domain_term_phonetic_semantic_substitution,unseen,0,0,0,0,0,0,0,0,0,0
nlu_0547_02,general,domain_term_phonetic_semantic_substitution,train,0,0,0,0,0,0,0,0,0,0
nlu_0547_08,general,domain_term_phonetic_semantic_substitution,train,0,0,0,0,0,0,0,0,0,0
nlu_0056_07,medical,domain_term_phonetic_semantic_substitution,train,0,0,0,0,0,0,0,0,0,0
nlu_0247_10,finance,domain_term_phonetic_semantic_substitution,train,0,0,0,0,0,0,0,0,0,0
nlu_0374_09,legal,domain_term_phonetic_semantic_substitution,unseen,0,0,0,0,0,0,1,1,1,3
nlu_0429_07,legal,domain_term_phonetic_semantic_substitution,train,0,0,0,0,0,0,0,0,1,1
nlu_0494_03,technology,domain_term_phonetic_semantic_substitution,train,0,0,0,0,0,0,0,0,0,0
nlu_0172_07,medical,domain_term_phonetic_semantic_substitution,train,0,0,0,0,0,0,0,0,1,1
nlu_0261_05,finance,domain_term_phonetic_semantic_substitution,validation,0,0,0,0,0,0,0,0,0,0
nlu_0495_04,technology,domain_term_phonetic_semantic_substitution,train,0,0,0,0,0,0,0,0,0,0
nlu_0171_05,medical,domain_term_phonetic_semantic_substitution,train,0,0,0,0,0,0,0,0,0,0
nlu_0214_10,finance,domain_term_phonetic_semantic_substitution,train,0,0,0,0,0,0,0,0,1,1
nlu_0324_10,legal,domain_term_phonetic_semantic_substitution,unseen,0,0,0,0,0,0,0,0,0,0
nlu_0239_04,finance,domain_term_phonetic_semantic_substitution,unseen,0,0,1,1,2,0,0,1,1,2
nlu_0432_02,legal,domain_term_phonetic_semantic_substitution,train,0,0,0,0,0,0,0,0,0,0
nlu_0129_06,medical,domain_term_phonetic_semantic_substitution,validation,0,0,0,0,0,0,0,0,0,0
nlu_0511_06,general,domain_term_phonetic_semantic_substitution,train,0,0,0,0,0,0,0,0,0,0
nlu_0536_08,general,domain_term_phonetic_semantic_substitution,train,0,0,0,0,0,0,0,0,0,0
nlu_0394_01,legal,domain_term_phonetic_semantic_substitution,validation,0,0,0,0,0,0,0,1,1,2
nlu_0454_08,technology,domain_term_phonetic_semantic_substitution,validation,0,0,0,0,0,0,0,0,0,0
nlu_0160_02,medical,domain_term_phonetic_semantic_substitution,unseen,0,0,0,0,0,0,0,0,0,0
nlu_0532_01,general,domain_term_phonetic_semantic_substitution,train,0,0,0,0,0,0,0,0,0,0
nlu_0217_03,finance,domain_term_phonetic_semantic_substitution,unseen,0,0,0,0,0,0,0,1,1,2
nlu_0240_07,finance,domain_term_phonetic_semantic_substitution,validation,0,0,0,0,0,0,0,0,0,0
nlu_0032_08,medical,domain_term_phonetic_semantic_substitution,train,0,0,0,0,0,0,1,1,1,3
nlu_0539_04,general,domain_term_phonetic_semantic_substitution,train,0,0,0,0,0,0,0,0,0,0
nlu_0312_02,finance,domain_term_phonetic_semantic_substitution,validation,0,0,0,0,0,0,0,0,0,0
nlu_0404_07,legal,domain_term_phonetic_semantic_substitution,train,0,0,0,0,0,0,0,0,0,0
nlu_0080_06,medical,domain_term_phonetic_semantic_substitution,train,0,0,0,0,0,0,0,0,0,0
nlu_0303_01,finance,domain_term_phonetic_semantic_substitution,train,0,0,0,0,0,0,0,0,0,0
nlu_0172_02,medical,domain_term_phonetic_semantic_substitution,train,0,0,0,0,0,0,0,0,0,0
nlu_0339_08,legal,domain_term_phonetic_semantic_substitution,train,0,0,0,0,0,0,0,0,0,0
nlu_0004_07,medical,domain_term_phonetic_semantic_substitution,train,0,0,0,0,0,0,0,0,0,0
nlu_0092_04,medical,domain_term_phonetic_semantic_substitution,validation,0,0,1,1,2,0,1,1,0,2
nlu_0398_03,legal,domain_term_phonetic_semantic_substitution,train,0,0,0,0,0,0,0,0,1,1
nlu_0414_04,legal,domain_term_phonetic_semantic_substitution,validation,0,0,1,0,1,0,0,1,0,1
nlu_0098_05,medical,domain_term_phonetic_semantic_substitution,train,0,0,0,0,0,0,0,1,0,1
nlu_0099_04,medical,domain_term_phonetic_semantic_substitution,train,0,0,0,0,0,0,1,1,1,3
nlu_0521_10,general,domain_term_phonetic_semantic_substitution,train,0,0,0,0,0,0,0,0,0,0
nlu_0142_09,medical,domain_term_phonetic_semantic_substitution,train,0,0,0,0,0,0,0,0,0,0
nlu_0157_01,medical,domain_term_phonetic_semantic_substitution,train,0,0,0,0,0,0,0,0,0,0
nlu_0414_06,legal,domain_term_phonetic_semantic_substitution,validation,0,0,0,0,0,0,0,1,0,1
nlu_0427_06,legal,domain_term_phonetic_semantic_substitution,train,0,0,0,0,0,0,0,0,0,0
nlu_0136_06,medical,domain_term_phonetic_semantic_substitution,train,0,0,0,0,0,0,0,0,0,0
nlu_0570_02,general,domain_term_phonetic_semantic_substitution,train,0,0,0,0,0,0,0,0,0,0
nlu_0099_08,medical,domain_term_phonetic_semantic_substitution,train,0,0,0,0,0,0,1,1,0,2
nlu_0269_03,finance,domain_term_phonetic_semantic_substitution,train,0,0,0,0,0,0,0,0,1,1
nlu_0165_01,medical,domain_term_phonetic_semantic_substitution,train,0,0,0,0,0,0,0,1,1,2
nlu_0130_01,medical,domain_term_phonetic_semantic_substitution,train,0,0,0,0,0,0,0,0,0,0
nlu_0369_02,legal,domain_term_phonetic_semantic_substitution,validation,0,0,0,0,0,0,0,0,0,0
nlu_0139_01,medical,domain_term_phonetic_semantic_substitution,train,0,0,0,0,0,0,0,0,0,0
nlu_0194_04,finance,domain_term_phonetic_semantic_substitution,train,0,0,0,0,0,0,0,0,0,0
nlu_0505_06,general,domain_term_phonetic_semantic_substitution,train,0,0,0,0,0,0,0,0,0,0
nlu_0317_01,legal,domain_term_phonetic_semantic_substitution,train,0,0,0,0,0,0,0,0,0,0
nlu_0204_01,finance,domain_term_phonetic_semantic_substitution,unseen,0,0,0,0,0,0,0,0,0,0
nlu_0090_03,medical,domain_term_phonetic_semantic_substitution,unseen,0,0,0,0,0,0,0,0,0,0
nlu_0407_10,legal,domain_term_phonetic_semantic_substitution,train,0,0,0,0,0,0,0,0,0,0
nlu_0426_06,legal,domain_term_phonetic_semantic_substitution,train,0,0,0,0,0,0,0,1,1,2
nlu_0001_03,medical,domain_term_phonetic_semantic_substitution,validation,0,0,0,0,0,0,0,0,0,0
nlu_0211_10,finance,domain_term_phonetic_semantic_substitution,train,0,0,0,0,0,0,0,0,0,0
nlu_0085_10,medical,domain_term_phonetic_semantic_substitution,train,0,0,0,0,0,0,0,0,0,0
nlu_0274_08,finance,domain_term_phonetic_semantic_substitution,unseen,0,0,0,0,0,0,0,0,0,0
nlu_0247_07,finance,domain_term_phonetic_semantic_substitution,train,0,0,0,0,0,0,0,0,0,0
nlu_0192_05,finance,domain_term_phonetic_semantic_substitution,validation,0,0,0,0,0,0,0,0,0,0
nlu_0160_07,medical,domain_term_phonetic_semantic_substitution,unseen,0,0,1,0,1,0,0,1,0,1
nlu_0192_04,finance,domain_term_phonetic_semantic_substitution,validation,0,0,0,0,0,0,0,0,0,0
nlu_0566_03,general,domain_term_phonetic_semantic_substitution,unseen,0,0,0,0,0,0,0,0,0,0
nlu_0274_07,finance,domain_term_phonetic_semantic_substitution,unseen,0,0,0,0,0,0,0,0,0,0
nlu_0073_07,medical,domain_term_phonetic_semantic_substitution,train,0,0,0,0,0,0,0,1,1,2
nlu_0006_04,medical,domain_term_phonetic_semantic_substitution,validation,0,0,0,0,0,0,1,1,1,3
nlu_0180_07,medical,domain_term_phonetic_semantic_substitution,train,0,0,0,0,0,0,0,0,1,1
nlu_0385_06,legal,domain_term_phonetic_semantic_substitution,validation,0,0,0,0,0,0,0,1,1,2
nlu_0256_04,finance,domain_term_phonetic_semantic_substitution,train,0,0,0,0,0,0,0,0,0,0
nlu_0281_01,finance,domain_term_phonetic_semantic_substitution,train,0,0,0,0,0,0,0,0,0,0
nlu_0094_07,medical,domain_term_phonetic_semantic_substitution,train,0,0,0,0,0,0,1,1,0,2
nlu_0495_02,technology,domain_term_phonetic_semantic_substitution,train,0,0,0,0,0,0,0,0,0,0
nlu_0083_05,medical,domain_term_phonetic_semantic_substitution,validation,0,0,0,0,0,0,0,0,0,0
nlu_0433_02,legal,domain_term_phonetic_semantic_substitution,unseen,0,0,0,0,0,0,0,0,0,0
nlu_0341_02,legal,domain_term_phonetic_semantic_substitution,train,0,0,0,0,0,0,0,0,0,0
nlu_0139_10,medical,domain_term_phonetic_semantic_substitution,train,0,0,0,0,0,0,0,0,0,0
nlu_0357_05,legal,domain_term_phonetic_semantic_substitution,train,0,0,0,0,0,0,0,0,0,0
nlu_0089_05,medical,domain_term_phonetic_semantic_substitution,train,0,0,0,0,0,0,1,0,0,1
nlu_0187_09,medical,domain_term_phonetic_semantic_substitution,train,0,0,0,0,0,0,0,0,0,0
nlu_0002_01,medical,domain_term_phonetic_semantic_substitution,validation,0,0,0,0,0,0,0,0,0,0
nlu_0342_06,legal,domain_term_phonetic_semantic_substitution,train,0,0,0,0,0,0,0,0,0,0
nlu_0147_04,medical,domain_term_phonetic_semantic_substitution,unseen,0,0,0,0,0,0,0,1,0,1
nlu_0081_07,medical,domain_term_phonetic_semantic_substitution,unseen,0,0,0,0,0,0,0,0,1,1
nlu_0472_06,technology,domain_term_phonetic_semantic_substitution,validation,0,0,0,0,0,0,0,1,1,2
nlu_0407_09,legal,domain_term_phonetic_semantic_substitution,train,0,0,0,0,0,0,0,0,1,1
nlu_0211_09,finance,domain_term_phonetic_semantic_substitution,train,0,0,0,0,0,0,0,0,0,0
nlu_0507_03,general,domain_term_phonetic_semantic_substitution,validation,0,0,0,0,0,0,0,0,0,0
nlu_0595_07,general,domain_term_phonetic_semantic_substitution,unseen,0,0,0,0,0,0,0,0,0,0
nlu_0224_05,finance,domain_term_phonetic_semantic_substitution,unseen,0,0,0,0,0,0,0,0,0,0
nlu_0097_04,medical,domain_term_phonetic_semantic_substitution,train,0,0,0,0,0,0,1,1,1,3
nlu_0450_05,technology,domain_term_phonetic_semantic_substitution,train,0,0,0,0,0,0,0,0,0,0
nlu_0264_03,finance,domain_term_phonetic_semantic_substitution,train,0,0,0,0,0,0,0,0,0,0
nlu_0071_05,medical,domain_term_phonetic_semantic_substitution,validation,0,0,0,0,0,0,0,0,0,0
nlu_0044_02,medical,domain_term_phonetic_semantic_substitution,train,0,0,0,0,0,0,0,0,0,0
nlu_0439_09,technology,domain_term_phonetic_semantic_substitution,train,0,0,0,0,0,0,0,0,0,0
nlu_0015_06,medical,domain_term_phonetic_semantic_substitution,train,0,0,0,0,0,0,0,0,0,0
nlu_0204_04,finance,domain_term_phonetic_semantic_substitution,unseen,0,0,0,0,0,0,0,0,0,0
nlu_0504_01,general,domain_term_phonetic_semantic_substitution,train,0,0,0,0,0,0,0,0,0,0
nlu_0117_06,medical,domain_term_phonetic_semantic_substitution,train,0,0,0,0,0,0,0,0,0,0
nlu_0351_01,legal,domain_term_phonetic_semantic_substitution,train,0,0,0,0,0,0,0,0,0,0
nlu_0206_01,finance,domain_term_phonetic_semantic_substitution,train,0,0,0,0,0,0,0,0,0,0
nlu_0377_01,legal,domain_term_phonetic_semantic_substitution,train,0,0,0,0,0,0,0,0,0,0
nlu_0263_05,finance,domain_term_phonetic_semantic_substitution,train,0,0,0,0,0,0,0,0,0,0
nlu_0449_05,technology,domain_term_phonetic_semantic_substitution,validation,0,0,0,0,0,0,0,0,0,0
nlu_0444_06,technology,domain_term_phonetic_semantic_substitution,train,0,0,0,0,0,0,0,0,0,0
nlu_0478_09,technology,domain_term_phonetic_semantic_substitution,train,0,0,0,0,0,0,0,0,0,0
nlu_0465_09,technology,domain_term_phonetic_semantic_substitution,unseen,0,0,0,0,0,0,0,0,0,0
nlu_0437_02,legal,domain_term_phonetic_semantic_substitution,train,0,0,0,0,0,0,0,0,0,0
nlu_0243_05,finance,domain_term_phonetic_semantic_substitution,train,0,0,0,0,0,0,0,0,0,0
nlu_0127_03,medical,domain_term_phonetic_semantic_substitution,unseen,0,0,0,0,0,0,0,0,0,0
nlu_0178_02,medical,domain_term_phonetic_semantic_substitution,train,0,0,0,0,0,0,0,0,0,0
nlu_0352_02,legal,domain_term_phonetic_semantic_substitution,train,0,0,0,0,0,0,0,0,0,0
nlu_0028_02,medical,domain_term_phonetic_semantic_substitution,unseen,0,0,0,0,0,0,0,1,1,2
nlu_0025_05,medical,domain_term_phonetic_semantic_substitution,validation,0,0,0,0,0,0,1,1,1,3
nlu_0583_01,general,domain_term_phonetic_semantic_substitution,train,0,0,0,0,0,0,0,0,0,0
nlu_0458_03,technology,domain_term_phonetic_semantic_substitution,train,0,0,0,0,0,0,0,0,0,0
nlu_0204_03,finance,domain_term_phonetic_semantic_substitution,unseen,0,0,0,0,0,0,0,0,0,0
nlu_0475_01,technology,domain_term_phonetic_semantic_substitution,train,0,0,0,0,0,0,0,0,0,0
nlu_0082_04,medical,domain_term_phonetic_semantic_substitution,unseen,0,0,1,0,1,0,1,1,1,3
nlu_0382_01,legal,domain_term_phonetic_semantic_substitution,validation,0,0,0,0,0,0,0,0,0,0
nlu_0487_09,technology,domain_term_phonetic_semantic_substitution,train,0,0,0,0,0,0,0,0,1,1
nlu_0181_05,medical,domain_term_phonetic_semantic_substitution,train,0,0,0,0,0,0,0,0,0,0
nlu_0435_07,legal,domain_term_phonetic_semantic_substitution,train,0,0,0,0,0,0,0,0,0,0
nlu_0247_02,finance,domain_term_phonetic_semantic_substitution,train,0,0,0,0,0,0,0,0,0,0
nlu_0055_06,medical,domain_term_phonetic_semantic_substitution,validation,0,0,0,0,0,0,1,1,1,3
nlu_0325_02,legal,domain_term_phonetic_semantic_substitution,train,0,0,0,0,0,0,0,0,0,0
nlu_0074_09,medical,domain_term_phonetic_semantic_substitution,unseen,0,0,0,1,1,0,0,1,1,2
nlu_0032_01,medical,domain_term_phonetic_semantic_substitution,train,0,0,0,0,0,0,1,1,1,3
nlu_0353_02,legal,domain_term_phonetic_semantic_substitution,unseen,0,0,0,0,0,0,0,0,0,0
nlu_0114_02,medical,domain_term_phonetic_semantic_substitution,train,0,0,0,0,0,0,0,0,0,0
nlu_0591_07,general,domain_term_phonetic_semantic_substitution,unseen,0,0,0,0,0,0,0,0,0,0
nlu_0412_02,legal,domain_term_phonetic_semantic_substitution,train,0,0,0,0,0,0,0,0,0,0
nlu_0277_10,finance,domain_term_phonetic_semantic_substitution,unseen,0,0,0,0,0,0,0,0,0,0
nlu_0093_01,medical,domain_term_phonetic_semantic_substitution,train,0,0,0,0,0,0,0,0,0,0
nlu_0359_08,legal,domain_term_phonetic_semantic_substitution,train,0,0,0,0,0,0,0,0,0,0
nlu_0396_10,legal,domain_term_phonetic_semantic_substitution,train,0,0,0,0,0,0,0,0,0,0
nlu_0004_09,medical,domain_term_phonetic_semantic_substitution,train,0,0,0,1,1,0,0,0,1,1
nlu_0446_10,technology,domain_term_phonetic_semantic_substitution,validation,1,0,0,0,1,1,0,0,0,1
nlu_0428_09,legal,domain_term_phonetic_semantic_substitution,train,0,0,0,0,0,0,0,0,1,1
nlu_0299_04,finance,domain_term_phonetic_semantic_substitution,validation,0,0,1,0,1,0,0,1,0,1
nlu_0599_06,general,domain_term_phonetic_semantic_substitution,train,0,0,0,0,0,0,0,0,0,0
nlu_0267_08,finance,domain_term_phonetic_semantic_substitution,train,0,0,0,0,0,0,0,0,0,0
nlu_0323_04,legal,domain_term_phonetic_semantic_substitution,unseen,0,0,0,0,0,0,0,1,1,2
nlu_0119_03,medical,domain_term_phonetic_semantic_substitution,train,0,0,0,0,0,0,0,0,0,0
nlu_0062_05,medical,domain_term_phonetic_semantic_substitution,train,0,0,0,0,0,0,0,0,0,0
nlu_0589_10,general,domain_term_phonetic_semantic_substitution,train,0,0,0,0,0,0,0,0,0,0
nlu_0147_07,medical,domain_term_phonetic_semantic_substitution,unseen,0,0,0,0,0,0,0,1,0,1
nlu_0450_08,technology,domain_term_phonetic_semantic_substitution,train,0,0,0,0,0,0,0,0,0,0
nlu_0305_03,finance,domain_term_phonetic_semantic_substitution,train,0,0,0,0,0,0,0,0,0,0
nlu_0094_05,medical,domain_term_phonetic_semantic_substitution,train,0,0,0,0,0,0,0,0,0,0
nlu_0242_10,finance,domain_term_phonetic_semantic_substitution,train,0,0,0,0,0,0,0,0,0,0
nlu_0542_02,general,domain_term_phonetic_semantic_substitution,train,0,0,0,0,0,0,0,0,0,0
nlu_0486_07,technology,domain_term_phonetic_semantic_substitution,validation,0,0,0,1,1,0,0,0,1,1
nlu_0083_07,medical,domain_term_phonetic_semantic_substitution,validation,0,0,0,0,0,0,0,0,0,0
nlu_0153_02,medical,domain_term_phonetic_semantic_substitution,validation,0,0,0,0,0,0,0,0,0,0
nlu_0294_01,finance,domain_term_phonetic_semantic_substitution,train,0,0,0,0,0,0,0,0,0,0
nlu_0424_03,legal,domain_term_phonetic_semantic_substitution,train,0,0,0,0,0,0,0,0,0,0
nlu_0063_09,medical,domain_term_phonetic_semantic_substitution,train,0,0,0,0,0,0,0,1,0,1
nlu_0444_01,technology,domain_term_phonetic_semantic_substitution,train,0,0,0,0,0,0,0,0,0,0
nlu_0386_04,legal,domain_term_phonetic_semantic_substitution,train,0,0,0,0,0,0,0,0,0,0
nlu_0040_01,medical,domain_term_phonetic_semantic_substitution,train,0,0,0,0,0,0,0,0,0,0
nlu_0435_06,legal,domain_term_phonetic_semantic_substitution,train,0,0,0,0,0,0,0,1,1,2
nlu_0586_01,general,domain_term_phonetic_semantic_substitution,unseen,0,0,0,0,0,0,0,0,0,0
nlu_0400_01,legal,domain_term_phonetic_semantic_substitution,train,0,0,0,0,0,0,0,0,0,0
nlu_0041_01,medical,domain_term_phonetic_semantic_substitution,train,0,0,0,0,0,0,0,0,0,0
nlu_0336_10,legal,domain_term_phonetic_semantic_substitution,train,0,0,0,0,0,0,1,1,0,2
nlu_0005_07,medical,domain_term_phonetic_semantic_substitution,train,0,0,0,0,0,0,0,0,0,0
nlu_0576_04,general,domain_term_phonetic_semantic_substitution,train,0,0,0,0,0,0,0,0,0,0
nlu_0591_10,general,domain_term_phonetic_semantic_substitution,unseen,0,0,0,0,0,0,0,0,0,0
nlu_0365_03,legal,domain_term_phonetic_semantic_substitution,train,0,0,0,0,0,0,0,0,0,0
nlu_0373_07,legal,domain_term_phonetic_semantic_substitution,train,0,0,0,0,0,0,1,0,0,1
nlu_0583_05,general,domain_term_phonetic_semantic_substitution,train,0,0,0,0,0,0,0,0,0,0
nlu_0243_02,finance,domain_term_phonetic_semantic_substitution,train,0,0,0,0,0,0,0,0,0,0
nlu_0176_01,medical,domain_term_phonetic_semantic_substitution,unseen,0,0,1,0,1,0,0,1,0,1
nlu_0580_09,general,domain_term_phonetic_semantic_substitution,train,0,0,0,0,0,0,0,0,0,0
nlu_0491_08,technology,domain_term_phonetic_semantic_substitution,train,0,0,0,0,0,0,0,1,1,2
nlu_0407_03,legal,domain_term_phonetic_semantic_substitution,train,0,0,0,0,0,0,0,0,0,0
nlu_0034_09,medical,domain_term_phonetic_semantic_substitution,train,0,0,0,0,0,0,0,0,0,0
nlu_0022_06,medical,domain_term_phonetic_semantic_substitution,train,0,0,0,0,0,0,0,0,0,0
nlu_0367_04,legal,domain_term_phonetic_semantic_substitution,train,0,0,0,0,0,0,0,0,1,1
nlu_0135_02,medical,domain_term_phonetic_semantic_substitution,validation,0,0,0,0,0,0,0,0,0,0
nlu_0549_05,general,domain_term_phonetic_semantic_substitution,train,0,0,0,0,0,0,0,0,0,0
nlu_0390_05,legal,domain_term_phonetic_semantic_substitution,unseen,0,0,0,0,0,0,0,0,0,0
nlu_0365_01,legal,domain_term_phonetic_semantic_substitution,train,0,0,0,0,0,0,0,0,0,0
nlu_0033_10,medical,domain_term_phonetic_semantic_substitution,unseen,0,0,0,0,0,0,0,1,0,1
nlu_0301_05,finance,domain_term_phonetic_semantic_substitution,unseen,0,0,0,0,0,0,0,0,0,0
nlu_0574_02,general,domain_term_phonetic_semantic_substitution,train,0,0,0,0,0,0,0,0,0,0
nlu_0312_06,finance,domain_term_phonetic_semantic_substitution,validation,0,0,1,0,1,0,0,1,0,1
nlu_0581_02,general,domain_term_phonetic_semantic_substitution,train,0,0,0,0,0,0,0,0,0,0
nlu_0233_03,finance,domain_term_phonetic_semantic_substitution,validation,0,0,0,0,0,0,0,0,0,0
nlu_0420_08,legal,domain_term_phonetic_semantic_substitution,train,0,0,0,0,0,0,0,0,0,0
nlu_0355_10,legal,domain_term_phonetic_semantic_substitution,train,0,0,0,0,0,0,0,0,0,0
nlu_0146_09,medical,domain_term_phonetic_semantic_substitution,train,0,0,0,0,0,0,0,0,0,0
nlu_0018_02,medical,domain_term_phonetic_semantic_substitution,train,0,0,0,0,0,0,1,1,0,2
nlu_0421_04,legal,domain_term_phonetic_semantic_substitution,train,0,0,0,0,0,0,0,0,0,0
nlu_0503_01,general,domain_term_phonetic_semantic_substitution,train,0,0,0,0,0,0,0,0,0,0
nlu_0357_10,legal,domain_term_phonetic_semantic_substitution,train,0,0,0,0,0,0,0,0,0,0
nlu_0423_07,legal,domain_term_phonetic_semantic_substitution,train,0,0,0,0,0,0,0,0,0,0
nlu_0489_09,technology,domain_term_phonetic_semantic_substitution,train,0,0,0,0,0,0,0,0,0,0
nlu_0494_07,technology,domain_term_phonetic_semantic_substitution,train,0,0,0,0,0,0,0,0,0,0
nlu_0094_09,medical,domain_term_phonetic_semantic_substitution,train,0,0,0,0,0,0,0,0,0,0
nlu_0007_01,medical,domain_term_phonetic_semantic_substitution,unseen,0,0,0,0,0,0,0,0,0,0
nlu_0125_01,medical,domain_term_phonetic_semantic_substitution,train,0,0,0,0,0,0,0,0,0,0
nlu_0501_10,general,domain_term_phonetic_semantic_substitution,train,0,0,0,0,0,0,0,0,0,0
nlu_0213_01,finance,domain_term_phonetic_semantic_substitution,train,0,0,0,0,0,0,0,1,1,2
nlu_0153_05,medical,domain_term_phonetic_semantic_substitution,validation,0,0,0,0,0,0,0,0,0,0
nlu_0016_04,medical,domain_term_phonetic_semantic_substitution,train,0,0,0,0,0,0,1,1,1,3
nlu_0049_02,medical,domain_term_phonetic_semantic_substitution,train,0,0,0,0,0,0,1,1,1,3
nlu_0447_01,technology,domain_term_phonetic_semantic_substitution,train,0,0,0,0,0,0,0,0,0,0
nlu_0393_01,legal,domain_term_phonetic_semantic_substitution,train,0,0,0,0,0,0,1,1,1,3
nlu_0177_03,medical,domain_term_phonetic_semantic_substitution,train,0,0,0,0,0,0,0,0,0,0
nlu_0076_01,medical,domain_term_phonetic_semantic_substitution,train,0,0,0,0,0,0,0,0,0,0
nlu_0179_06,medical,domain_term_phonetic_semantic_substitution,train,0,0,0,0,0,0,1,1,1,3
nlu_0451_02,technology,domain_term_phonetic_semantic_substitution,validation,0,0,0,0,0,0,0,0,0,0
nlu_0272_02,finance,domain_term_phonetic_semantic_substitution,unseen,0,0,0,0,0,0,0,0,0,0
nlu_0485_06,technology,domain_term_phonetic_semantic_substitution,train,0,0,0,0,0,0,0,0,0,0
nlu_0420_04,legal,domain_term_phonetic_semantic_substitution,train,0,0,0,0,0,0,0,0,0,0
nlu_0134_04,medical,domain_term_phonetic_semantic_substitution,train,0,0,0,0,0,0,0,0,0,0
nlu_0534_06,general,domain_term_phonetic_semantic_substitution,validation,0,0,0,0,0,0,0,0,0,0
nlu_0286_05,finance,domain_term_phonetic_semantic_substitution,train,0,0,0,0,0,0,0,0,0,0
nlu_0019_07,medical,domain_term_phonetic_semantic_substitution,train,0,0,0,0,0,0,1,1,0,2
nlu_0114_07,medical,domain_term_phonetic_semantic_substitution,train,0,0,0,0,0,0,0,0,0,0
nlu_0206_09,finance,domain_term_phonetic_semantic_substitution,train,0,0,0,0,0,0,0,0,0,0
nlu_0503_03,general,domain_term_phonetic_semantic_substitution,train,0,0,0,0,0,0,0,0,0,0
nlu_0015_09,medical,domain_term_phonetic_semantic_substitution,train,0,0,0,0,0,0,0,0,0,0
nlu_0413_05,legal,domain_term_phonetic_semantic_substitution,train,0,0,0,0,0,0,0,0,0,0
nlu_0337_04,legal,domain_term_phonetic_semantic_substitution,train,0,0,0,0,0,0,0,1,1,2
nlu_0287_07,finance,domain_term_phonetic_semantic_substitution,train,0,0,0,0,0,0,0,0,0,0
nlu_0378_07,legal,domain_term_phonetic_semantic_substitution,train,0,0,0,0,0,0,0,0,0,0
nlu_0139_07,medical,domain_term_phonetic_semantic_substitution,train,0,0,0,0,0,0,0,0,0,0
nlu_0568_02,general,domain_term_phonetic_semantic_substitution,train,0,0,0,0,0,0,0,0,0,0
nlu_0496_10,technology,domain_term_phonetic_semantic_substitution,train,0,0,0,0,0,0,0,0,0,0
nlu_0363_10,legal,domain_term_phonetic_semantic_substitution,train,0,0,0,0,0,0,0,0,0,0
nlu_0540_07,general,domain_term_phonetic_semantic_substitution,train,0,0,0,0,0,0,0,0,0,0
nlu_0303_09,finance,domain_term_phonetic_semantic_substitution,train,0,0,0,0,0,0,0,0,0,0
nlu_0297_10,finance,domain_term_phonetic_semantic_substitution,unseen,0,0,0,0,0,0,0,0,0,0
nlu_0521_08,general,domain_term_phonetic_semantic_substitution,train,0,0,0,0,0,0,0,0,0,0
nlu_0171_09,medical,domain_term_phonetic_semantic_substitution,train,0,0,0,0,0,0,0,1,1,2
nlu_0296_04,finance,domain_term_phonetic_semantic_substitution,train,0,0,0,0,0,0,0,0,0,0
nlu_0046_05,medical,domain_term_phonetic_semantic_substitution,train,0,0,0,0,0,0,0,0,1,1
nlu_0061_10,medical,domain_term_phonetic_semantic_substitution,train,0,0,0,0,0,0,0,0,0,0
nlu_0427_04,legal,domain_term_phonetic_semantic_substitution,train,0,0,0,0,0,0,0,0,0,0
nlu_0509_02,general,domain_term_phonetic_semantic_substitution,train,0,0,0,0,0,0,0,0,0,0
nlu_0208_05,finance,domain_term_phonetic_semantic_substitution,train,0,0,0,0,0,0,0,0,0,0
nlu_0406_03,legal,domain_term_phonetic_semantic_substitution,unseen,0,0,0,0,0,0,0,0,0,0
nlu_0488_04,technology,domain_term_phonetic_semantic_substitution,train,0,0,0,0,0,0,0,0,1,1
nlu_0163_03,medical,domain_term_phonetic_semantic_substitution,train,0,0,0,0,0,0,0,0,1,1
nlu_0469_04,technology,domain_term_phonetic_semantic_substitution,train,0,0,0,0,0,0,0,0,1,1
nlu_0526_03,general,domain_term_phonetic_semantic_substitution,train,0,0,0,0,0,0,0,0,0,0
nlu_0005_01,medical,domain_term_phonetic_semantic_substitution,train,0,0,0,0,0,0,0,0,0,0
nlu_0209_10,finance,domain_term_phonetic_semantic_substitution,train,0,0,0,0,0,0,0,0,0,0
nlu_0393_05,legal,domain_term_phonetic_semantic_substitution,train,0,0,0,0,0,0,0,0,0,0
nlu_0218_06,finance,domain_term_phonetic_semantic_substitution,unseen,0,0,1,1,2,0,0,1,0,1
nlu_0008_05,medical,domain_term_phonetic_semantic_substitution,train,0,0,0,0,0,0,0,0,0,0
nlu_0593_06,general,domain_term_phonetic_semantic_substitution,unseen,0,0,0,0,0,0,0,0,0,0
nlu_0592_07,general,domain_term_phonetic_semantic_substitution,train,0,0,0,0,0,0,0,0,0,0
nlu_0266_08,finance,domain_term_phonetic_semantic_substitution,train,0,0,0,0,0,0,0,0,0,0
nlu_0319_01,legal,domain_term_phonetic_semantic_substitution,train,0,0,0,0,0,0,0,0,0,0
nlu_0208_07,finance,domain_term_phonetic_semantic_substitution,train,0,0,0,0,0,0,0,0,0,0
nlu_0045_02,medical,domain_term_phonetic_semantic_substitution,unseen,0,0,0,0,0,0,0,0,0,0
nlu_0206_02,finance,domain_term_phonetic_semantic_substitution,train,0,0,0,0,0,0,0,0,0,0
nlu_0255_02,finance,domain_term_phonetic_semantic_substitution,train,0,0,0,0,0,0,0,0,0,0
nlu_0131_02,medical,domain_term_phonetic_semantic_substitution,train,0,0,0,0,0,0,0,0,0,0
nlu_0344_01,legal,domain_term_phonetic_semantic_substitution,train,0,0,0,0,0,0,0,0,0,0
nlu_0131_05,medical,domain_term_phonetic_semantic_substitution,train,0,0,0,0,0,0,0,0,0,0
nlu_0024_07,medical,domain_term_phonetic_semantic_substitution,train,0,0,0,0,0,0,1,1,0,2
nlu_0500_06,technology,domain_term_phonetic_semantic_substitution,validation,0,0,0,0,0,0,0,0,0,0
nlu_0260_10,finance,domain_term_phonetic_semantic_substitution,validation,0,0,0,0,0,0,0,0,0,0
nlu_0462_07,technology,domain_term_phonetic_semantic_substitution,validation,0,0,0,0,0,0,0,0,0,0
nlu_0258_04,finance,domain_term_phonetic_semantic_substitution,train,0,0,0,0,0,0,0,0,0,0
nlu_0329_01,legal,domain_term_phonetic_semantic_substitution,validation,0,0,0,0,0,0,0,0,0,0
nlu_0319_07,legal,domain_term_phonetic_semantic_substitution,train,0,0,0,0,0,0,0,0,1,1
nlu_0396_04,legal,domain_term_phonetic_semantic_substitution,train,0,0,0,0,0,0,0,0,0,0
nlu_0277_09,finance,domain_term_phonetic_semantic_substitution,unseen,0,0,0,1,1,0,0,0,1,1
nlu_0423_04,legal,domain_term_phonetic_semantic_substitution,train,0,0,0,0,0,0,0,0,0,0
nlu_0211_07,finance,domain_term_phonetic_semantic_substitution,train,0,0,0,0,0,0,0,0,0,0
nlu_0268_10,finance,domain_term_phonetic_semantic_substitution,train,0,0,0,0,0,0,0,0,0,0
nlu_0277_02,finance,domain_term_phonetic_semantic_substitution,unseen,0,0,0,0,0,0,0,0,0,0
nlu_0469_09,technology,domain_term_phonetic_semantic_substitution,train,0,0,0,0,0,0,0,0,0,0
nlu_0139_08,medical,domain_term_phonetic_semantic_substitution,train,0,0,0,0,0,0,0,0,0,0
nlu_0564_02,general,domain_term_phonetic_semantic_substitution,train,0,0,0,0,0,0,0,0,0,0
nlu_0543_07,general,domain_term_phonetic_semantic_substitution,train,0,0,0,0,0,0,0,0,0,0
nlu_0128_10,medical,domain_term_phonetic_semantic_substitution,unseen,0,0,0,0,0,0,0,0,0,0
nlu_0588_10,general,domain_term_phonetic_semantic_substitution,train,0,0,0,0,0,0,0,0,0,0
nlu_0156_06,medical,domain_term_phonetic_semantic_substitution,train,0,0,0,0,0,0,0,1,0,1
nlu_0543_03,general,domain_term_phonetic_semantic_substitution,train,0,0,0,0,0,0,0,0,0,0
nlu_0320_01,legal,domain_term_phonetic_semantic_substitution,train,0,0,0,0,0,0,0,0,0,0
nlu_0457_07,technology,domain_term_phonetic_semantic_substitution,train,0,0,0,0,0,0,0,0,0,0
nlu_0481_03,technology,domain_term_phonetic_semantic_substitution,train,0,0,0,0,0,0,0,0,0,0
nlu_0563_07,general,domain_term_phonetic_semantic_substitution,train,0,0,0,0,0,0,0,0,0,0
nlu_0360_05,legal,domain_term_phonetic_semantic_substitution,train,0,0,0,0,0,0,0,0,0,0
nlu_0193_01,finance,domain_term_phonetic_semantic_substitution,train,0,0,0,0,0,0,0,0,0,0
nlu_0052_04,medical,domain_term_phonetic_semantic_substitution,train,0,0,0,0,0,0,1,1,1,3
nlu_0418_08,legal,domain_term_phonetic_semantic_substitution,train,0,0,0,0,0,0,0,0,0,0
nlu_0131_09,medical,domain_term_phonetic_semantic_substitution,train,0,0,0,0,0,0,0,0,0,0
nlu_0092_05,medical,domain_term_phonetic_semantic_substitution,validation,0,0,0,0,0,0,0,0,0,0
nlu_0346_03,legal,domain_term_phonetic_semantic_substitution,train,0,0,0,0,0,0,0,0,0,0
nlu_0370_06,legal,domain_term_phonetic_semantic_substitution,validation,0,0,0,0,0,0,1,1,1,3
nlu_0425_03,legal,domain_term_phonetic_semantic_substitution,train,0,0,0,0,0,0,0,0,0,0
nlu_0316_07,legal,domain_term_phonetic_semantic_substitution,train,0,0,0,0,0,0,0,0,1,1
nlu_0220_09,finance,domain_term_phonetic_semantic_substitution,validation,0,0,0,0,0,0,0,0,0,0
nlu_0078_05,medical,domain_term_phonetic_semantic_substitution,train,0,0,0,0,0,0,1,0,0,1
nlu_0443_06,technology,domain_term_phonetic_semantic_substitution,train,0,0,0,0,0,0,0,0,1,1
nlu_0095_04,medical,domain_term_phonetic_semantic_substitution,unseen,0,0,0,0,0,0,0,1,0,1
nlu_0083_03,medical,domain_term_phonetic_semantic_substitution,validation,0,0,0,0,0,0,0,0,0,0
nlu_0428_08,legal,domain_term_phonetic_semantic_substitution,train,0,0,0,0,0,0,0,0,0,0
nlu_0017_05,medical,domain_term_phonetic_semantic_substitution,train,0,0,0,0,0,0,0,0,0,0
nlu_0455_08,technology,domain_term_phonetic_semantic_substitution,validation,0,0,0,0,0,0,0,0,0,0
nlu_0399_04,legal,domain_term_phonetic_semantic_substitution,validation,0,0,0,1,1,0,0,0,1,1
nlu_0254_09,finance,domain_term_phonetic_semantic_substitution,train,0,0,0,0,0,0,0,0,0,0
nlu_0573_05,general,domain_term_phonetic_semantic_substitution,validation,0,0,0,0,0,0,0,0,0,0
nlu_0132_02,medical,domain_term_phonetic_semantic_substitution,train,0,0,0,0,0,0,0,0,0,0
nlu_0584_09,general,domain_term_phonetic_semantic_substitution,train,0,0,0,0,0,0,0,0,0,0
nlu_0500_08,technology,domain_term_deletion,validation,0,0,0,0,0,0,0,0,0,0
nlu_0557_09,general,domain_term_phonetic_semantic_substitution,train,0,0,0,0,0,0,0,0,0,0
nlu_0331_01,legal,domain_term_phonetic_semantic_substitution,train,0,0,0,0,0,0,0,0,0,0
nlu_0332_01,legal,domain_term_phonetic_semantic_substitution,train,0,0,0,0,0,0,0,0,0,0
nlu_0033_08,medical,domain_term_phonetic_semantic_substitution,unseen,0,0,0,0,0,0,0,1,0,1
nlu_0250_01,finance,domain_term_phonetic_semantic_substitution,train,0,0,0,0,0,0,0,0,0,0
nlu_0563_01,general,domain_term_phonetic_semantic_substitution,train,0,0,0,0,0,0,0,0,0,0
nlu_0441_09,technology,domain_term_phonetic_semantic_substitution,validation,0,0,0,0,0,0,0,0,0,0
nlu_0084_03,medical,domain_term_phonetic_semantic_substitution,train,0,0,0,0,0,0,0,0,0,0
nlu_0308_10,finance,domain_term_phonetic_semantic_substitution,train,0,0,0,0,0,0,0,0,0,0
nlu_0347_03,legal,domain_term_phonetic_semantic_substitution,train,0,0,0,0,0,0,0,0,0,0
nlu_0526_04,general,domain_term_phonetic_semantic_substitution,train,0,0,0,0,0,0,0,0,0,0
nlu_0006_05,medical,domain_term_phonetic_semantic_substitution,validation,0,0,0,0,0,0,0,0,0,0
nlu_0407_05,legal,domain_term_phonetic_semantic_substitution,train,0,0,0,0,0,0,0,0,0,0
nlu_0346_02,legal,domain_term_phonetic_semantic_substitution,train,0,0,0,0,0,0,0,0,0,0
nlu_0191_02,finance,domain_term_phonetic_semantic_substitution,train,0,0,0,0,0,0,0,0,1,1
nlu_0149_02,medical,domain_term_phonetic_semantic_substitution,train,0,0,0,0,0,0,0,0,0,0
nlu_0416_01,legal,domain_term_phonetic_semantic_substitution,train,0,0,0,0,0,0,0,0,0,0
nlu_0334_06,legal,domain_term_phonetic_semantic_substitution,train,0,0,0,0,0,0,1,1,1,3
nlu_0095_07,medical,domain_term_phonetic_semantic_substitution,unseen,0,0,0,0,0,0,1,1,0,2
nlu_0330_04,legal,domain_term_phonetic_semantic_substitution,train,0,0,0,0,0,0,1,1,1,3
nlu_0217_02,finance,domain_term_phonetic_semantic_substitution,unseen,0,0,0,0,0,0,0,0,0,0
nlu_0508_07,general,domain_term_phonetic_semantic_substitution,train,0,0,0,0,0,0,0,0,0,0
nlu_0306_08,finance,domain_term_phonetic_semantic_substitution,validation,0,0,0,0,0,0,0,0,0,0
nlu_0077_09,medical,domain_term_phonetic_semantic_substitution,train,0,0,0,0,0,0,0,1,1,2
nlu_0565_01,general,domain_term_phonetic_semantic_substitution,train,0,0,0,0,0,0,0,0,0,0
nlu_0350_06,legal,domain_term_phonetic_semantic_substitution,validation,0,0,0,0,0,0,0,0,0,0
nlu_0029_06,medical,domain_term_phonetic_semantic_substitution,train,0,0,0,0,0,0,0,0,0,0
nlu_0593_07,general,domain_term_phonetic_semantic_substitution,unseen,0,0,0,0,0,0,0,0,0,0
nlu_0453_05,technology,domain_term_phonetic_semantic_substitution,train,0,0,0,0,0,0,0,0,0,0
nlu_0534_03,general,domain_term_phonetic_semantic_substitution,validation,0,0,0,0,0,0,0,0,0,0
nlu_0234_03,finance,domain_term_phonetic_semantic_substitution,unseen,0,0,0,0,0,0,0,0,0,0
nlu_0272_08,finance,domain_term_phonetic_semantic_substitution,unseen,0,0,0,0,0,0,0,0,0,0
nlu_0208_10,finance,domain_term_phonetic_semantic_substitution,train,0,0,0,0,0,0,0,0,0,0
nlu_0339_10,legal,domain_term_phonetic_semantic_substitution,train,0,0,0,0,0,0,0,0,0,0
nlu_0073_03,medical,domain_term_phonetic_semantic_substitution,train,0,0,0,0,0,0,0,0,0,0
nlu_0096_02,medical,domain_term_phonetic_semantic_substitution,unseen,0,0,0,0,0,0,1,0,0,1
nlu_0559_04,general,domain_term_phonetic_semantic_substitution,unseen,0,0,0,0,0,0,0,0,0,0
nlu_0227_03,finance,domain_term_phonetic_semantic_substitution,train,0,0,0,0,0,0,0,0,0,0
nlu_0099_10,medical,domain_term_phonetic_semantic_substitution,train,0,0,0,0,0,0,0,1,0,1
nlu_0322_03,legal,domain_term_phonetic_semantic_substitution,validation,0,0,0,0,0,0,0,0,0,0
nlu_0176_10,medical,domain_term_phonetic_semantic_substitution,unseen,0,0,0,0,0,0,1,1,1,3
nlu_0492_10,technology,domain_term_phonetic_semantic_substitution,validation,0,0,0,0,0,0,0,0,0,0
nlu_0443_03,technology,domain_term_phonetic_semantic_substitution,train,0,0,0,0,0,0,0,0,0,0
nlu_0173_05,medical,domain_term_phonetic_semantic_substitution,train,0,0,0,0,0,0,0,1,0,1
nlu_0035_02,medical,domain_term_phonetic_semantic_substitution,train,0,0,0,0,0,0,0,0,0,0
nlu_0371_02,legal,domain_term_phonetic_semantic_substitution,unseen,0,0,0,0,0,0,0,0,0,0
nlu_0425_04,legal,domain_term_phonetic_semantic_substitution,train,0,0,0,0,0,0,0,1,1,2
nlu_0069_09,medical,domain_term_phonetic_semantic_substitution,train,0,0,0,0,0,0,0,1,0,1
nlu_0344_03,legal,domain_term_phonetic_semantic_substitution,train,0,0,0,0,0,0,0,0,0,0
nlu_0097_07,medical,domain_term_phonetic_semantic_substitution,train,0,0,0,0,0,0,0,1,0,1
nlu_0567_07,general,domain_term_phonetic_semantic_substitution,train,0,0,0,0,0,0,0,0,0,0
nlu_0221_04,finance,domain_term_phonetic_semantic_substitution,unseen,0,0,1,0,1,0,1,1,1,3
nlu_0272_04,finance,domain_term_phonetic_semantic_substitution,unseen,0,0,0,0,0,0,0,0,0,0
nlu_0476_08,technology,domain_term_phonetic_semantic_substitution,train,0,0,0,0,0,0,0,0,0,0
nlu_0574_03,general,domain_term_phonetic_semantic_substitution,train,0,0,0,0,0,0,0,0,0,0
nlu_0595_03,general,domain_term_phonetic_semantic_substitution,unseen,0,0,0,0,0,0,0,0,0,0
nlu_0358_03,legal,domain_term_phonetic_semantic_substitution,train,0,0,0,0,0,0,0,0,0,0
nlu_0481_06,technology,domain_term_phonetic_semantic_substitution,train,0,0,0,0,0,0,0,0,0,0
nlu_0200_01,finance,domain_term_phonetic_semantic_substitution,train,0,0,0,0,0,0,0,0,0,0
nlu_0413_01,legal,domain_term_phonetic_semantic_substitution,train,0,0,0,0,0,0,0,0,0,0
nlu_0476_10,technology,domain_term_phonetic_semantic_substitution,train,0,0,0,0,0,0,0,0,0,0
nlu_0492_05,technology,domain_term_phonetic_semantic_substitution,validation,0,0,0,0,0,0,0,0,0,0
nlu_0556_04,general,domain_term_phonetic_semantic_substitution,validation,0,0,0,0,0,0,0,0,0,0
nlu_0580_04,general,domain_term_phonetic_semantic_substitution,train,0,0,0,0,0,0,0,0,0,0
nlu_0361_01,legal,domain_term_phonetic_semantic_substitution,train,0,0,0,0,0,0,0,0,0,0
nlu_0548_03,general,domain_term_phonetic_semantic_substitution,validation,0,0,0,0,0,0,0,0,0,0
nlu_0598_02,general,domain_term_phonetic_semantic_substitution,train,0,0,0,0,0,0,0,0,0,0
nlu_0494_09,technology,domain_term_phonetic_semantic_substitution,train,0,0,0,0,0,0,0,1,0,1
nlu_0039_06,medical,domain_term_phonetic_semantic_substitution,train,0,0,0,0,0,0,0,0,0,0
nlu_0523_09,general,domain_term_phonetic_semantic_substitution,train,0,0,0,0,0,0,0,0,0,0
nlu_0548_05,general,domain_term_phonetic_semantic_substitution,validation,0,0,0,0,0,0,0,0,0,0
nlu_0054_07,medical,domain_term_phonetic_semantic_substitution,train,0,0,0,0,0,0,0,0,0,0
nlu_0563_02,general,domain_term_phonetic_semantic_substitution,train,0,0,0,0,0,0,0,0,0,0
nlu_0422_03,legal,domain_term_phonetic_semantic_substitution,train,0,0,0,0,0,0,0,0,0,0
nlu_0351_08,legal,domain_term_phonetic_semantic_substitution,train,0,0,0,0,0,0,0,0,0,0
nlu_0021_02,medical,domain_term_phonetic_semantic_substitution,train,0,0,0,0,0,0,1,1,0,2
nlu_0134_03,medical,domain_term_phonetic_semantic_substitution,train,0,0,0,0,0,0,0,0,0,0
nlu_0351_03,legal,domain_term_phonetic_semantic_substitution,train,0,0,0,0,0,0,0,0,0,0
nlu_0271_09,finance,domain_term_phonetic_semantic_substitution,unseen,0,0,1,0,1,0,0,1,0,1
nlu_0467_03,technology,domain_term_phonetic_semantic_substitution,train,0,0,0,0,0,0,0,0,0,0
nlu_0403_02,legal,domain_term_phonetic_semantic_substitution,train,0,0,0,0,0,0,0,0,0,0
nlu_0186_05,medical,domain_term_phonetic_semantic_substitution,validation,0,0,0,0,0,0,0,0,0,0
nlu_0536_09,general,domain_term_phonetic_semantic_substitution,train,0,0,0,0,0,0,0,0,0,0
nlu_0288_03,finance,domain_term_phonetic_semantic_substitution,validation,0,0,0,0,0,0,0,0,0,0
nlu_0304_01,finance,domain_term_phonetic_semantic_substitution,train,0,0,0,0,0,0,0,0,0,0
nlu_0121_06,medical,domain_term_phonetic_semantic_substitution,train,0,0,0,0,0,0,0,0,0,0
nlu_0165_06,medical,domain_term_phonetic_semantic_substitution,train,0,0,0,0,0,0,0,0,1,1
nlu_0342_08,legal,domain_term_phonetic_semantic_substitution,train,0,0,0,0,0,0,0,0,0,0
nlu_0348_07,legal,domain_term_phonetic_semantic_substitution,train,0,0,0,0,0,0,0,0,0,0
nlu_0287_02,finance,domain_term_phonetic_semantic_substitution,train,0,0,0,0,0,0,0,0,0,0
nlu_0180_03,medical,domain_term_phonetic_semantic_substitution,train,0,0,0,0,0,0,0,0,0,0
nlu_0380_08,legal,domain_term_phonetic_semantic_substitution,unseen,0,0,0,1,1,0,0,0,1,1
nlu_0337_09,legal,domain_term_phonetic_semantic_substitution,train,0,0,0,0,0,0,0,0,0,0
nlu_0337_08,legal,domain_term_phonetic_semantic_substitution,train,0,0,0,0,0,0,0,0,0,0
nlu_0354_04,legal,domain_term_phonetic_semantic_substitution,train,0,0,0,0,0,0,0,0,0,0
nlu_0526_10,general,domain_term_phonetic_semantic_substitution,train,0,0,0,0,0,0,0,0,0,0
nlu_0345_10,legal,domain_term_phonetic_semantic_substitution,unseen,0,0,1,0,1,0,0,1,0,1
nlu_0061_04,medical,domain_term_phonetic_semantic_substitution,train,0,0,0,0,0,0,1,1,1,3
nlu_0306_07,finance,domain_term_phonetic_semantic_substitution,validation,0,0,0,1,1,0,0,1,1,2
nlu_0522_03,general,domain_term_phonetic_semantic_substitution,validation,0,0,0,0,0,0,0,0,0,0
nlu_0013_07,medical,domain_term_phonetic_semantic_substitution,train,0,0,0,0,0,0,0,0,0,0
nlu_0388_07,legal,domain_term_phonetic_semantic_substitution,unseen,0,0,1,1,2,0,0,1,1,2
nlu_0294_06,finance,domain_term_phonetic_semantic_substitution,train,0,0,0,0,0,0,0,1,1,2
nlu_0446_02,technology,domain_term_phonetic_semantic_substitution,validation,0,0,0,0,0,0,0,0,0,0
nlu_0354_02,legal,domain_term_phonetic_semantic_substitution,train,0,0,0,0,0,0,0,0,0,0
nlu_0274_01,finance,domain_term_phonetic_semantic_substitution,unseen,0,0,0,0,0,0,0,0,0,0
nlu_0083_08,medical,domain_term_phonetic_semantic_substitution,validation,0,0,0,0,0,0,1,1,0,2
nlu_0164_10,medical,domain_term_phonetic_semantic_substitution,unseen,0,0,0,0,0,0,0,0,0,0
nlu_0099_05,medical,domain_term_phonetic_semantic_substitution,train,0,0,0,0,0,0,0,1,0,1
nlu_0329_02,legal,domain_term_phonetic_semantic_substitution,validation,0,0,0,0,0,0,0,0,0,0
nlu_0597_03,general,domain_term_phonetic_semantic_substitution,unseen,0,0,0,0,0,0,0,0,0,0
nlu_0219_09,finance,domain_term_phonetic_semantic_substitution,train,0,0,0,0,0,0,0,0,0,0
nlu_0553_04,general,domain_term_phonetic_semantic_substitution,train,0,0,0,0,0,0,0,0,0,0
nlu_0245_04,finance,domain_term_phonetic_semantic_substitution,train,0,0,0,0,0,0,0,0,0,0
nlu_0037_03,medical,domain_term_phonetic_semantic_substitution,train,0,0,0,0,0,0,0,0,0,0
nlu_0235_10,finance,domain_term_phonetic_semantic_substitution,unseen,0,0,0,0,0,0,0,0,0,0
nlu_0035_06,medical,domain_term_phonetic_semantic_substitution,train,0,0,0,0,0,0,0,0,0,0
nlu_0082_05,medical,domain_term_phonetic_semantic_substitution,unseen,0,0,0,0,0,0,1,0,0,1
nlu_0481_08,technology,domain_term_deletion,train,0,0,0,0,0,0,0,0,0,0
nlu_0321_06,legal,domain_term_phonetic_semantic_substitution,validation,0,0,0,0,0,0,0,1,1,2
nlu_0542_05,general,domain_term_phonetic_semantic_substitution,train,0,0,0,0,0,0,0,0,0,0
nlu_0575_10,general,domain_term_phonetic_semantic_substitution,unseen,0,0,0,0,0,0,0,0,0,0
nlu_0333_06,legal,domain_term_phonetic_semantic_substitution,unseen,0,0,0,0,0,0,0,1,1,2
nlu_0411_07,legal,domain_term_phonetic_semantic_substitution,unseen,0,0,0,0,0,0,0,0,0,0
nlu_0212_07,finance,domain_term_phonetic_semantic_substitution,train,0,0,0,0,0,0,0,0,0,0
nlu_0184_05,medical,domain_term_phonetic_semantic_substitution,train,0,0,0,0,0,0,0,1,1,2
nlu_0080_04,medical,domain_term_phonetic_semantic_substitution,train,0,0,0,0,0,0,1,1,1,3
nlu_0594_06,general,domain_term_phonetic_semantic_substitution,unseen,0,0,0,0,0,0,0,0,0,0
nlu_0268_05,finance,domain_term_phonetic_semantic_substitution,train,0,0,0,0,0,0,0,1,1,2
nlu_0010_05,medical,domain_term_phonetic_semantic_substitution,validation,0,0,0,0,0,0,0,0,0,0
nlu_0423_06,legal,domain_term_phonetic_semantic_substitution,train,0,0,0,0,0,0,0,1,0,1
nlu_0376_07,legal,domain_term_phonetic_semantic_substitution,train,0,0,0,0,0,0,1,1,0,2
nlu_0290_02,finance,domain_term_phonetic_semantic_substitution,train,0,0,0,0,0,0,0,0,0,0
nlu_0238_02,finance,domain_term_phonetic_semantic_substitution,train,0,0,0,0,0,0,0,0,0,0
nlu_0497_06,technology,domain_term_phonetic_semantic_substitution,train,0,0,0,0,0,0,0,0,0,0
nlu_0567_08,general,domain_term_phonetic_semantic_substitution,train,0,0,0,0,0,0,0,0,0,0
nlu_0323_09,legal,domain_term_phonetic_semantic_substitution,unseen,0,0,0,0,0,0,0,1,1,2
nlu_0535_03,general,domain_term_phonetic_semantic_substitution,train,0,0,0,0,0,0,0,0,0,0
nlu_0286_04,finance,domain_term_phonetic_semantic_substitution,train,0,0,0,0,0,0,0,0,0,0
nlu_0292_03,finance,domain_term_phonetic_semantic_substitution,train,0,0,0,0,0,0,0,0,0,0
nlu_0187_06,medical,domain_term_phonetic_semantic_substitution,train,0,0,0,0,0,1,1,1,1,4
nlu_0462_03,technology,domain_term_phonetic_semantic_substitution,validation,0,0,0,0,0,0,0,0,0,0
nlu_0186_08,medical,domain_term_phonetic_semantic_substitution,validation,0,0,0,0,0,0,0,0,0,0
nlu_0265_06,finance,domain_term_phonetic_semantic_substitution,train,0,0,0,0,0,0,0,0,0,0
nlu_0225_04,finance,domain_term_phonetic_semantic_substitution,unseen,0,0,1,1,2,0,0,0,1,1
nlu_0234_07,finance,domain_term_phonetic_semantic_substitution,unseen,0,0,1,1,2,0,0,1,1,2
nlu_0096_01,medical,domain_term_phonetic_semantic_substitution,unseen,0,0,0,0,0,0,0,0,0,0
nlu_0307_09,finance,domain_term_phonetic_semantic_substitution,validation,0,0,0,0,0,0,0,0,0,0
nlu_0113_01,medical,domain_term_phonetic_semantic_substitution,validation,0,0,0,0,0,0,0,0,0,0
nlu_0260_08,finance,domain_term_phonetic_semantic_substitution,validation,0,0,0,0,0,0,0,0,0,0
nlu_0221_05,finance,domain_term_phonetic_semantic_substitution,unseen,0,0,1,0,1,0,0,1,0,1
nlu_0042_10,medical,domain_term_phonetic_semantic_substitution,train,0,0,0,0,0,0,0,0,0,0
nlu_0093_03,medical,domain_term_phonetic_semantic_substitution,train,0,0,0,0,0,0,0,0,0,0
nlu_0126_05,medical,domain_term_phonetic_semantic_substitution,train,0,0,0,0,0,0,0,1,0,1
nlu_0048_08,medical,domain_term_phonetic_semantic_substitution,train,0,0,0,0,0,0,0,0,0,0
nlu_0204_06,finance,domain_term_phonetic_semantic_substitution,unseen,0,0,0,0,0,0,0,0,0,0
nlu_0121_03,medical,domain_term_phonetic_semantic_substitution,train,0,0,0,0,0,0,0,0,0,0
nlu_0263_07,finance,domain_term_phonetic_semantic_substitution,train,0,0,0,0,0,0,0,0,0,0
nlu_0578_04,general,domain_term_phonetic_semantic_substitution,validation,0,0,0,0,0,0,0,0,0,0
nlu_0198_01,finance,domain_term_phonetic_semantic_substitution,validation,0,0,0,0,0,0,0,0,0,0
nlu_0312_01,finance,domain_term_phonetic_semantic_substitution,validation,0,0,0,0,0,0,0,0,0,0
nlu_0402_09,legal,domain_term_phonetic_semantic_substitution,train,0,0,0,0,0,0,0,0,0,0
nlu_0216_02,finance,domain_term_phonetic_semantic_substitution,train,0,0,0,0,0,0,0,0,0,0
nlu_0369_08,legal,domain_term_phonetic_semantic_substitution,validation,0,0,0,0,0,0,0,0,0,0
nlu_0492_07,technology,domain_term_phonetic_semantic_substitution,validation,0,0,0,0,0,0,0,0,0,0
nlu_0200_08,finance,domain_term_phonetic_semantic_substitution,train,0,0,0,0,0,0,0,0,0,0
nlu_0404_04,legal,domain_term_phonetic_semantic_substitution,train,0,0,0,0,0,0,0,0,0,0
nlu_0589_04,general,domain_term_phonetic_semantic_substitution,train,0,0,0,0,0,0,0,0,0,0
nlu_0306_05,finance,domain_term_phonetic_semantic_substitution,validation,0,0,0,0,0,0,0,0,0,0
nlu_0125_09,medical,domain_term_phonetic_semantic_substitution,train,0,0,0,0,0,0,0,0,0,0
nlu_0220_03,finance,domain_term_phonetic_semantic_substitution,validation,0,0,0,0,0,0,0,1,1,2
nlu_0272_03,finance,domain_term_phonetic_semantic_substitution,unseen,0,0,0,0,0,0,0,0,0,0
nlu_0100_03,medical,domain_term_phonetic_semantic_substitution,unseen,0,0,0,0,0,0,0,0,0,0
nlu_0220_01,finance,domain_term_phonetic_semantic_substitution,validation,0,0,0,0,0,0,0,1,1,2
nlu_0468_01,technology,domain_term_phonetic_semantic_substitution,train,0,0,0,0,0,0,0,0,0,0
nlu_0377_03,legal,domain_term_phonetic_semantic_substitution,train,0,0,0,0,0,0,0,0,0,0
nlu_0360_08,legal,domain_term_phonetic_semantic_substitution,train,0,0,0,0,0,0,0,0,0,0
nlu_0472_02,technology,domain_term_phonetic_semantic_substitution,validation,0,0,0,0,0,0,0,1,0,1
nlu_0132_09,medical,domain_term_phonetic_semantic_substitution,train,0,0,0,0,0,0,0,0,0,0
nlu_0187_04,medical,domain_term_phonetic_semantic_substitution,train,0,0,0,0,0,0,1,1,1,3
nlu_0235_04,finance,domain_term_phonetic_semantic_substitution,unseen,0,0,0,1,1,0,0,1,1,2
nlu_0245_10,finance,domain_term_phonetic_semantic_substitution,train,0,0,0,0,0,0,0,0,0,0
nlu_0214_07,finance,domain_term_phonetic_semantic_substitution,train,0,0,0,0,0,0,0,0,0,0
nlu_0107_06,medical,domain_term_phonetic_semantic_substitution,train,0,0,0,0,0,0,0,0,0,0
nlu_0596_01,general,domain_term_phonetic_semantic_substitution,train,0,0,0,0,0,0,0,0,0,0
nlu_0423_08,legal,domain_term_phonetic_semantic_substitution,train,0,0,0,0,0,0,0,0,0,0
nlu_0263_02,finance,domain_term_phonetic_semantic_substitution,train,0,0,0,0,0,0,0,0,0,0
nlu_0008_08,medical,domain_term_phonetic_semantic_substitution,train,0,0,0,0,0,0,0,0,0,0
nlu_0290_09,finance,domain_term_phonetic_semantic_substitution,train,0,0,0,0,0,0,0,0,0,0
nlu_0483_01,technology,domain_term_phonetic_semantic_substitution,train,0,0,0,0,0,0,0,0,0,0
nlu_0132_05,medical,domain_term_phonetic_semantic_substitution,train,0,0,0,0,0,0,0,0,0,0
nlu_0524_02,general,domain_term_phonetic_semantic_substitution,train,0,0,0,0,0,0,0,0,0,0
nlu_0088_03,medical,domain_term_phonetic_semantic_substitution,train,0,0,0,0,0,0,0,0,0,0
nlu_0386_01,legal,domain_term_phonetic_semantic_substitution,train,0,0,0,0,0,0,1,1,1,3
nlu_0585_03,general,domain_term_phonetic_semantic_substitution,train,0,0,0,0,0,0,0,0,0,0
nlu_0297_06,finance,domain_term_phonetic_semantic_substitution,unseen,0,0,0,0,0,0,0,0,1,1
nlu_0340_02,legal,domain_term_phonetic_semantic_substitution,train,0,0,0,0,0,0,0,0,0,0
nlu_0257_01,finance,domain_term_phonetic_semantic_substitution,validation,0,0,0,0,0,0,0,0,0,0
nlu_0588_07,general,domain_term_phonetic_semantic_substitution,train,0,0,0,0,0,0,0,0,0,0
nlu_0264_06,finance,domain_term_phonetic_semantic_substitution,train,0,0,0,0,0,0,0,0,1,1
nlu_0354_01,legal,domain_term_phonetic_semantic_substitution,train,0,0,0,0,0,0,0,0,0,0
nlu_0038_06,medical,domain_term_phonetic_semantic_substitution,train,0,0,0,0,0,0,0,0,0,0
nlu_0191_09,finance,domain_term_phonetic_semantic_substitution,train,0,0,0,0,0,0,0,0,1,1
nlu_0443_10,technology,domain_term_deletion,train,0,0,0,0,0,0,0,0,0,0
nlu_0519_03,general,domain_term_phonetic_semantic_substitution,train,0,0,0,0,0,0,0,0,0,0
nlu_0525_01,general,domain_term_phonetic_semantic_substitution,validation,0,0,0,0,0,0,0,0,0,0
nlu_0403_08,legal,domain_term_phonetic_semantic_substitution,train,0,0,0,0,0,0,0,0,0,0
nlu_0161_05,medical,domain_term_phonetic_semantic_substitution,train,0,0,0,0,0,0,0,1,1,2
nlu_0112_09,medical,domain_term_phonetic_semantic_substitution,train,0,0,0,0,0,0,0,0,0,0
nlu_0368_08,legal,domain_term_phonetic_semantic_substitution,unseen,0,0,0,0,0,0,0,0,0,0
nlu_0350_01,legal,domain_term_phonetic_semantic_substitution,validation,0,0,0,0,0,0,0,0,0,0
nlu_0584_06,general,domain_term_phonetic_semantic_substitution,train,0,0,0,0,0,0,0,0,0,0
nlu_0296_09,finance,domain_term_phonetic_semantic_substitution,train,0,0,0,0,0,0,0,1,1,2
nlu_0200_05,finance,domain_term_phonetic_semantic_substitution,train,0,0,0,0,0,0,0,0,0,0
nlu_0595_06,general,domain_term_phonetic_semantic_substitution,unseen,0,0,0,0,0,0,0,0,0,0
nlu_0521_07,general,domain_term_phonetic_semantic_substitution,train,0,0,0,0,0,0,0,0,0,0
nlu_0238_07,finance,domain_term_phonetic_semantic_substitution,train,0,0,0,0,0,0,0,0,0,0
nlu_0135_03,medical,domain_term_phonetic_semantic_substitution,validation,0,0,0,0,0,0,0,0,0,0
nlu_0033_01,medical,domain_term_phonetic_semantic_substitution,unseen,0,0,0,0,0,0,0,1,1,2
nlu_0162_10,medical,domain_term_phonetic_semantic_substitution,train,0,0,0,0,0,0,0,0,0,0
nlu_0372_04,legal,domain_term_phonetic_semantic_substitution,train,0,0,0,0,0,0,0,0,0,0
nlu_0207_01,finance,domain_term_phonetic_semantic_substitution,train,0,0,0,0,0,0,0,0,0,0
nlu_0222_10,finance,domain_term_phonetic_semantic_substitution,train,0,0,0,0,0,0,0,0,0,0
nlu_0168_04,medical,domain_term_phonetic_semantic_substitution,unseen,0,0,1,0,1,0,0,1,0,1
nlu_0027_01,medical,domain_term_phonetic_semantic_substitution,train,0,0,0,0,0,0,1,1,1,3
nlu_0530_02,general,domain_term_phonetic_semantic_substitution,validation,0,0,0,0,0,0,0,0,0,0
nlu_0204_10,finance,domain_term_phonetic_semantic_substitution,unseen,0,0,0,0,0,0,0,0,0,0
nlu_0479_06,technology,domain_term_phonetic_semantic_substitution,train,0,0,0,0,0,0,0,0,0,0
nlu_0091_02,medical,domain_term_phonetic_semantic_substitution,train,0,0,0,0,0,0,1,0,1,2
nlu_0375_05,legal,domain_term_phonetic_semantic_substitution,train,0,0,0,0,0,0,0,0,0,0
nlu_0203_07,finance,domain_term_phonetic_semantic_substitution,train,0,0,0,0,0,0,1,1,1,3
nlu_0424_05,legal,domain_term_phonetic_semantic_substitution,train,0,0,0,0,0,0,0,0,0,0
nlu_0192_08,finance,domain_term_phonetic_semantic_substitution,validation,0,0,0,0,0,0,0,0,0,0
nlu_0183_09,medical,domain_term_phonetic_semantic_substitution,train,0,0,0,0,0,0,0,0,0,0
nlu_0158_04,medical,domain_term_phonetic_semantic_substitution,validation,0,0,1,1,2,0,0,1,1,2
nlu_0442_06,technology,domain_term_phonetic_semantic_substitution,train,0,0,0,0,0,0,0,0,0,0
nlu_0475_10,technology,domain_term_phonetic_semantic_substitution,train,0,0,0,0,0,0,0,0,0,0
nlu_0527_01,general,domain_term_phonetic_semantic_substitution,validation,0,0,0,0,0,0,0,0,0,0
nlu_0466_05,technology,domain_term_phonetic_semantic_substitution,train,0,0,0,0,0,0,0,0,0,0
nlu_0421_09,legal,domain_term_phonetic_semantic_substitution,train,0,0,0,0,0,0,0,1,1,2
nlu_0463_08,technology,domain_term_phonetic_semantic_substitution,train,0,0,0,0,0,0,0,0,0,0
nlu_0023_05,medical,domain_term_phonetic_semantic_substitution,train,0,0,0,0,0,0,0,0,0,0
nlu_0073_04,medical,domain_term_phonetic_semantic_substitution,train,0,0,0,0,0,0,1,1,1,3
nlu_0538_09,general,domain_term_phonetic_semantic_substitution,train,0,0,0,0,0,0,0,0,0,0
nlu_0115_02,medical,domain_term_phonetic_semantic_substitution,unseen,0,0,0,0,0,0,0,0,0,0
nlu_0277_03,finance,domain_term_phonetic_semantic_substitution,unseen,0,0,0,0,0,0,0,0,0,0
nlu_0085_07,medical,domain_term_phonetic_semantic_substitution,train,0,0,0,0,0,0,0,0,0,0
nlu_0429_10,legal,domain_term_phonetic_semantic_substitution,train,0,0,0,0,0,0,0,0,0,0
nlu_0505_03,general,domain_term_phonetic_semantic_substitution,train,0,0,0,0,0,0,0,0,0,0
nlu_0256_02,finance,domain_term_phonetic_semantic_substitution,train,0,0,0,0,0,0,0,0,0,0
nlu_0293_09,finance,domain_term_phonetic_semantic_substitution,train,0,0,0,0,0,0,0,1,1,2
nlu_0012_08,medical,domain_term_phonetic_semantic_substitution,train,0,0,0,0,0,0,1,1,0,2
nlu_0065_06,medical,domain_term_phonetic_semantic_substitution,train,0,0,0,0,0,0,0,0,0,0
nlu_0001_04,medical,domain_term_phonetic_semantic_substitution,validation,0,0,0,0,0,0,0,0,1,1
nlu_0418_01,legal,domain_term_phonetic_semantic_substitution,train,0,0,0,0,0,0,0,0,0,0
nlu_0047_08,medical,domain_term_phonetic_semantic_substitution,unseen,0,0,0,0,0,0,0,0,0,0
nlu_0001_06,medical,domain_term_phonetic_semantic_substitution,validation,0,0,0,0,0,0,0,1,1,2
nlu_0092_10,medical,domain_term_phonetic_semantic_substitution,validation,0,0,0,0,0,0,1,1,1,3
nlu_0260_06,finance,domain_term_phonetic_semantic_substitution,validation,0,0,0,1,1,0,1,1,1,3
nlu_0433_05,legal,domain_term_phonetic_semantic_substitution,unseen,0,0,0,0,0,0,0,1,1,2
nlu_0107_04,medical,domain_term_phonetic_semantic_substitution,train,0,0,0,0,0,0,0,0,0,0
nlu_0260_01,finance,domain_term_phonetic_semantic_substitution,validation,0,0,0,0,0,0,0,0,0,0
nlu_0025_03,medical,domain_term_phonetic_semantic_substitution,validation,0,0,0,0,0,0,0,1,1,2
nlu_0522_04,general,domain_term_phonetic_semantic_substitution,validation,0,0,0,0,0,0,0,0,0,0
nlu_0117_01,medical,domain_term_phonetic_semantic_substitution,train,0,0,0,0,0,0,0,0,0,0
nlu_0288_01,finance,domain_term_phonetic_semantic_substitution,validation,0,0,0,0,0,0,0,0,0,0
nlu_0374_06,legal,domain_term_phonetic_semantic_substitution,unseen,0,0,0,0,0,0,1,1,1,3
nlu_0240_08,finance,domain_term_phonetic_semantic_substitution,validation,0,0,0,0,0,0,0,0,0,0
nlu_0352_08,legal,domain_term_phonetic_semantic_substitution,train,0,0,0,0,0,0,0,0,0,0
nlu_0343_02,legal,domain_term_phonetic_semantic_substitution,train,0,0,0,0,0,0,0,0,0,0
nlu_0257_04,finance,domain_term_phonetic_semantic_substitution,validation,0,0,0,0,0,0,0,0,0,0
nlu_0161_06,medical,domain_term_phonetic_semantic_substitution,train,0,0,0,0,0,0,0,0,1,1
nlu_0579_06,general,domain_term_phonetic_semantic_substitution,train,0,0,0,0,0,0,0,0,0,0
nlu_0233_05,finance,domain_term_phonetic_semantic_substitution,validation,0,0,0,0,0,0,0,0,0,0
nlu_0271_10,finance,domain_term_phonetic_semantic_substitution,unseen,0,0,0,0,0,0,0,0,0,0
nlu_0527_06,general,domain_term_phonetic_semantic_substitution,validation,0,0,0,0,0,0,0,0,0,0
nlu_0132_03,medical,domain_term_phonetic_semantic_substitution,train,0,0,0,0,0,0,0,0,0,0
nlu_0345_09,legal,domain_term_phonetic_semantic_substitution,unseen,0,0,1,1,2,0,0,1,1,2
nlu_0382_03,legal,domain_term_phonetic_semantic_substitution,validation,0,0,0,0,0,0,0,0,0,0
nlu_0559_01,general,domain_term_phonetic_semantic_substitution,unseen,0,0,0,0,0,0,0,0,0,0
nlu_0237_03,finance,domain_term_phonetic_semantic_substitution,train,0,0,0,0,0,0,0,0,0,0
nlu_0198_06,finance,domain_term_phonetic_semantic_substitution,validation,0,0,0,1,1,0,0,0,1,1
nlu_0352_05,legal,domain_term_phonetic_semantic_substitution,train,0,0,0,0,0,0,0,0,0,0
nlu_0177_02,medical,domain_term_phonetic_semantic_substitution,train,0,0,0,0,0,0,0,0,0,0
nlu_0274_10,finance,domain_term_phonetic_semantic_substitution,unseen,0,0,0,0,0,0,0,0,0,0
nlu_0559_08,general,domain_term_phonetic_semantic_substitution,unseen,0,0,0,0,0,0,0,0,0,0
nlu_0248_03,finance,domain_term_phonetic_semantic_substitution,train,0,0,0,0,0,0,0,0,0,0
nlu_0401_08,legal,domain_term_phonetic_semantic_substitution,train,0,0,0,0,0,0,0,0,0,0
nlu_0472_09,technology,domain_term_phonetic_semantic_substitution,validation,0,0,0,0,0,0,0,0,0,0
nlu_0150_04,medical,domain_term_phonetic_semantic_substitution,train,0,0,0,0,0,0,0,1,0,1
nlu_0421_07,legal,domain_term_phonetic_semantic_substitution,train,0,0,0,0,0,0,0,1,0,1
nlu_0216_09,finance,domain_term_phonetic_semantic_substitution,train,0,0,0,0,0,0,0,0,0,0
nlu_0117_10,medical,domain_term_phonetic_semantic_substitution,train,0,0,0,0,0,0,0,0,0,0
nlu_0542_06,general,domain_term_phonetic_semantic_substitution,train,0,0,0,0,0,0,0,0,0,0
nlu_0024_03,medical,domain_term_phonetic_semantic_substitution,train,0,0,0,0,0,0,0,0,0,0
nlu_0007_07,medical,domain_term_phonetic_semantic_substitution,unseen,0,0,1,1,2,0,0,1,1,2
nlu_0161_04,medical,domain_term_phonetic_semantic_substitution,train,0,0,0,0,0,0,0,1,0,1
nlu_0329_04,legal,domain_term_phonetic_semantic_substitution,validation,0,1,0,0,1,0,1,1,1,3
nlu_0360_07,legal,domain_term_phonetic_semantic_substitution,train,0,0,0,0,0,0,0,0,0,0
nlu_0464_03,technology,domain_term_phonetic_semantic_substitution,train,0,0,0,0,0,0,0,0,0,0
nlu_0013_06,medical,domain_term_phonetic_semantic_substitution,train,0,0,0,0,0,0,0,0,0,0
nlu_0130_07,medical,domain_term_phonetic_semantic_substitution,train,0,0,0,0,0,0,0,0,0,0
nlu_0198_07,finance,domain_term_phonetic_semantic_substitution,validation,0,0,0,0,0,0,1,1,1,3
nlu_0542_07,general,domain_term_phonetic_semantic_substitution,train,0,0,0,0,0,0,0,0,0,0
nlu_0538_04,general,domain_term_phonetic_semantic_substitution,train,0,0,0,0,0,0,0,0,0,0
nlu_0208_06,finance,domain_term_phonetic_semantic_substitution,train,0,0,0,0,0,0,0,0,0,0
nlu_0459_01,technology,domain_term_phonetic_semantic_substitution,train,0,0,0,0,0,0,0,0,0,0
nlu_0309_07,finance,domain_term_phonetic_semantic_substitution,train,0,0,0,0,0,0,0,0,0,0
nlu_0520_07,general,domain_term_phonetic_semantic_substitution,validation,0,0,0,0,0,0,0,0,0,0
nlu_0335_06,legal,domain_term_phonetic_semantic_substitution,train,0,0,0,0,0,0,0,1,1,2
nlu_0582_09,general,domain_term_phonetic_semantic_substitution,train,0,0,0,0,0,0,0,0,0,0
nlu_0280_08,finance,domain_term_phonetic_semantic_substitution,train,0,0,0,0,0,0,0,0,0,0
nlu_0092_09,medical,domain_term_phonetic_semantic_substitution,validation,0,0,1,0,1,0,0,0,0,0
nlu_0165_07,medical,domain_term_phonetic_semantic_substitution,train,0,0,0,0,0,0,0,1,1,2
nlu_0513_03,general,domain_term_phonetic_semantic_substitution,validation,0,0,0,0,0,0,0,0,0,0
nlu_0513_07,general,domain_term_phonetic_semantic_substitution,validation,0,0,0,0,0,0,0,0,0,0
nlu_0498_09,technology,domain_term_phonetic_semantic_substitution,train,0,0,0,0,0,0,0,0,0,0
nlu_0463_02,technology,domain_term_phonetic_semantic_substitution,train,0,0,0,0,0,0,0,0,0,0
nlu_0037_05,medical,domain_term_phonetic_semantic_substitution,train,0,0,0,0,0,0,0,0,0,0
nlu_0329_08,legal,domain_term_phonetic_semantic_substitution,validation,0,0,0,0,0,0,0,0,0,0
nlu_0213_06,finance,domain_term_phonetic_semantic_substitution,train,0,0,0,0,0,0,0,0,1,1
nlu_0413_04,legal,domain_term_phonetic_semantic_substitution,train,0,0,0,0,0,0,0,0,0,0
nlu_0457_10,technology,domain_term_phonetic_semantic_substitution,train,0,0,0,0,0,0,0,0,0,0
nlu_0053_06,medical,domain_term_phonetic_semantic_substitution,train,0,0,0,0,0,0,1,1,1,3
nlu_0483_02,technology,domain_term_phonetic_semantic_substitution,train,0,0,0,0,0,0,0,0,0,0
nlu_0006_06,medical,domain_term_phonetic_semantic_substitution,validation,0,0,0,0,0,0,0,0,1,1
nlu_0064_09,medical,domain_term_phonetic_semantic_substitution,train,0,0,0,0,0,0,0,0,0,0
nlu_0031_03,medical,domain_term_phonetic_semantic_substitution,unseen,0,0,0,0,0,0,0,1,1,2
nlu_0277_07,finance,domain_term_phonetic_semantic_substitution,unseen,0,0,0,0,0,0,0,0,0,0
nlu_0128_07,medical,domain_term_phonetic_semantic_substitution,unseen,0,0,0,1,1,0,0,0,1,1
nlu_0473_01,technology,domain_term_phonetic_semantic_substitution,train,0,0,0,0,0,0,0,0,0,0
nlu_0206_06,finance,domain_term_phonetic_semantic_substitution,train,0,0,0,0,0,0,0,0,0,0
nlu_0515_06,general,domain_term_phonetic_semantic_substitution,train,0,0,0,0,0,0,0,0,0,0
nlu_0444_03,technology,domain_term_phonetic_semantic_substitution,train,0,0,0,0,0,0,0,0,0,0
nlu_0365_05,legal,domain_term_phonetic_semantic_substitution,train,0,0,0,0,0,0,0,0,0,0
nlu_0415_04,legal,domain_term_phonetic_semantic_substitution,train,0,0,0,0,0,0,0,0,0,0
nlu_0288_09,finance,domain_term_phonetic_semantic_substitution,validation,0,0,0,0,0,0,0,0,0,0
nlu_0421_03,legal,domain_term_phonetic_semantic_substitution,train,0,0,0,0,0,0,0,0,0,0
nlu_0229_07,finance,domain_term_phonetic_semantic_substitution,unseen,0,0,1,0,1,0,0,1,1,2
nlu_0227_02,finance,domain_term_phonetic_semantic_substitution,train,0,0,0,1,1,0,0,0,1,1
nlu_0230_07,finance,domain_term_phonetic_semantic_substitution,train,0,0,0,0,0,0,0,0,0,0
nlu_0176_04,medical,domain_term_phonetic_semantic_substitution,unseen,0,0,0,0,0,0,0,1,0,1
nlu_0197_09,finance,domain_term_phonetic_semantic_substitution,unseen,0,0,0,0,0,0,0,0,0,0
nlu_0521_03,general,domain_term_phonetic_semantic_substitution,train,0,0,0,0,0,0,0,0,0,0
nlu_0312_08,finance,domain_term_phonetic_semantic_substitution,validation,0,0,0,0,0,0,0,0,0,0
nlu_0240_04,finance,domain_term_phonetic_semantic_substitution,validation,0,0,1,0,1,0,0,1,0,1
nlu_0053_04,medical,domain_term_phonetic_semantic_substitution,train,0,0,0,0,0,0,1,1,1,3
nlu_0391_01,legal,domain_term_phonetic_semantic_substitution,validation,0,0,0,0,0,0,0,0,1,1
nlu_0572_02,general,domain_term_phonetic_semantic_substitution,unseen,0,0,0,0,0,0,0,0,0,0
nlu_0470_10,technology,domain_term_phonetic_semantic_substitution,unseen,0,0,0,0,0,0,0,0,0,0
nlu_0549_10,general,domain_term_phonetic_semantic_substitution,train,0,0,0,0,0,0,0,0,0,0
nlu_0313_03,finance,domain_term_phonetic_semantic_substitution,train,0,0,0,0,0,0,0,0,0,0
nlu_0416_07,legal,domain_term_phonetic_semantic_substitution,train,0,0,0,0,0,0,0,1,0,1
nlu_0197_10,finance,domain_term_phonetic_semantic_substitution,unseen,0,0,0,0,0,0,0,0,0,0
nlu_0068_02,medical,domain_term_phonetic_semantic_substitution,unseen,0,0,0,0,0,0,0,0,0,0
nlu_0419_09,legal,domain_term_phonetic_semantic_substitution,train,0,0,0,0,0,0,0,1,1,2
nlu_0067_07,medical,domain_term_phonetic_semantic_substitution,train,0,0,0,0,0,0,0,0,0,0
nlu_0554_03,general,domain_term_phonetic_semantic_substitution,train,0,0,0,0,0,0,0,0,0,0
nlu_0189_08,finance,domain_term_phonetic_semantic_substitution,train,0,0,0,0,0,0,0,0,0,0
nlu_0327_07,legal,domain_term_phonetic_semantic_substitution,train,0,0,0,0,0,0,0,1,0,1
nlu_0029_01,medical,domain_term_phonetic_semantic_substitution,train,0,0,0,0,0,0,0,1,1,2
nlu_0172_10,medical,domain_term_phonetic_semantic_substitution,train,0,0,0,0,0,0,0,0,0,0
nlu_0295_08,finance,domain_term_phonetic_semantic_substitution,train,0,0,0,0,0,0,0,0,0,0
nlu_0446_06,technology,domain_term_phonetic_semantic_substitution,validation,0,0,0,1,1,0,0,0,1,1
nlu_0090_10,medical,domain_term_phonetic_semantic_substitution,unseen,0,0,0,0,0,0,1,1,1,3
nlu_0582_05,general,domain_term_phonetic_semantic_substitution,train,0,0,0,0,0,0,0,0,0,0
nlu_0077_01,medical,domain_term_phonetic_semantic_substitution,train,0,0,0,0,0,0,0,0,0,0
nlu_0191_07,finance,domain_term_phonetic_semantic_substitution,train,0,0,0,0,0,0,0,0,0,0
nlu_0405_03,legal,domain_term_phonetic_semantic_substitution,train,0,0,0,0,0,0,0,0,0,0
nlu_0383_04,legal,domain_term_phonetic_semantic_substitution,validation,0,0,1,1,2,0,0,1,1,2
nlu_0414_09,legal,domain_term_phonetic_semantic_substitution,validation,0,0,1,0,1,0,0,1,1,2
nlu_0382_09,legal,domain_term_phonetic_semantic_substitution,validation,0,0,1,0,1,0,0,1,0,1
nlu_0431_01,legal,domain_term_phonetic_semantic_substitution,validation,0,0,0,0,0,0,0,0,0,0
nlu_0260_04,finance,domain_term_phonetic_semantic_substitution,validation,0,0,0,0,0,0,0,0,1,1
nlu_0417_05,legal,domain_term_phonetic_semantic_substitution,train,0,0,0,0,0,0,0,0,0,0
nlu_0304_02,finance,domain_term_phonetic_semantic_substitution,train,0,0,0,0,0,0,0,0,0,0
nlu_0358_10,legal,domain_term_phonetic_semantic_substitution,train,0,0,0,0,0,0,0,0,0,0
nlu_0284_03,finance,domain_term_phonetic_semantic_substitution,validation,0,0,0,0,0,0,0,0,0,0
nlu_0348_03,legal,domain_term_phonetic_semantic_substitution,train,0,0,0,0,0,0,0,0,0,0
nlu_0014_08,medical,domain_term_phonetic_semantic_substitution,train,0,0,0,0,0,0,0,1,0,1
nlu_0490_03,technology,domain_term_phonetic_semantic_substitution,validation,0,0,0,0,0,0,0,0,0,0
nlu_0219_01,finance,domain_term_phonetic_semantic_substitution,train,0,0,0,0,0,0,0,1,1,2
nlu_0213_09,finance,domain_term_phonetic_semantic_substitution,train,0,0,0,0,0,0,0,0,0,0
nlu_0318_08,legal,domain_term_phonetic_semantic_substitution,train,0,0,0,0,0,0,0,0,0,0
nlu_0486_05,technology,domain_term_phonetic_semantic_substitution,validation,0,0,0,0,0,0,0,0,0,0
nlu_0464_08,technology,domain_term_phonetic_semantic_substitution,train,0,0,0,0,0,0,0,0,0,0
nlu_0512_06,general,domain_term_phonetic_semantic_substitution,unseen,0,0,0,0,0,0,0,0,0,0
nlu_0523_04,general,domain_term_phonetic_semantic_substitution,train,0,0,0,0,0,0,0,0,0,0
nlu_0427_02,legal,domain_term_phonetic_semantic_substitution,train,0,0,0,0,0,0,0,0,0,0
nlu_0435_05,legal,domain_term_phonetic_semantic_substitution,train,0,0,0,0,0,0,0,1,0,1
nlu_0134_02,medical,domain_term_phonetic_semantic_substitution,train,0,0,0,0,0,0,0,0,0,0
nlu_0202_08,finance,domain_term_phonetic_semantic_substitution,train,0,0,0,0,0,0,0,0,0,0
nlu_0455_03,technology,domain_term_phonetic_semantic_substitution,validation,0,0,0,0,0,0,0,0,0,0
nlu_0249_03,finance,domain_term_phonetic_semantic_substitution,train,0,0,0,0,0,0,0,0,0,0
nlu_0136_09,medical,domain_term_phonetic_semantic_substitution,train,0,0,0,0,0,0,0,0,0,0
nlu_0133_10,medical,domain_term_phonetic_semantic_substitution,train,0,0,0,0,0,0,0,0,0,0
nlu_0591_09,general,domain_term_phonetic_semantic_substitution,unseen,0,0,0,0,0,0,0,0,0,0
nlu_0216_01,finance,domain_term_phonetic_semantic_substitution,train,0,0,0,0,0,0,0,1,1,2
nlu_0454_01,technology,domain_term_phonetic_semantic_substitution,validation,0,0,0,0,0,0,0,0,0,0
nlu_0213_03,finance,domain_term_phonetic_semantic_substitution,train,0,0,0,0,0,0,0,1,1,2
nlu_0468_04,technology,domain_term_phonetic_semantic_substitution,train,0,0,0,0,0,0,0,0,1,1
nlu_0399_02,legal,domain_term_phonetic_semantic_substitution,validation,0,0,0,0,0,0,0,0,0,0
nlu_0126_03,medical,domain_term_phonetic_semantic_substitution,train,0,0,0,0,0,0,0,0,1,1
nlu_0328_09,legal,domain_term_phonetic_semantic_substitution,validation,0,0,1,1,2,0,0,1,1,2
nlu_0338_05,legal,domain_term_phonetic_semantic_substitution,train,0,0,0,0,0,0,0,0,0,0
nlu_0282_05,finance,domain_term_phonetic_semantic_substitution,unseen,0,0,1,0,1,0,0,1,0,1
nlu_0472_10,technology,domain_term_deletion,validation,0,0,0,0,0,0,0,0,0,0
nlu_0185_09,medical,domain_term_phonetic_semantic_substitution,train,0,0,0,0,0,0,0,0,0,0
nlu_0486_09,technology,domain_term_phonetic_semantic_substitution,validation,0,0,0,1,1,0,0,0,1,1
nlu_0304_08,finance,domain_term_phonetic_semantic_substitution,train,0,0,0,0,0,0,0,0,0,0
nlu_0039_09,medical,domain_term_phonetic_semantic_substitution,train,0,0,0,0,0,0,0,0,0,0
nlu_0024_06,medical,domain_term_phonetic_semantic_substitution,train,0,0,0,0,0,0,0,0,0,0
nlu_0108_08,medical,domain_term_phonetic_semantic_substitution,train,0,0,0,0,0,0,0,0,0,0
nlu_0199_05,finance,domain_term_phonetic_semantic_substitution,train,0,0,0,0,0,0,0,0,0,0
nlu_0437_04,legal,domain_term_phonetic_semantic_substitution,train,0,0,0,0,0,0,1,1,1,3
nlu_0397_03,legal,domain_term_phonetic_semantic_substitution,train,0,0,0,0,0,0,0,1,1,2
nlu_0078_01,medical,domain_term_phonetic_semantic_substitution,train,0,0,0,0,0,0,0,0,0,0
nlu_0217_06,finance,domain_term_phonetic_semantic_substitution,unseen,0,0,1,0,1,0,0,1,1,2
nlu_0454_04,technology,domain_term_phonetic_semantic_substitution,validation,1,1,1,1,4,1,1,1,1,4
nlu_0068_04,medical,domain_term_phonetic_semantic_substitution,unseen,0,0,0,0,0,0,1,1,1,3
nlu_0025_10,medical,domain_term_phonetic_semantic_substitution,validation,0,0,1,0,1,0,1,1,1,3
nlu_0158_05,medical,domain_term_phonetic_semantic_substitution,validation,0,0,0,0,0,0,0,0,0,0
nlu_0342_10,legal,domain_term_phonetic_semantic_substitution,train,0,0,0,0,0,0,0,0,0,0
nlu_0209_02,finance,domain_term_phonetic_semantic_substitution,train,0,0,0,0,0,0,0,0,0,0
nlu_0183_04,medical,domain_term_phonetic_semantic_substitution,train,0,0,0,0,0,0,1,1,1,3
nlu_0556_01,general,domain_term_phonetic_semantic_substitution,validation,0,0,0,0,0,0,0,0,0,0
nlu_0574_09,general,domain_term_phonetic_semantic_substitution,train,0,0,0,0,0,0,0,0,0,0
nlu_0455_05,technology,domain_term_phonetic_semantic_substitution,validation,0,0,0,0,0,0,0,0,0,0
nlu_0072_07,medical,domain_term_phonetic_semantic_substitution,unseen,0,0,0,1,1,0,0,0,1,1
nlu_0535_05,general,domain_term_phonetic_semantic_substitution,train,0,0,0,0,0,0,0,0,0,0
nlu_0560_10,general,domain_term_phonetic_semantic_substitution,train,0,0,0,0,0,0,0,0,0,0
nlu_0205_09,finance,domain_term_phonetic_semantic_substitution,validation,0,0,0,0,0,0,0,1,0,1
nlu_0418_09,legal,domain_term_phonetic_semantic_substitution,train,0,0,0,0,0,0,0,1,1,2
nlu_0481_10,technology,domain_term_phonetic_semantic_substitution,train,0,0,0,0,0,0,0,0,0,0
nlu_0273_05,finance,domain_term_phonetic_semantic_substitution,train,0,0,0,0,0,0,0,0,1,1
nlu_0543_01,general,domain_term_phonetic_semantic_substitution,train,0,0,0,0,0,0,0,0,0,0
nlu_0147_01,medical,domain_term_phonetic_semantic_substitution,unseen,0,0,0,0,0,0,0,0,0,0
nlu_0167_09,medical,domain_term_phonetic_semantic_substitution,unseen,0,0,1,0,1,0,0,1,1,2
nlu_0276_07,finance,domain_term_phonetic_semantic_substitution,validation,0,0,0,0,0,0,0,1,1,2
nlu_0201_01,finance,domain_term_phonetic_semantic_substitution,train,0,0,0,0,0,0,0,0,0,0
nlu_0458_02,technology,domain_term_phonetic_semantic_substitution,train,0,0,0,0,0,0,0,0,0,0
nlu_0462_04,technology,domain_term_phonetic_semantic_substitution,validation,0,0,1,0,1,0,0,1,1,2
nlu_0041_05,medical,domain_term_phonetic_semantic_substitution,train,0,0,0,0,0,0,0,0,0,0
nlu_0039_05,medical,domain_term_phonetic_semantic_substitution,train,0,0,0,0,0,0,0,1,0,1
nlu_0539_06,general,domain_term_phonetic_semantic_substitution,train,0,0,0,0,0,0,0,0,0,0
nlu_0216_03,finance,domain_term_phonetic_semantic_substitution,train,0,0,0,0,0,0,0,1,1,2
nlu_0164_04,medical,domain_term_phonetic_semantic_substitution,unseen,0,0,1,0,1,0,0,0,0,0
nlu_0550_05,general,domain_term_phonetic_semantic_substitution,unseen,0,0,0,0,0,0,0,0,0,0
nlu_0479_05,technology,domain_term_phonetic_semantic_substitution,train,0,0,0,0,0,0,0,0,0,0
nlu_0393_06,legal,domain_term_phonetic_semantic_substitution,train,0,0,0,0,0,0,1,1,1,3
nlu_0416_09,legal,domain_term_phonetic_semantic_substitution,train,0,0,0,0,0,0,0,1,0,1
nlu_0495_09,technology,domain_term_phonetic_semantic_substitution,train,0,0,0,0,0,0,0,0,0,0
nlu_0023_04,medical,domain_term_phonetic_semantic_substitution,train,0,0,0,0,0,0,1,1,1,3
nlu_0220_04,finance,domain_term_phonetic_semantic_substitution,validation,0,1,1,1,3,0,1,1,1,3
nlu_0314_07,legal,domain_term_phonetic_semantic_substitution,train,0,0,0,0,0,0,0,0,0,0
nlu_0447_10,technology,domain_term_phonetic_semantic_substitution,train,0,0,0,0,0,0,0,0,0,0
nlu_0183_05,medical,domain_term_phonetic_semantic_substitution,train,0,0,0,0,0,0,0,0,0,0
nlu_0551_10,general,domain_term_phonetic_semantic_substitution,validation,0,0,0,0,0,0,0,0,0,0
nlu_0513_05,general,domain_term_phonetic_semantic_substitution,validation,0,0,0,0,0,0,0,0,0,0
nlu_0498_03,technology,domain_term_phonetic_semantic_substitution,train,0,0,0,0,0,0,0,0,0,0
nlu_0080_08,medical,domain_term_phonetic_semantic_substitution,train,0,0,0,0,0,0,1,0,0,1
nlu_0288_02,finance,domain_term_phonetic_semantic_substitution,validation,0,0,0,0,0,0,0,0,0,0
nlu_0001_10,medical,domain_term_phonetic_semantic_substitution,validation,0,0,0,0,0,0,0,0,1,1
nlu_0195_05,finance,domain_term_phonetic_semantic_substitution,train,0,0,0,0,0,0,0,0,0,0
nlu_0184_09,medical,domain_term_phonetic_semantic_substitution,train,0,0,0,0,0,0,0,0,0,0
nlu_0481_05,technology,domain_term_phonetic_semantic_substitution,train,0,0,0,0,0,0,0,1,0,1
nlu_0026_06,medical,domain_term_phonetic_semantic_substitution,unseen,0,0,1,0,1,0,0,0,1,1
nlu_0449_06,technology,domain_term_phonetic_semantic_substitution,validation,0,0,0,0,0,0,0,0,0,0
nlu_0541_03,general,domain_term_phonetic_semantic_substitution,train,0,0,0,0,0,0,0,0,0,0
nlu_0159_02,medical,domain_term_phonetic_semantic_substitution,train,0,0,0,0,0,0,0,0,0,0
nlu_0296_07,finance,domain_term_phonetic_semantic_substitution,train,0,0,0,0,0,0,0,0,0,0
nlu_0093_05,medical,domain_term_phonetic_semantic_substitution,train,0,0,0,0,0,0,0,1,0,1
nlu_0555_08,general,domain_term_phonetic_semantic_substitution,train,0,0,0,0,0,0,0,0,0,0
nlu_0251_09,finance,domain_term_phonetic_semantic_substitution,unseen,0,1,0,0,1,0,1,0,0,1
nlu_0503_05,general,domain_term_phonetic_semantic_substitution,train,0,0,0,0,0,0,0,0,0,0
nlu_0378_06,legal,domain_term_phonetic_semantic_substitution,train,0,0,0,0,0,0,0,0,1,1
nlu_0484_06,technology,domain_term_phonetic_semantic_substitution,validation,0,0,0,0,0,0,0,0,0,0
nlu_0414_07,legal,domain_term_phonetic_semantic_substitution,validation,0,0,0,0,0,0,0,1,0,1
nlu_0497_05,technology,domain_term_phonetic_semantic_substitution,train,0,0,0,0,0,0,0,1,0,1
nlu_0278_10,finance,domain_term_phonetic_semantic_substitution,train,0,0,0,0,0,0,0,0,0,0
nlu_0054_10,medical,domain_term_phonetic_semantic_substitution,train,0,0,0,0,0,0,1,1,0,2
nlu_0275_06,finance,domain_term_phonetic_semantic_substitution,unseen,0,0,0,0,0,0,1,1,1,3
nlu_0540_02,general,domain_term_phonetic_semantic_substitution,train,0,0,0,0,0,0,0,0,0,0
nlu_0548_07,general,domain_term_phonetic_semantic_substitution,validation,0,0,0,0,0,0,0,0,0,0
nlu_0115_06,medical,domain_term_phonetic_semantic_substitution,unseen,0,0,0,0,0,0,0,0,0,0
nlu_0513_08,general,domain_term_phonetic_semantic_substitution,validation,0,0,0,0,0,0,0,0,0,0
nlu_0447_09,technology,domain_term_phonetic_semantic_substitution,train,0,0,0,0,0,0,0,1,1,2
nlu_0067_08,medical,domain_term_phonetic_semantic_substitution,train,0,0,0,0,0,0,1,0,0,1
nlu_0302_10,finance,domain_term_phonetic_semantic_substitution,train,0,0,0,0,0,0,0,0,1,1
nlu_0036_08,medical,domain_term_phonetic_semantic_substitution,train,0,0,0,0,0,0,0,0,0,0
nlu_0507_04,general,domain_term_phonetic_semantic_substitution,validation,0,0,0,0,0,0,0,0,0,0
nlu_0284_02,finance,domain_term_phonetic_semantic_substitution,validation,0,0,0,0,0,0,0,0,0,0
nlu_0279_04,finance,domain_term_phonetic_semantic_substitution,train,0,0,0,0,0,0,0,0,0,0
nlu_0136_04,medical,domain_term_phonetic_semantic_substitution,train,0,0,0,0,0,0,0,1,0,1
nlu_0514_02,general,domain_term_phonetic_semantic_substitution,train,0,0,0,0,0,0,0,0,0,0
nlu_0048_01,medical,domain_term_phonetic_semantic_substitution,train,0,0,0,0,0,0,0,0,0,0
nlu_0271_04,finance,domain_term_phonetic_semantic_substitution,unseen,0,1,0,1,2,0,1,0,1,2
nlu_0334_01,legal,domain_term_phonetic_semantic_substitution,train,0,0,0,0,0,0,0,0,0,0
nlu_0364_08,legal,domain_term_phonetic_semantic_substitution,unseen,0,0,0,0,0,0,0,0,0,0
nlu_0140_07,medical,domain_term_phonetic_semantic_substitution,train,0,0,0,0,0,0,0,0,0,0
nlu_0359_05,legal,domain_term_phonetic_semantic_substitution,train,0,0,0,0,0,0,0,0,0,0
nlu_0538_10,general,domain_term_phonetic_semantic_substitution,train,0,0,0,0,0,0,0,0,0,0
nlu_0527_03,general,domain_term_phonetic_semantic_substitution,validation,0,0,0,0,0,0,0,0,0,0
nlu_0338_07,legal,domain_term_phonetic_semantic_substitution,train,0,0,0,0,0,0,0,0,0,0
nlu_0126_07,medical,domain_term_phonetic_semantic_substitution,train,0,0,0,0,0,0,0,0,0,0
nlu_0352_03,legal,domain_term_phonetic_semantic_substitution,train,0,0,0,0,0,0,0,0,0,0
nlu_0126_01,medical,domain_term_phonetic_semantic_substitution,train,0,0,0,0,0,0,0,0,0,0
nlu_0577_03,general,domain_term_phonetic_semantic_substitution,unseen,0,0,0,0,0,0,0,0,0,0
nlu_0430_09,legal,domain_term_phonetic_semantic_substitution,unseen,0,0,0,0,0,0,1,1,1,3
nlu_0329_05,legal,domain_term_phonetic_semantic_substitution,validation,0,0,0,0,0,0,0,0,0,0
nlu_0294_04,finance,domain_term_phonetic_semantic_substitution,train,0,0,0,0,0,0,0,0,0,0
nlu_0418_06,legal,domain_term_phonetic_semantic_substitution,train,0,0,0,0,0,0,0,1,0,1
nlu_0527_09,general,domain_term_phonetic_semantic_substitution,validation,0,0,0,0,0,0,0,0,0,0
nlu_0492_01,technology,domain_term_phonetic_semantic_substitution,validation,0,0,0,0,0,0,0,0,0,0
nlu_0186_03,medical,domain_term_phonetic_semantic_substitution,validation,0,0,0,0,0,0,0,0,1,1
nlu_0562_03,general,domain_term_phonetic_semantic_substitution,validation,0,0,0,0,0,0,0,0,0,0
nlu_0585_02,general,domain_term_phonetic_semantic_substitution,train,0,0,0,0,0,0,0,0,0,0
nlu_0211_06,finance,domain_term_phonetic_semantic_substitution,train,0,0,0,0,0,0,0,0,0,0
nlu_0014_04,medical,domain_term_phonetic_semantic_substitution,train,0,0,0,0,0,0,0,0,0,0
nlu_0524_07,general,domain_term_phonetic_semantic_substitution,train,0,0,0,0,0,0,0,0,0,0
nlu_0503_10,general,domain_term_phonetic_semantic_substitution,train,0,0,0,0,0,0,0,0,0,0
nlu_0093_09,medical,domain_term_phonetic_semantic_substitution,train,0,0,0,0,0,0,0,1,0,1
nlu_0083_04,medical,domain_term_phonetic_semantic_substitution,validation,0,0,0,1,1,0,1,1,1,3
nlu_0545_07,general,domain_term_phonetic_semantic_substitution,train,0,0,0,0,0,0,0,0,0,0
nlu_0154_02,medical,domain_term_phonetic_semantic_substitution,train,0,0,0,0,0,0,0,0,0,0
nlu_0122_05,medical,domain_term_phonetic_semantic_substitution,train,0,0,0,0,0,0,0,0,0,0
nlu_0051_05,medical,domain_term_phonetic_semantic_substitution,train,0,0,0,0,0,0,1,1,0,2
nlu_0429_06,legal,domain_term_phonetic_semantic_substitution,train,0,0,0,0,0,0,0,1,0,1
nlu_0200_07,finance,domain_term_phonetic_semantic_substitution,train,0,0,0,0,0,0,1,1,1,3
nlu_0308_03,finance,domain_term_phonetic_semantic_substitution,train,0,0,0,0,0,0,0,0,0,0
nlu_0196_09,finance,domain_term_phonetic_semantic_substitution,validation,0,0,0,0,0,0,0,1,1,2
nlu_0139_05,medical,domain_term_phonetic_semantic_substitution,train,0,0,0,0,0,0,0,0,0,0
nlu_0090_05,medical,domain_term_phonetic_semantic_substitution,unseen,0,0,0,0,0,0,1,0,0,1
nlu_0493_05,technology,domain_term_phonetic_semantic_substitution,train,0,0,0,0,0,0,0,0,0,0
nlu_0046_06,medical,domain_term_phonetic_semantic_substitution,train,0,0,0,0,0,0,0,1,1,2
nlu_0556_09,general,domain_term_phonetic_semantic_substitution,validation,0,0,0,0,0,0,0,0,0,0
nlu_0371_10,legal,domain_term_phonetic_semantic_substitution,unseen,0,0,0,0,0,0,0,0,0,0
nlu_0554_04,general,domain_term_phonetic_semantic_substitution,train,0,0,0,0,0,0,0,0,0,0
nlu_0485_10,technology,domain_term_phonetic_semantic_substitution,train,0,0,0,0,0,0,0,0,0,0
nlu_0475_09,technology,domain_term_phonetic_semantic_substitution,train,0,0,0,0,0,0,0,0,0,0
nlu_0427_09,legal,domain_term_phonetic_semantic_substitution,train,0,0,0,0,0,0,0,0,0,0
nlu_0353_03,legal,domain_term_phonetic_semantic_substitution,unseen,0,0,0,0,0,0,0,0,0,0
nlu_0414_05,legal,domain_term_phonetic_semantic_substitution,validation,0,0,0,0,0,0,0,0,0,0
nlu_0361_03,legal,domain_term_phonetic_semantic_substitution,train,0,0,0,0,0,0,0,0,0,0
nlu_0072_04,medical,domain_term_phonetic_semantic_substitution,unseen,0,0,0,0,0,0,1,1,1,3
nlu_0419_07,legal,domain_term_phonetic_semantic_substitution,train,0,0,0,0,0,0,0,1,0,1
nlu_0222_05,finance,domain_term_phonetic_semantic_substitution,train,0,0,0,0,0,0,0,0,0,0
nlu_0531_02,general,domain_term_phonetic_semantic_substitution,train,0,0,0,0,0,0,0,0,0,0
nlu_0293_04,finance,domain_term_phonetic_semantic_substitution,train,0,0,0,0,0,0,0,0,0,0
nlu_0182_01,medical,domain_term_phonetic_semantic_substitution,train,0,0,0,0,0,0,0,0,1,1
nlu_0349_07,legal,domain_term_phonetic_semantic_substitution,unseen,0,0,0,0,0,0,0,0,0,0
nlu_0315_02,legal,domain_term_phonetic_semantic_substitution,train,0,0,0,0,0,0,0,0,0,0
nlu_0183_08,medical,domain_term_phonetic_semantic_substitution,train,0,0,0,0,0,0,0,0,0,0
nlu_0116_06,medical,domain_term_phonetic_semantic_substitution,train,0,0,0,0,0,0,0,0,0,0
nlu_0133_05,medical,domain_term_phonetic_semantic_substitution,train,0,0,0,0,0,0,0,0,0,0
nlu_0432_03,legal,domain_term_phonetic_semantic_substitution,train,0,0,0,0,0,0,0,0,0,0
nlu_0052_01,medical,domain_term_phonetic_semantic_substitution,train,0,0,0,0,0,0,1,1,1,3
nlu_0169_01,medical,domain_term_phonetic_semantic_substitution,train,0,0,0,0,0,0,0,0,0,0
nlu_0050_10,medical,domain_term_phonetic_semantic_substitution,train,0,0,0,0,0,0,0,1,0,1
nlu_0544_08,general,domain_term_phonetic_semantic_substitution,train,0,0,0,0,0,0,0,0,0,0
nlu_0186_07,medical,domain_term_phonetic_semantic_substitution,validation,0,0,0,0,0,0,0,0,0,0
nlu_0139_09,medical,domain_term_phonetic_semantic_substitution,train,0,0,0,0,0,0,0,0,0,0
nlu_0372_10,legal,domain_term_phonetic_semantic_substitution,train,0,0,0,0,0,0,0,0,0,0
nlu_0239_07,finance,domain_term_phonetic_semantic_substitution,unseen,0,0,0,0,0,0,0,0,0,0
nlu_0324_07,legal,domain_term_phonetic_semantic_substitution,unseen,0,0,0,0,0,0,0,1,0,1
nlu_0155_01,medical,domain_term_phonetic_semantic_substitution,train,0,0,0,0,0,0,0,0,0,0
nlu_0122_08,medical,domain_term_phonetic_semantic_substitution,train,0,0,0,0,0,0,1,0,0,1
nlu_0269_02,finance,domain_term_phonetic_semantic_substitution,train,0,0,0,0,0,0,0,0,0,0
nlu_0300_04,finance,domain_term_phonetic_semantic_substitution,validation,0,0,0,0,0,0,0,0,0,0
nlu_0120_02,medical,domain_term_phonetic_semantic_substitution,train,0,0,0,0,0,0,0,0,0,0
nlu_0530_04,general,domain_term_phonetic_semantic_substitution,validation,0,0,0,0,0,0,0,0,0,0
nlu_0155_03,medical,domain_term_phonetic_semantic_substitution,train,0,0,0,0,0,0,0,0,0,0
nlu_0331_02,legal,domain_term_phonetic_semantic_substitution,train,0,0,0,0,0,0,0,0,0,0
nlu_0333_05,legal,domain_term_phonetic_semantic_substitution,unseen,0,0,0,0,0,0,0,0,0,0
nlu_0254_10,finance,domain_term_phonetic_semantic_substitution,train,0,0,0,0,0,0,0,0,0,0
nlu_0096_04,medical,domain_term_phonetic_semantic_substitution,unseen,0,0,1,1,2,0,1,1,1,3
nlu_0485_07,technology,domain_term_phonetic_semantic_substitution,train,0,0,0,0,0,0,0,0,0,0
nlu_0434_01,legal,domain_term_phonetic_semantic_substitution,train,0,0,0,0,0,0,0,0,0,0
nlu_0074_03,medical,domain_term_phonetic_semantic_substitution,unseen,0,0,0,0,0,0,0,0,0,0
nlu_0600_02,general,domain_term_phonetic_semantic_substitution,train,0,0,0,0,0,0,0,0,0,0
nlu_0116_07,medical,domain_term_phonetic_semantic_substitution,train,0,0,0,0,0,0,0,0,0,0
nlu_0556_08,general,domain_term_phonetic_semantic_substitution,validation,0,0,0,0,0,0,0,0,0,0
nlu_0330_05,legal,domain_term_phonetic_semantic_substitution,train,0,0,0,0,0,0,0,0,0,0
nlu_0299_03,finance,domain_term_phonetic_semantic_substitution,validation,0,0,0,0,0,0,0,0,0,0
nlu_0531_06,general,domain_term_phonetic_semantic_substitution,train,0,0,0,0,0,0,0,0,0,0
nlu_0517_02,general,domain_term_phonetic_semantic_substitution,train,0,0,0,0,0,0,0,0,0,0
nlu_0216_07,finance,domain_term_phonetic_semantic_substitution,train,0,0,0,0,0,0,0,0,0,0
nlu_0107_03,medical,domain_term_phonetic_semantic_substitution,train,0,0,0,0,0,0,0,0,0,0
nlu_0262_07,finance,domain_term_phonetic_semantic_substitution,train,0,0,0,0,0,0,0,0,0,0
nlu_0117_08,medical,domain_term_phonetic_semantic_substitution,train,0,0,0,0,0,0,0,0,0,0
nlu_0323_03,legal,domain_term_phonetic_semantic_substitution,unseen,0,0,0,0,0,0,0,0,0,0
nlu_0364_07,legal,domain_term_phonetic_semantic_substitution,unseen,0,0,0,0,0,0,0,0,0,0
nlu_0294_09,finance,domain_term_phonetic_semantic_substitution,train,0,0,0,0,0,0,0,1,1,2
nlu_0450_02,technology,domain_term_phonetic_semantic_substitution,train,0,0,0,0,0,0,0,0,0,0
nlu_0315_01,legal,domain_term_phonetic_semantic_substitution,train,0,0,0,0,0,0,0,0,0,0
nlu_0499_01,technology,domain_term_phonetic_semantic_substitution,train,0,0,0,0,0,0,0,1,0,1
nlu_0015_04,medical,domain_term_phonetic_semantic_substitution,train,0,0,0,0,0,0,0,0,0,0
nlu_0358_08,legal,domain_term_phonetic_semantic_substitution,train,0,0,0,0,0,0,0,0,0,0
nlu_0495_07,technology,domain_term_phonetic_semantic_substitution,train,0,0,0,0,0,0,0,0,0,0
nlu_0279_03,finance,domain_term_phonetic_semantic_substitution,train,0,0,0,0,0,0,0,0,0,0
nlu_0072_08,medical,domain_term_phonetic_semantic_substitution,unseen,0,0,0,0,0,0,1,0,0,1
nlu_0182_10,medical,domain_term_phonetic_semantic_substitution,train,0,0,0,0,0,0,0,1,1,2
nlu_0251_03,finance,domain_term_phonetic_semantic_substitution,unseen,0,0,0,0,0,0,0,0,0,0
nlu_0437_01,legal,domain_term_phonetic_semantic_substitution,train,0,0,0,0,0,0,0,1,0,1
nlu_0418_02,legal,domain_term_phonetic_semantic_substitution,train,0,0,0,0,0,0,0,0,0,0
nlu_0040_06,medical,domain_term_phonetic_semantic_substitution,train,0,0,0,0,0,0,0,0,0,0
nlu_0580_08,general,domain_term_phonetic_semantic_substitution,train,0,0,0,0,0,0,0,0,0,0
nlu_0450_03,technology,domain_term_phonetic_semantic_substitution,train,0,0,0,0,0,0,0,0,0,0
nlu_0137_06,medical,domain_term_phonetic_semantic_substitution,validation,0,0,0,0,0,0,0,0,0,0
nlu_0591_01,general,domain_term_phonetic_semantic_substitution,unseen,0,0,0,0,0,0,0,0,0,0
nlu_0060_06,medical,domain_term_phonetic_semantic_substitution,train,0,0,0,0,0,0,0,1,0,1
nlu_0396_03,legal,domain_term_phonetic_semantic_substitution,train,0,0,0,0,0,0,0,1,1,2
nlu_0540_03,general,domain_term_phonetic_semantic_substitution,train,0,0,0,0,0,0,0,0,0,0
nlu_0497_09,technology,domain_term_phonetic_semantic_substitution,train,0,0,0,0,0,0,0,1,0,1
nlu_0292_05,finance,domain_term_phonetic_semantic_substitution,train,0,0,0,0,0,0,0,0,0,0
nlu_0233_07,finance,domain_term_phonetic_semantic_substitution,validation,0,0,0,1,1,0,0,1,1,2
nlu_0377_07,legal,domain_term_phonetic_semantic_substitution,train,0,0,0,0,0,0,0,0,0,0
nlu_0345_01,legal,domain_term_phonetic_semantic_substitution,unseen,0,0,0,0,0,0,0,0,0,0
nlu_0386_02,legal,domain_term_phonetic_semantic_substitution,train,0,0,0,0,0,0,0,0,0,0
nlu_0414_03,legal,domain_term_phonetic_semantic_substitution,validation,0,0,0,0,0,0,0,0,0,0
nlu_0550_10,general,domain_term_phonetic_semantic_substitution,unseen,0,0,0,0,0,0,0,0,0,0
nlu_0215_04,finance,domain_term_phonetic_semantic_substitution,unseen,0,0,0,0,0,0,0,0,0,0
nlu_0583_03,general,domain_term_phonetic_semantic_substitution,train,0,0,0,0,0,0,0,0,0,0
nlu_0508_04,general,domain_term_phonetic_semantic_substitution,train,0,0,0,0,0,0,0,0,0,0
nlu_0158_02,medical,domain_term_phonetic_semantic_substitution,validation,0,0,0,0,0,0,0,0,0,0
nlu_0408_10,legal,domain_term_phonetic_semantic_substitution,train,0,0,0,0,0,0,0,0,0,0
nlu_0113_03,medical,domain_term_phonetic_semantic_substitution,validation,0,0,0,0,0,0,0,0,0,0
nlu_0279_07,finance,domain_term_phonetic_semantic_substitution,train,0,0,0,0,0,0,0,0,0,0
nlu_0297_08,finance,domain_term_phonetic_semantic_substitution,unseen,0,0,0,0,0,0,0,0,0,0
nlu_0251_05,finance,domain_term_phonetic_semantic_substitution,unseen,0,0,0,0,0,0,0,0,0,0
nlu_0347_06,legal,domain_term_phonetic_semantic_substitution,train,0,0,0,0,0,0,0,1,0,1
nlu_0068_06,medical,domain_term_phonetic_semantic_substitution,unseen,0,0,0,0,0,0,0,0,0,0
nlu_0281_09,finance,domain_term_phonetic_semantic_substitution,train,0,0,0,0,0,0,0,0,0,0
nlu_0335_09,legal,domain_term_phonetic_semantic_substitution,train,0,0,0,0,0,0,0,0,0,0
nlu_0073_09,medical,domain_term_phonetic_semantic_substitution,train,0,0,0,0,0,0,0,0,0,0
nlu_0042_03,medical,domain_term_phonetic_semantic_substitution,train,0,0,0,0,0,0,0,0,0,0
nlu_0315_07,legal,domain_term_phonetic_semantic_substitution,train,0,0,0,0,0,0,0,0,1,1
nlu_0152_07,medical,domain_term_phonetic_semantic_substitution,train,0,0,0,0,0,0,0,1,0,1
nlu_0083_06,medical,domain_term_phonetic_semantic_substitution,validation,0,0,0,0,0,0,0,0,0,0
nlu_0327_08,legal,domain_term_phonetic_semantic_substitution,train,0,0,0,0,0,0,0,0,0,0
nlu_0398_05,legal,domain_term_phonetic_semantic_substitution,train,0,0,0,0,0,0,0,0,0,0
nlu_0062_07,medical,domain_term_phonetic_semantic_substitution,train,0,0,0,0,0,0,0,1,0,1
nlu_0012_05,medical,domain_term_phonetic_semantic_substitution,train,0,0,0,0,0,0,0,0,0,0
nlu_0042_08,medical,domain_term_phonetic_semantic_substitution,train,0,0,0,0,0,0,0,0,0,0
nlu_0307_10,finance,domain_term_phonetic_semantic_substitution,validation,0,0,0,0,0,0,0,0,0,0
nlu_0163_06,medical,domain_term_phonetic_semantic_substitution,train,0,0,0,0,0,0,0,0,1,1
nlu_0594_10,general,domain_term_phonetic_semantic_substitution,unseen,0,0,0,0,0,0,0,0,0,0
nlu_0419_06,legal,domain_term_phonetic_semantic_substitution,train,0,0,0,0,0,0,0,1,0,1
nlu_0290_07,finance,domain_term_phonetic_semantic_substitution,train,0,0,0,0,0,0,0,0,0,0
nlu_0561_03,general,domain_term_phonetic_semantic_substitution,train,0,0,0,0,0,0,0,0,0,0
nlu_0209_03,finance,domain_term_phonetic_semantic_substitution,train,0,0,0,0,0,0,0,0,0,0
nlu_0076_04,medical,domain_term_phonetic_semantic_substitution,train,0,0,0,0,0,0,1,1,1,3
nlu_0255_07,finance,domain_term_phonetic_semantic_substitution,train,0,0,0,0,0,0,0,0,0,0
nlu_0397_10,legal,domain_term_phonetic_semantic_substitution,train,0,0,0,0,0,0,0,0,0,0
nlu_0338_04,legal,domain_term_phonetic_semantic_substitution,train,0,0,0,0,0,0,0,0,0,0
nlu_0411_08,legal,domain_term_phonetic_semantic_substitution,unseen,0,0,0,0,0,0,0,0,0,0
nlu_0245_05,finance,domain_term_phonetic_semantic_substitution,train,0,0,0,0,0,0,0,0,0,0
nlu_0439_01,technology,domain_term_phonetic_semantic_substitution,train,0,0,0,0,0,0,0,0,0,0
nlu_0107_07,medical,domain_term_phonetic_semantic_substitution,train,0,0,0,0,0,0,0,0,0,0
nlu_0392_04,legal,domain_term_phonetic_semantic_substitution,train,0,0,0,0,0,0,0,1,0,1
nlu_0529_08,general,domain_term_phonetic_semantic_substitution,train,0,0,0,0,0,0,0,0,0,0
nlu_0539_08,general,domain_term_phonetic_semantic_substitution,train,0,0,0,0,0,0,0,0,0,0
nlu_0350_09,legal,domain_term_phonetic_semantic_substitution,validation,0,0,0,0,0,0,0,0,0,0
nlu_0274_09,finance,domain_term_phonetic_semantic_substitution,unseen,0,0,0,0,0,0,0,0,0,0
nlu_0506_03,general,domain_term_phonetic_semantic_substitution,train,0,0,0,0,0,0,0,0,0,0
nlu_0401_01,legal,domain_term_phonetic_semantic_substitution,train,0,0,0,0,0,0,0,0,0,0
nlu_0157_09,medical,domain_term_phonetic_semantic_substitution,train,0,0,0,0,0,0,0,0,0,0
nlu_0243_08,finance,domain_term_phonetic_semantic_substitution,train,0,0,0,0,0,0,0,0,0,0
nlu_0375_07,legal,domain_term_phonetic_semantic_substitution,train,0,0,0,0,0,0,1,1,0,2
nlu_0557_02,general,domain_term_phonetic_semantic_substitution,train,0,0,0,0,0,0,0,0,0,0
nlu_0169_08,medical,domain_term_phonetic_semantic_substitution,train,0,0,0,0,0,0,0,0,0,0
nlu_0086_02,medical,domain_term_phonetic_semantic_substitution,train,0,0,0,0,0,0,0,0,0,0
nlu_0355_07,legal,domain_term_phonetic_semantic_substitution,train,0,0,0,0,0,0,0,0,0,0
nlu_0090_06,medical,domain_term_phonetic_semantic_substitution,unseen,0,0,1,0,1,0,0,1,0,1
nlu_0460_03,technology,domain_term_phonetic_semantic_substitution,unseen,0,0,0,0,0,0,0,0,0,0
nlu_0034_06,medical,domain_term_phonetic_semantic_substitution,train,0,0,0,0,0,0,0,0,0,0
nlu_0284_10,finance,domain_term_phonetic_semantic_substitution,validation,0,0,0,0,0,0,0,0,0,0
nlu_0309_08,finance,domain_term_phonetic_semantic_substitution,train,0,0,0,0,0,0,0,0,0,0
nlu_0462_02,technology,domain_term_phonetic_semantic_substitution,validation,0,0,0,0,0,0,0,0,0,0
nlu_0135_09,medical,domain_term_phonetic_semantic_substitution,validation,0,0,0,0,0,0,0,0,0,0
nlu_0102_06,medical,domain_term_phonetic_semantic_substitution,validation,0,0,0,1,1,0,0,0,1,1
nlu_0282_07,finance,domain_term_phonetic_semantic_substitution,unseen,0,0,0,0,0,0,0,0,0,0
nlu_0164_02,medical,domain_term_phonetic_semantic_substitution,unseen,0,0,0,0,0,0,0,0,0,0
nlu_0249_10,finance,domain_term_phonetic_semantic_substitution,train,0,0,0,0,0,0,0,0,0,0
nlu_0374_01,legal,domain_term_phonetic_semantic_substitution,unseen,0,0,0,0,0,0,0,0,0,0
nlu_0326_02,legal,domain_term_phonetic_semantic_substitution,train,0,0,0,0,0,0,0,0,0,0
nlu_0556_06,general,domain_term_phonetic_semantic_substitution,validation,0,0,0,0,0,0,0,0,0,0
nlu_0208_01,finance,domain_term_phonetic_semantic_substitution,train,0,0,0,0,0,0,0,0,0,0
nlu_0446_03,technology,domain_term_phonetic_semantic_substitution,validation,0,0,0,0,0,0,0,0,0,0
nlu_0586_09,general,domain_term_phonetic_semantic_substitution,unseen,0,0,0,0,0,0,0,0,0,0
nlu_0541_09,general,domain_term_phonetic_semantic_substitution,train,0,0,0,0,0,0,0,0,0,0
nlu_0164_06,medical,domain_term_phonetic_semantic_substitution,unseen,0,0,1,0,1,0,0,1,1,2
nlu_0465_07,technology,domain_term_phonetic_semantic_substitution,unseen,0,0,0,0,0,0,0,0,0,0
nlu_0248_10,finance,domain_term_phonetic_semantic_substitution,train,0,0,0,0,0,0,0,0,0,0
nlu_0227_06,finance,domain_term_phonetic_semantic_substitution,train,0,0,0,0,0,0,0,0,0,0
nlu_0296_10,finance,domain_term_phonetic_semantic_substitution,train,0,0,0,0,0,0,0,0,0,0
nlu_0533_04,general,domain_term_phonetic_semantic_substitution,train,0,0,0,0,0,0,0,0,0,0
nlu_0568_03,general,domain_term_phonetic_semantic_substitution,train,0,0,0,0,0,0,0,0,0,0
nlu_0306_10,finance,domain_term_phonetic_semantic_substitution,validation,0,0,0,0,0,0,0,0,1,1
nlu_0506_04,general,domain_term_phonetic_semantic_substitution,train,0,0,0,0,0,0,0,0,0,0
nlu_0215_02,finance,domain_term_phonetic_semantic_substitution,unseen,0,0,0,0,0,0,0,0,0,0
nlu_0511_05,general,domain_term_phonetic_semantic_substitution,train,0,0,0,0,0,0,0,0,0,0
nlu_0312_09,finance,domain_term_phonetic_semantic_substitution,validation,0,0,1,0,1,0,0,1,0,1
nlu_0519_09,general,domain_term_phonetic_semantic_substitution,train,0,0,0,0,0,0,0,0,0,0
nlu_0567_05,general,domain_term_phonetic_semantic_substitution,train,0,0,0,0,0,0,0,0,0,0
nlu_0405_06,legal,domain_term_phonetic_semantic_substitution,train,0,0,0,0,0,0,0,1,0,1
nlu_0336_07,legal,domain_term_phonetic_semantic_substitution,train,0,0,0,0,0,0,0,0,0,0
nlu_0275_05,finance,domain_term_phonetic_semantic_substitution,unseen,0,0,0,0,0,0,0,0,0,0
nlu_0510_03,general,domain_term_phonetic_semantic_substitution,train,0,0,0,0,0,0,0,0,0,0
nlu_0351_07,legal,domain_term_phonetic_semantic_substitution,train,0,0,0,0,0,0,0,0,0,0
nlu_0168_10,medical,domain_term_phonetic_semantic_substitution,unseen,0,0,0,0,0,0,0,0,0,0
nlu_0425_10,legal,domain_term_phonetic_semantic_substitution,train,0,0,0,0,0,0,0,0,0,0
nlu_0315_08,legal,domain_term_phonetic_semantic_substitution,train,0,0,0,0,0,0,0,0,0,0
nlu_0230_05,finance,domain_term_phonetic_semantic_substitution,train,0,0,0,0,0,0,0,0,0,0
nlu_0059_01,medical,domain_term_phonetic_semantic_substitution,validation,0,0,0,0,0,0,0,0,0,0
nlu_0148_01,medical,domain_term_phonetic_semantic_substitution,train,0,0,0,0,0,0,0,0,0,0
nlu_0480_10,technology,domain_term_phonetic_semantic_substitution,train,0,0,0,0,0,0,0,0,0,0
nlu_0408_01,legal,domain_term_phonetic_semantic_substitution,train,0,0,0,0,0,0,0,0,0,0
nlu_0531_09,general,domain_term_phonetic_semantic_substitution,train,0,0,0,0,0,0,0,0,0,0
nlu_0335_04,legal,domain_term_phonetic_semantic_substitution,train,0,0,0,0,0,0,0,1,1,2
nlu_0500_03,technology,domain_term_phonetic_semantic_substitution,validation,0,0,0,0,0,0,0,0,0,0
nlu_0459_04,technology,domain_term_phonetic_semantic_substitution,train,0,0,0,0,0,0,0,0,1,1
nlu_0368_03,legal,domain_term_phonetic_semantic_substitution,unseen,0,0,0,0,0,0,0,0,0,0
nlu_0056_10,medical,domain_term_phonetic_semantic_substitution,train,0,0,0,0,0,0,1,1,0,2
nlu_0524_08,general,domain_term_phonetic_semantic_substitution,train,0,0,0,0,0,0,0,0,0,0
nlu_0522_06,general,domain_term_phonetic_semantic_substitution,validation,0,0,0,0,0,0,0,0,0,0
nlu_0285_10,finance,domain_term_phonetic_semantic_substitution,unseen,0,0,0,0,0,0,0,0,0,0
nlu_0052_03,medical,domain_term_phonetic_semantic_substitution,train,0,0,0,0,0,0,1,1,0,2
nlu_0473_10,technology,domain_term_phonetic_semantic_substitution,train,0,0,0,0,0,0,0,0,0,0
nlu_0109_02,medical,domain_term_phonetic_semantic_substitution,train,0,0,0,0,0,0,0,0,0,0
nlu_0167_05,medical,domain_term_phonetic_semantic_substitution,unseen,0,0,0,0,0,0,0,0,1,1
nlu_0102_03,medical,domain_term_phonetic_semantic_substitution,validation,0,0,0,0,0,0,0,0,0,0
nlu_0194_02,finance,domain_term_phonetic_semantic_substitution,train,0,0,0,0,0,0,1,0,1,2
nlu_0116_01,medical,domain_term_phonetic_semantic_substitution,train,0,0,0,0,0,0,0,0,0,0
nlu_0284_09,finance,domain_term_phonetic_semantic_substitution,validation,0,0,1,1,2,0,0,1,1,2
nlu_0012_07,medical,domain_term_phonetic_semantic_substitution,train,0,0,0,0,0,0,0,0,0,0
nlu_0075_01,medical,domain_term_phonetic_semantic_substitution,train,0,0,0,0,0,0,0,0,0,0
nlu_0577_02,general,domain_term_phonetic_semantic_substitution,unseen,0,0,0,0,0,0,0,0,0,0
nlu_0518_08,general,domain_term_phonetic_semantic_substitution,unseen,0,0,0,0,0,0,0,0,0,0
nlu_0368_06,legal,domain_term_phonetic_semantic_substitution,unseen,0,0,0,0,0,0,0,1,1,2
nlu_0084_01,medical,domain_term_phonetic_semantic_substitution,train,0,0,0,0,0,0,0,0,0,0
nlu_0012_10,medical,domain_term_phonetic_semantic_substitution,train,0,0,0,0,0,0,0,0,0,0
nlu_0476_03,technology,domain_term_phonetic_semantic_substitution,train,0,0,0,0,0,0,0,0,0,0
nlu_0573_09,general,domain_term_phonetic_semantic_substitution,validation,0,0,0,0,0,0,0,0,0,0
nlu_0569_02,general,domain_term_phonetic_semantic_substitution,train,0,0,0,0,0,0,0,0,0,0
nlu_0593_09,general,domain_term_phonetic_semantic_substitution,unseen,0,0,0,0,0,0,0,0,0,0
nlu_0064_06,medical,domain_term_phonetic_semantic_substitution,train,0,0,0,0,0,0,0,1,0,1
nlu_0447_06,technology,domain_term_phonetic_semantic_substitution,train,0,0,0,0,0,0,0,0,0,0
nlu_0437_05,legal,domain_term_phonetic_semantic_substitution,train,0,0,0,0,0,0,0,1,1,2
nlu_0415_03,legal,domain_term_phonetic_semantic_substitution,train,0,0,0,0,0,0,0,0,0,0
nlu_0100_02,medical,domain_term_phonetic_semantic_substitution,unseen,0,0,0,0,0,0,0,1,0,1
nlu_0088_07,medical,domain_term_phonetic_semantic_substitution,train,0,0,0,0,0,0,0,0,1,1
nlu_0487_10,technology,domain_term_phonetic_semantic_substitution,train,0,0,0,0,0,0,0,0,0,0
nlu_0532_06,general,domain_term_phonetic_semantic_substitution,train,0,0,0,0,0,0,0,0,0,0
nlu_0523_03,general,domain_term_phonetic_semantic_substitution,train,0,0,0,0,0,0,0,0,0,0
nlu_0001_05,medical,domain_term_phonetic_semantic_substitution,validation,0,0,0,0,0,0,0,0,0,0
nlu_0306_02,finance,domain_term_phonetic_semantic_substitution,validation,0,0,0,0,0,0,0,0,0,0
nlu_0313_05,finance,domain_term_phonetic_semantic_substitution,train,0,0,0,0,0,0,0,0,0,0
nlu_0267_01,finance,domain_term_phonetic_semantic_substitution,train,0,0,0,0,0,0,0,0,0,0
nlu_0250_02,finance,domain_term_phonetic_semantic_substitution,train,0,0,0,0,0,0,0,0,0,0
nlu_0518_04,general,domain_term_phonetic_semantic_substitution,unseen,0,0,0,0,0,0,0,0,0,0
nlu_0386_05,legal,domain_term_phonetic_semantic_substitution,train,0,0,0,0,0,0,0,0,0,0
nlu_0494_04,technology,domain_term_phonetic_semantic_substitution,train,0,0,0,0,0,0,0,0,0,0
nlu_0478_08,technology,domain_term_deletion,train,0,0,0,0,0,0,0,0,0,0
nlu_0172_06,medical,domain_term_phonetic_semantic_substitution,train,0,0,0,0,0,0,0,0,0,0
nlu_0115_09,medical,domain_term_phonetic_semantic_substitution,unseen,0,0,0,0,0,0,0,0,0,0
nlu_0327_02,legal,domain_term_phonetic_semantic_substitution,train,0,0,0,0,0,0,0,0,0,0
nlu_0058_05,medical,domain_term_phonetic_semantic_substitution,unseen,0,0,0,0,0,0,0,0,0,0
nlu_0377_10,legal,domain_term_phonetic_semantic_substitution,train,0,0,0,0,0,0,0,0,0,0
nlu_0374_07,legal,domain_term_phonetic_semantic_substitution,unseen,0,0,0,0,0,0,1,1,0,2
nlu_0415_07,legal,domain_term_phonetic_semantic_substitution,train,0,0,0,0,0,0,0,0,0,0
nlu_0086_04,medical,domain_term_phonetic_semantic_substitution,train,0,0,0,0,0,0,1,0,0,1
nlu_0199_03,finance,domain_term_phonetic_semantic_substitution,train,0,0,0,0,0,0,0,0,0,0
nlu_0278_05,finance,domain_term_phonetic_semantic_substitution,train,0,0,0,0,0,0,0,0,0,0
nlu_0493_10,technology,domain_term_phonetic_semantic_substitution,train,0,0,0,0,0,0,0,0,0,0
nlu_0522_02,general,domain_term_phonetic_semantic_substitution,validation,0,0,0,0,0,0,0,0,0,0
nlu_0117_07,medical,domain_term_phonetic_semantic_substitution,train,0,0,0,0,0,0,0,0,0,0
nlu_0098_02,medical,domain_term_phonetic_semantic_substitution,train,0,0,0,0,0,0,0,1,0,1
nlu_0271_02,finance,domain_term_phonetic_semantic_substitution,unseen,0,0,0,0,0,0,0,0,0,0
nlu_0450_06,technology,domain_term_phonetic_semantic_substitution,train,0,0,0,0,0,0,0,0,0,0
nlu_0385_08,legal,domain_term_phonetic_semantic_substitution,validation,0,0,0,0,0,0,0,1,1,2
nlu_0237_09,finance,domain_term_phonetic_semantic_substitution,train,0,0,0,0,0,0,1,1,1,3
nlu_0412_06,legal,domain_term_phonetic_semantic_substitution,train,0,0,0,0,0,0,0,1,0,1
nlu_0479_01,technology,domain_term_phonetic_semantic_substitution,train,0,0,0,0,0,0,0,0,0,0
nlu_0414_02,legal,domain_term_phonetic_semantic_substitution,validation,0,0,0,0,0,0,0,0,0,0
nlu_0296_01,finance,domain_term_phonetic_semantic_substitution,train,0,0,0,0,0,0,0,0,0,0
nlu_0053_05,medical,domain_term_phonetic_semantic_substitution,train,0,0,0,0,0,0,1,1,0,2
nlu_0246_06,finance,domain_term_phonetic_semantic_substitution,train,0,0,0,0,0,0,0,0,0,0
nlu_0502_07,general,domain_term_phonetic_semantic_substitution,train,0,0,0,0,0,0,0,0,0,0
nlu_0185_02,medical,domain_term_phonetic_semantic_substitution,train,0,0,0,0,0,0,0,0,1,1
nlu_0054_08,medical,domain_term_phonetic_semantic_substitution,train,0,0,0,0,0,0,1,1,1,3
nlu_0281_07,finance,domain_term_phonetic_semantic_substitution,train,0,0,0,0,0,0,0,0,0,0
nlu_0560_07,general,domain_term_phonetic_semantic_substitution,train,0,0,0,0,0,0,0,0,0,0
nlu_0435_02,legal,domain_term_phonetic_semantic_substitution,train,0,0,0,0,0,0,0,0,0,0
nlu_0318_06,legal,domain_term_phonetic_semantic_substitution,train,0,0,0,0,0,0,0,1,1,2
nlu_0079_05,medical,domain_term_phonetic_semantic_substitution,validation,0,0,0,0,0,0,1,0,0,1
nlu_0406_08,legal,domain_term_phonetic_semantic_substitution,unseen,0,0,0,0,0,0,0,0,0,0
nlu_0141_10,medical,domain_term_phonetic_semantic_substitution,train,0,0,0,0,0,0,0,0,0,0
nlu_0254_08,finance,domain_term_phonetic_semantic_substitution,train,0,0,0,0,0,0,0,0,0,0
nlu_0016_05,medical,domain_term_phonetic_semantic_substitution,train,0,0,0,0,0,0,0,0,0,0
nlu_0301_10,finance,domain_term_phonetic_semantic_substitution,unseen,0,0,0,0,0,0,0,0,1,1
nlu_0169_07,medical,domain_term_phonetic_semantic_substitution,train,0,0,0,0,0,0,0,0,1,1
nlu_0291_02,finance,domain_term_phonetic_semantic_substitution,train,0,0,0,0,0,0,0,0,0,0
nlu_0594_09,general,domain_term_phonetic_semantic_substitution,unseen,0,0,0,0,0,0,0,0,0,0
nlu_0473_02,technology,domain_term_phonetic_semantic_substitution,train,0,0,0,0,0,0,0,1,1,2
nlu_0387_04,legal,domain_term_phonetic_semantic_substitution,validation,0,0,1,1,2,0,0,0,1,1
nlu_0274_04,finance,domain_term_phonetic_semantic_substitution,unseen,0,0,1,1,2,0,0,1,1,2
nlu_0190_06,finance,domain_term_phonetic_semantic_substitution,train,0,0,0,0,0,0,0,0,0,0
nlu_0545_03,general,domain_term_phonetic_semantic_substitution,train,0,0,0,0,0,0,0,0,0,0
nlu_0057_10,medical,domain_term_phonetic_semantic_substitution,validation,0,0,0,0,0,0,0,0,0,0
nlu_0182_07,medical,domain_term_phonetic_semantic_substitution,train,0,0,0,0,0,0,0,0,0,0
nlu_0207_06,finance,domain_term_phonetic_semantic_substitution,train,0,0,0,0,0,0,0,0,0,0
nlu_0013_08,medical,domain_term_phonetic_semantic_substitution,train,0,0,0,0,0,0,1,1,0,2
nlu_0340_05,legal,domain_term_phonetic_semantic_substitution,train,0,0,0,0,0,0,0,0,0,0
nlu_0333_08,legal,domain_term_phonetic_semantic_substitution,unseen,0,0,0,0,0,0,0,0,0,0
nlu_0598_08,general,domain_term_phonetic_semantic_substitution,train,0,0,0,0,0,0,0,0,0,0
nlu_0298_06,finance,domain_term_phonetic_semantic_substitution,train,0,0,0,0,0,0,0,0,0,0
nlu_0099_01,medical,domain_term_phonetic_semantic_substitution,train,0,0,0,0,0,0,1,1,1,3
nlu_0231_01,finance,domain_term_phonetic_semantic_substitution,train,0,0,0,0,0,0,0,0,0,0
nlu_0020_01,medical,domain_term_phonetic_semantic_substitution,train,0,0,0,0,0,0,0,0,0,0
nlu_0114_10,medical,domain_term_phonetic_semantic_substitution,train,0,0,0,0,0,0,0,0,0,0
nlu_0509_09,general,domain_term_phonetic_semantic_substitution,train,0,0,0,0,0,0,0,0,0,0
nlu_0070_10,medical,domain_term_phonetic_semantic_substitution,train,0,0,0,0,0,0,0,0,0,0
nlu_0573_10,general,domain_term_phonetic_semantic_substitution,validation,0,0,0,0,0,0,0,0,0,0
nlu_0061_07,medical,domain_term_phonetic_semantic_substitution,train,0,0,0,0,0,0,0,1,0,1
nlu_0428_07,legal,domain_term_phonetic_semantic_substitution,train,0,0,0,0,0,0,0,1,1,2
nlu_0031_02,medical,domain_term_phonetic_semantic_substitution,unseen,0,0,0,0,0,0,0,0,1,1
nlu_0343_01,legal,domain_term_phonetic_semantic_substitution,train,0,0,0,0,0,0,0,0,0,0
nlu_0578_06,general,domain_term_phonetic_semantic_substitution,validation,0,0,0,0,0,0,0,0,0,0
nlu_0107_01,medical,domain_term_phonetic_semantic_substitution,train,0,0,0,0,0,0,0,0,1,1
nlu_0257_06,finance,domain_term_phonetic_semantic_substitution,validation,0,0,0,0,0,0,1,0,1,2
nlu_0599_09,general,domain_term_phonetic_semantic_substitution,train,0,0,0,0,0,0,0,0,0,0
nlu_0107_10,medical,domain_term_phonetic_semantic_substitution,train,0,0,0,0,0,0,0,0,0,0
nlu_0253_05,finance,domain_term_phonetic_semantic_substitution,validation,0,0,0,0,0,0,0,0,0,0
nlu_0221_06,finance,domain_term_phonetic_semantic_substitution,unseen,0,0,0,0,0,0,0,0,0,0
nlu_0125_04,medical,domain_term_phonetic_semantic_substitution,train,0,0,0,0,0,0,1,1,1,3
nlu_0002_07,medical,domain_term_phonetic_semantic_substitution,validation,0,0,0,1,1,0,0,0,1,1
nlu_0313_01,finance,domain_term_phonetic_semantic_substitution,train,0,0,0,0,0,0,0,0,0,0
nlu_0598_10,general,domain_term_phonetic_semantic_substitution,train,0,0,0,0,0,0,0,0,0,0
nlu_0465_03,technology,domain_term_phonetic_semantic_substitution,unseen,0,0,0,0,0,0,0,0,0,0
nlu_0476_05,technology,domain_term_phonetic_semantic_substitution,train,0,0,0,0,0,0,0,0,0,0
nlu_0082_06,medical,domain_term_phonetic_semantic_substitution,unseen,0,0,0,0,0,0,0,0,0,0
nlu_0307_08,finance,domain_term_phonetic_semantic_substitution,validation,0,0,0,0,0,0,0,0,0,0
nlu_0600_04,general,domain_term_phonetic_semantic_substitution,train,0,0,0,0,0,0,0,0,0,0
nlu_0561_01,general,domain_term_phonetic_semantic_substitution,train,0,0,0,0,0,0,0,0,0,0
nlu_0096_10,medical,domain_term_phonetic_semantic_substitution,unseen,0,0,0,0,0,0,1,1,1,3
nlu_0490_04,technology,domain_term_phonetic_semantic_substitution,validation,0,0,0,0,0,0,0,1,1,2
nlu_0023_06,medical,domain_term_phonetic_semantic_substitution,train,0,0,0,0,0,0,0,0,0,0
nlu_0336_05,legal,domain_term_phonetic_semantic_substitution,train,0,0,0,0,0,0,0,0,0,0
nlu_0249_06,finance,domain_term_phonetic_semantic_substitution,train,0,0,0,0,0,0,0,0,0,0
nlu_0057_03,medical,domain_term_phonetic_semantic_substitution,validation,0,0,0,0,0,0,0,0,0,0
nlu_0344_07,legal,domain_term_phonetic_semantic_substitution,train,0,0,0,0,0,0,0,0,0,0
nlu_0170_04,medical,domain_term_phonetic_semantic_substitution,train,0,0,0,0,0,0,0,0,0,0
nlu_0105_06,medical,domain_term_phonetic_semantic_substitution,unseen,0,0,0,0,0,0,0,0,0,0
nlu_0345_07,legal,domain_term_phonetic_semantic_substitution,unseen,0,0,1,0,1,0,0,1,0,1
nlu_0457_06,technology,domain_term_phonetic_semantic_substitution,train,0,0,0,0,0,0,0,0,0,0
nlu_0096_05,medical,domain_term_phonetic_semantic_substitution,unseen,0,0,0,0,0,0,0,0,0,0
nlu_0598_07,general,domain_term_phonetic_semantic_substitution,train,0,0,0,0,0,0,0,0,0,0
nlu_0274_06,finance,domain_term_phonetic_semantic_substitution,unseen,0,0,1,1,2,0,0,0,0,0
nlu_0589_05,general,domain_term_phonetic_semantic_substitution,train,0,0,0,0,0,0,0,0,0,0
nlu_0474_06,technology,domain_term_phonetic_semantic_substitution,unseen,0,0,0,0,0,0,0,1,1,2
nlu_0578_09,general,domain_term_phonetic_semantic_substitution,validation,0,0,0,0,0,0,0,0,0,0
nlu_0122_09,medical,domain_term_phonetic_semantic_substitution,train,0,0,0,0,0,0,0,0,0,0
nlu_0526_05,general,domain_term_phonetic_semantic_substitution,train,0,0,0,0,0,0,0,0,0,0
nlu_0552_02,general,domain_term_phonetic_semantic_substitution,train,0,0,0,0,0,0,0,0,0,0
nlu_0153_08,medical,domain_term_phonetic_semantic_substitution,validation,0,0,0,0,0,0,0,0,0,0
nlu_0399_08,legal,domain_term_phonetic_semantic_substitution,validation,0,0,0,0,0,0,0,0,0,0
nlu_0592_10,general,domain_term_deletion,train,0,0,0,0,0,0,0,0,0,0
nlu_0131_01,medical,domain_term_phonetic_semantic_substitution,train,0,0,0,0,0,0,0,0,0,0
nlu_0587_10,general,domain_term_phonetic_semantic_substitution,train,0,0,0,0,0,0,0,0,0,0
nlu_0017_01,medical,domain_term_phonetic_semantic_substitution,train,0,0,0,0,0,0,0,0,0,0
nlu_0407_08,legal,domain_term_phonetic_semantic_substitution,train,0,0,0,0,0,0,0,0,0,0
nlu_0096_07,medical,domain_term_phonetic_semantic_substitution,unseen,0,0,0,0,0,0,1,1,0,2
nlu_0380_02,legal,domain_term_phonetic_semantic_substitution,unseen,0,0,0,1,1,0,0,0,1,1
nlu_0324_05,legal,domain_term_phonetic_semantic_substitution,unseen,0,0,0,0,0,0,0,0,0,0
nlu_0287_10,finance,domain_term_phonetic_semantic_substitution,train,0,0,0,0,0,0,0,0,0,0
nlu_0378_08,legal,domain_term_phonetic_semantic_substitution,train,0,0,0,0,0,0,0,1,1,2
nlu_0444_04,technology,domain_term_phonetic_semantic_substitution,train,0,0,0,0,0,0,0,0,1,1
nlu_0498_04,technology,domain_term_phonetic_semantic_substitution,train,0,0,0,0,0,0,0,0,0,0
nlu_0297_02,finance,domain_term_phonetic_semantic_substitution,unseen,0,0,0,0,0,0,0,0,0,0
nlu_0221_01,finance,domain_term_phonetic_semantic_substitution,unseen,0,0,0,0,0,0,0,0,0,0
nlu_0010_09,medical,domain_term_phonetic_semantic_substitution,validation,0,0,0,0,0,0,0,0,0,0
nlu_0584_05,general,domain_term_phonetic_semantic_substitution,train,0,0,0,0,0,0,0,0,0,0
nlu_0256_08,finance,domain_term_phonetic_semantic_substitution,train,0,0,0,0,0,0,0,0,0,0
nlu_0319_04,legal,domain_term_phonetic_semantic_substitution,train,0,0,0,0,0,0,0,1,1,2
nlu_0026_04,medical,domain_term_phonetic_semantic_substitution,unseen,0,0,1,1,2,0,0,1,1,2
nlu_0393_04,legal,domain_term_phonetic_semantic_substitution,train,0,0,0,0,0,0,0,1,0,1
nlu_0420_10,legal,domain_term_phonetic_semantic_substitution,train,0,0,0,0,0,0,0,0,0,0
nlu_0145_06,medical,domain_term_phonetic_semantic_substitution,train,0,0,0,0,0,0,0,0,0,0
nlu_0554_10,general,domain_term_phonetic_semantic_substitution,train,0,0,0,0,0,0,0,0,0,0
nlu_0165_09,medical,domain_term_phonetic_semantic_substitution,train,0,0,1,0,1,0,0,1,1,2
nlu_0469_03,technology,domain_term_phonetic_semantic_substitution,train,0,0,0,0,0,0,0,0,0,0
nlu_0473_04,technology,domain_term_phonetic_semantic_substitution,train,0,0,0,0,0,0,0,0,1,1
nlu_0400_02,legal,domain_term_phonetic_semantic_substitution,train,0,0,0,0,0,0,0,0,0,0
nlu_0170_07,medical,domain_term_phonetic_semantic_substitution,train,0,0,0,0,0,0,0,0,1,1
nlu_0320_02,legal,domain_term_phonetic_semantic_substitution,train,0,0,0,0,0,0,0,0,0,0
nlu_0450_10,technology,domain_term_phonetic_semantic_substitution,train,0,0,0,0,0,0,0,0,0,0
nlu_0116_05,medical,domain_term_phonetic_semantic_substitution,train,0,0,0,0,0,0,0,0,0,0
nlu_0226_06,finance,domain_term_phonetic_semantic_substitution,unseen,0,0,1,1,2,0,0,1,1,2
nlu_0169_03,medical,domain_term_phonetic_semantic_substitution,train,0,0,0,0,0,0,0,0,0,0
nlu_0318_01,legal,domain_term_phonetic_semantic_substitution,train,0,0,0,0,0,0,0,0,0,0
nlu_0206_07,finance,domain_term_phonetic_semantic_substitution,train,0,0,0,0,0,0,0,0,0,0
nlu_0410_01,legal,domain_term_phonetic_semantic_substitution,train,0,0,0,0,0,0,0,0,0,0
nlu_0586_04,general,domain_term_phonetic_semantic_substitution,unseen,0,0,0,0,0,0,0,0,0,0
nlu_0311_09,finance,domain_term_phonetic_semantic_substitution,train,0,0,0,0,0,0,0,0,0,0
nlu_0455_09,technology,domain_term_phonetic_semantic_substitution,validation,0,0,0,0,0,0,0,1,1,2
nlu_0373_04,legal,domain_term_phonetic_semantic_substitution,train,0,0,0,0,0,0,0,0,0,0
nlu_0543_04,general,domain_term_phonetic_semantic_substitution,train,0,0,0,0,0,0,0,0,0,0
nlu_0205_10,finance,domain_term_phonetic_semantic_substitution,validation,0,0,0,0,0,0,0,0,0,0
nlu_0498_07,technology,domain_term_phonetic_semantic_substitution,train,0,0,0,0,0,0,0,0,0,0
nlu_0365_04,legal,domain_term_phonetic_semantic_substitution,train,0,0,0,0,0,0,0,0,1,1
nlu_0592_05,general,domain_term_deletion,train,0,0,0,0,0,0,0,0,0,0
nlu_0063_04,medical,domain_term_phonetic_semantic_substitution,train,0,0,0,0,0,0,0,0,0,0
nlu_0027_03,medical,domain_term_phonetic_semantic_substitution,train,0,0,0,0,0,0,0,0,0,0
nlu_0574_01,general,domain_term_phonetic_semantic_substitution,train,0,0,0,0,0,0,0,0,0,0
nlu_0337_10,legal,domain_term_phonetic_semantic_substitution,train,0,0,0,0,0,0,0,1,0,1
nlu_0407_02,legal,domain_term_phonetic_semantic_substitution,train,0,0,0,0,0,0,0,0,0,0
nlu_0554_05,general,domain_term_phonetic_semantic_substitution,train,0,0,0,0,0,0,0,0,0,0
nlu_0181_03,medical,domain_term_phonetic_semantic_substitution,train,0,0,0,0,0,0,0,0,0,0
nlu_0474_07,technology,domain_term_phonetic_semantic_substitution,unseen,0,0,0,0,0,0,0,0,0,0
nlu_0599_07,general,domain_term_phonetic_semantic_substitution,train,0,0,0,0,0,0,0,0,0,0
nlu_0239_06,finance,domain_term_phonetic_semantic_substitution,unseen,0,0,0,1,1,0,0,0,1,1
nlu_0196_10,finance,domain_term_phonetic_semantic_substitution,validation,0,0,0,0,0,0,1,0,1,2
nlu_0298_07,finance,domain_term_phonetic_semantic_substitution,train,0,0,0,0,0,0,0,0,0,0
nlu_0049_09,medical,domain_term_phonetic_semantic_substitution,train,0,0,0,0,0,0,0,1,0,1
nlu_0185_04,medical,domain_term_phonetic_semantic_substitution,train,0,0,0,0,0,0,1,1,1,3
nlu_0174_05,medical,domain_term_phonetic_semantic_substitution,train,0,0,0,0,0,0,0,1,1,2
nlu_0292_02,finance,domain_term_phonetic_semantic_substitution,train,0,0,0,0,0,0,0,0,0,0
nlu_0322_10,legal,domain_term_phonetic_semantic_substitution,validation,0,0,0,0,0,0,0,0,0,0
nlu_0015_07,medical,domain_term_phonetic_semantic_substitution,train,0,0,0,0,0,0,0,0,0,0
nlu_0564_01,general,domain_term_phonetic_semantic_substitution,train,0,0,0,0,0,0,0,0,0,0
nlu_0199_07,finance,domain_term_phonetic_semantic_substitution,train,0,0,0,0,0,0,0,0,0,0
nlu_0137_10,medical,domain_term_phonetic_semantic_substitution,validation,0,0,0,0,0,0,0,0,0,0
nlu_0282_02,finance,domain_term_phonetic_semantic_substitution,unseen,0,0,0,0,0,0,0,0,0,0
nlu_0066_10,medical,domain_term_phonetic_semantic_substitution,train,0,0,0,0,0,0,0,0,0,0
nlu_0180_05,medical,domain_term_phonetic_semantic_substitution,train,0,0,0,0,0,0,0,0,0,0
nlu_0252_02,finance,domain_term_phonetic_semantic_substitution,train,0,0,0,0,0,0,0,0,0,0
nlu_0340_08,legal,domain_term_phonetic_semantic_substitution,train,0,0,0,0,0,0,0,0,0,0
nlu_0429_03,legal,domain_term_phonetic_semantic_substitution,train,0,0,0,0,0,0,0,0,0,0
nlu_0115_08,medical,domain_term_phonetic_semantic_substitution,unseen,0,0,0,0,0,0,0,0,0,0
nlu_0328_03,legal,domain_term_phonetic_semantic_substitution,validation,0,0,0,0,0,0,0,0,0,0
nlu_0061_09,medical,domain_term_phonetic_semantic_substitution,train,0,0,0,0,0,0,0,0,0,0
nlu_0359_03,legal,domain_term_phonetic_semantic_substitution,train,0,0,0,0,0,0,0,0,0,0
nlu_0194_01,finance,domain_term_phonetic_semantic_substitution,train,0,0,0,0,0,0,0,0,0,0
nlu_0020_08,medical,domain_term_phonetic_semantic_substitution,train,0,0,0,0,0,0,0,0,0,0
nlu_0294_02,finance,domain_term_phonetic_semantic_substitution,train,0,0,0,0,0,0,0,0,0,0
nlu_0233_08,finance,domain_term_phonetic_semantic_substitution,validation,0,0,0,0,0,0,0,0,0,0
nlu_0439_10,technology,domain_term_phonetic_semantic_substitution,train,0,0,0,0,0,0,0,0,0,0
nlu_0077_07,medical,domain_term_phonetic_semantic_substitution,train,0,0,0,0,0,0,0,1,1,2
nlu_0450_07,technology,domain_term_phonetic_semantic_substitution,train,0,0,0,0,0,0,0,0,0,0
nlu_0422_09,legal,domain_term_phonetic_semantic_substitution,train,0,0,0,0,0,0,0,0,0,0
nlu_0326_06,legal,domain_term_phonetic_semantic_substitution,train,0,0,0,0,0,0,0,1,1,2
nlu_0021_03,medical,domain_term_phonetic_semantic_substitution,train,0,0,0,0,0,0,0,0,0,0
nlu_0352_01,legal,domain_term_phonetic_semantic_substitution,train,0,0,0,0,0,0,0,0,0,0
nlu_0494_02,technology,domain_term_phonetic_semantic_substitution,train,0,0,0,0,0,0,0,0,0,0
nlu_0554_06,general,domain_term_phonetic_semantic_substitution,train,0,0,0,0,0,0,0,0,0,0
nlu_0174_04,medical,domain_term_phonetic_semantic_substitution,train,0,0,0,0,0,0,0,0,0,0
nlu_0278_08,finance,domain_term_phonetic_semantic_substitution,train,0,0,0,0,0,0,0,0,0,0
nlu_0171_08,medical,domain_term_phonetic_semantic_substitution,train,0,0,0,0,0,0,0,0,0,0
nlu_0518_03,general,domain_term_phonetic_semantic_substitution,unseen,0,0,0,0,0,0,0,0,0,0
nlu_0525_10,general,domain_term_phonetic_semantic_substitution,validation,0,0,0,0,0,0,0,0,0,0
nlu_0576_08,general,domain_term_phonetic_semantic_substitution,train,0,0,0,0,0,0,0,0,0,0
nlu_0348_05,legal,domain_term_phonetic_semantic_substitution,train,0,0,0,0,0,0,0,0,0,0
nlu_0086_05,medical,domain_term_phonetic_semantic_substitution,train,0,0,0,0,0,0,0,0,0,0
nlu_0569_06,general,domain_term_phonetic_semantic_substitution,train,0,0,0,0,0,0,0,0,0,0
nlu_0474_08,technology,domain_term_phonetic_semantic_substitution,unseen,0,0,0,0,0,0,0,0,0,0
nlu_0410_08,legal,domain_term_phonetic_semantic_substitution,train,0,0,0,0,0,0,0,0,0,0
nlu_0217_01,finance,domain_term_phonetic_semantic_substitution,unseen,0,0,0,0,0,0,0,1,1,2
nlu_0070_09,medical,domain_term_phonetic_semantic_substitution,train,0,0,0,0,0,0,0,0,1,1
nlu_0594_07,general,domain_term_phonetic_semantic_substitution,unseen,0,0,0,0,0,0,0,0,0,0
nlu_0300_10,finance,domain_term_phonetic_semantic_substitution,validation,0,0,0,0,0,0,0,0,1,1
nlu_0370_07,legal,domain_term_phonetic_semantic_substitution,validation,0,0,0,0,0,0,1,1,1,3
nlu_0164_07,medical,domain_term_phonetic_semantic_substitution,unseen,0,0,0,0,0,0,0,1,1,2
nlu_0346_08,legal,domain_term_phonetic_semantic_substitution,train,0,0,0,0,0,0,0,0,0,0
nlu_0359_02,legal,domain_term_phonetic_semantic_substitution,train,0,0,0,0,0,0,0,0,0,0
nlu_0130_02,medical,domain_term_phonetic_semantic_substitution,train,0,0,0,0,0,0,0,0,0,0
nlu_0466_10,technology,domain_term_phonetic_semantic_substitution,train,0,0,0,0,0,0,0,0,0,0
nlu_0562_07,general,domain_term_phonetic_semantic_substitution,validation,0,0,0,0,0,0,0,0,0,0
nlu_0186_04,medical,domain_term_phonetic_semantic_substitution,validation,0,0,0,0,0,1,1,1,1,4
nlu_0524_03,general,domain_term_phonetic_semantic_substitution,train,0,0,0,0,0,0,0,0,0,0
nlu_0377_04,legal,domain_term_phonetic_semantic_substitution,train,0,0,0,0,0,0,0,0,0,0
nlu_0331_05,legal,domain_term_phonetic_semantic_substitution,train,0,0,0,0,0,0,0,0,0,0
nlu_0590_07,general,domain_term_phonetic_semantic_substitution,unseen,0,0,0,0,0,0,0,0,0,0
nlu_0573_08,general,domain_term_phonetic_semantic_substitution,validation,0,0,0,0,0,0,0,0,0,0
nlu_0375_04,legal,domain_term_phonetic_semantic_substitution,train,0,0,0,0,0,0,0,0,0,0
nlu_0345_06,legal,domain_term_phonetic_semantic_substitution,unseen,0,0,0,0,0,0,0,1,0,1
nlu_0200_09,finance,domain_term_phonetic_semantic_substitution,train,0,0,0,0,0,0,0,0,0,0
nlu_0067_04,medical,domain_term_phonetic_semantic_substitution,train,0,0,0,0,0,0,1,1,1,3
nlu_0478_10,technology,domain_term_deletion,train,0,0,0,0,0,0,0,0,0,0
nlu_0536_04,general,domain_term_phonetic_semantic_substitution,train,0,0,0,0,0,0,0,0,0,0
nlu_0375_09,legal,domain_term_phonetic_semantic_substitution,train,0,0,0,0,0,0,1,1,1,3
nlu_0442_04,technology,domain_term_phonetic_semantic_substitution,train,0,0,0,0,0,0,0,0,0,0
nlu_0475_05,technology,domain_term_phonetic_semantic_substitution,train,0,0,0,0,0,0,0,0,0,0
nlu_0554_01,general,domain_term_phonetic_semantic_substitution,train,0,0,0,0,0,0,0,0,0,0
nlu_0558_06,general,domain_term_phonetic_semantic_substitution,train,0,0,0,0,0,0,0,0,0,0
nlu_0071_10,medical,domain_term_phonetic_semantic_substitution,validation,0,0,0,0,0,0,0,0,0,0
nlu_0129_03,medical,domain_term_phonetic_semantic_substitution,validation,0,0,0,0,0,0,0,0,0,0
nlu_0507_09,general,domain_term_phonetic_semantic_substitution,validation,0,0,0,0,0,0,0,0,0,0
nlu_0268_06,finance,domain_term_phonetic_semantic_substitution,train,0,0,0,0,0,0,0,1,1,2
nlu_0403_10,legal,domain_term_phonetic_semantic_substitution,train,0,0,0,0,0,0,0,0,0,0
nlu_0131_07,medical,domain_term_phonetic_semantic_substitution,train,0,0,0,0,0,0,0,0,0,0
nlu_0550_07,general,domain_term_phonetic_semantic_substitution,unseen,0,0,0,0,0,0,0,0,0,0
nlu_0551_05,general,domain_term_phonetic_semantic_substitution,validation,0,0,0,0,0,0,0,0,0,0
nlu_0224_08,finance,domain_term_phonetic_semantic_substitution,unseen,0,0,0,0,0,0,0,0,0,0
nlu_0331_03,legal,domain_term_phonetic_semantic_substitution,train,0,0,0,0,0,0,0,0,0,0
nlu_0560_03,general,domain_term_phonetic_semantic_substitution,train,0,0,0,0,0,0,0,0,0,0
nlu_0204_09,finance,domain_term_phonetic_semantic_substitution,unseen,0,0,0,0,0,0,0,0,0,0
nlu_0153_10,medical,domain_term_phonetic_semantic_substitution,validation,0,0,0,0,0,0,0,0,0,0
nlu_0167_04,medical,domain_term_phonetic_semantic_substitution,unseen,0,0,0,0,0,0,0,1,0,1
nlu_0546_01,general,domain_term_phonetic_semantic_substitution,train,0,0,0,0,0,0,0,0,0,0
nlu_0593_02,general,domain_term_phonetic_semantic_substitution,unseen,0,0,0,0,0,0,0,0,0,0
nlu_0595_04,general,domain_term_phonetic_semantic_substitution,unseen,0,0,0,0,0,0,0,0,0,0
nlu_0363_08,legal,domain_term_phonetic_semantic_substitution,train,0,0,0,0,0,0,0,0,0,0
nlu_0574_10,general,domain_term_phonetic_semantic_substitution,train,0,0,0,0,0,0,0,0,0,0
nlu_0515_08,general,domain_term_phonetic_semantic_substitution,train,0,0,0,0,0,0,0,0,0,0
nlu_0490_02,technology,domain_term_phonetic_semantic_substitution,validation,0,0,0,0,0,0,0,0,0,0
nlu_0270_04,finance,domain_term_phonetic_semantic_substitution,train,0,0,0,0,0,0,0,0,0,0
nlu_0307_01,finance,domain_term_phonetic_semantic_substitution,validation,0,0,0,0,0,0,0,0,0,0
nlu_0160_08,medical,domain_term_phonetic_semantic_substitution,unseen,0,0,0,0,0,0,0,0,0,0
nlu_0273_10,finance,domain_term_phonetic_semantic_substitution,train,0,0,0,0,0,0,0,0,0,0
nlu_0263_06,finance,domain_term_phonetic_semantic_substitution,train,0,0,0,0,0,0,0,0,1,1
nlu_0316_08,legal,domain_term_phonetic_semantic_substitution,train,0,0,0,0,0,0,0,0,0,0
nlu_0332_05,legal,domain_term_phonetic_semantic_substitution,train,0,0,0,0,0,0,0,0,0,0
nlu_0173_03,medical,domain_term_phonetic_semantic_substitution,train,0,0,0,0,0,0,0,0,0,0
nlu_0528_10,general,domain_term_phonetic_semantic_substitution,train,0,0,0,0,0,0,0,0,0,0
nlu_0106_10,medical,domain_term_phonetic_semantic_substitution,train,0,0,0,0,0,0,0,0,0,0
nlu_0464_07,technology,domain_term_phonetic_semantic_substitution,train,0,0,0,0,0,0,0,0,0,0
nlu_0325_03,legal,domain_term_phonetic_semantic_substitution,train,0,0,0,0,0,0,0,0,0,0
nlu_0168_09,medical,domain_term_phonetic_semantic_substitution,unseen,0,0,1,0,1,0,0,1,1,2
nlu_0176_08,medical,domain_term_phonetic_semantic_substitution,unseen,0,0,0,0,0,0,0,0,0,0
nlu_0420_02,legal,domain_term_phonetic_semantic_substitution,train,0,0,0,0,0,0,0,0,0,0
nlu_0512_07,general,domain_term_phonetic_semantic_substitution,unseen,0,0,0,0,0,0,0,0,0,0
nlu_0057_04,medical,domain_term_phonetic_semantic_substitution,validation,0,0,0,0,0,0,1,1,0,2
nlu_0280_01,finance,domain_term_phonetic_semantic_substitution,train,0,0,0,0,0,0,0,0,0,0
nlu_0087_04,medical,domain_term_phonetic_semantic_substitution,train,0,0,0,0,0,0,1,1,0,2
nlu_0149_05,medical,domain_term_phonetic_semantic_substitution,train,0,0,0,0,0,0,0,0,0,0
nlu_0514_05,general,domain_term_phonetic_semantic_substitution,train,0,0,0,0,0,0,0,0,0,0
nlu_0021_07,medical,domain_term_phonetic_semantic_substitution,train,0,0,0,0,0,0,1,1,0,2
nlu_0449_09,technology,domain_term_phonetic_semantic_substitution,validation,0,0,0,0,0,0,0,1,1,2
nlu_0088_01,medical,domain_term_phonetic_semantic_substitution,train,0,0,0,0,0,0,0,0,0,0
nlu_0450_04,technology,domain_term_phonetic_semantic_substitution,train,0,0,0,0,0,0,0,0,0,0
nlu_0051_03,medical,domain_term_phonetic_semantic_substitution,train,0,0,0,0,0,0,1,1,0,2
nlu_0103_09,medical,domain_term_phonetic_semantic_substitution,train,0,0,0,0,0,0,0,0,0,0
nlu_0385_01,legal,domain_term_phonetic_semantic_substitution,validation,0,0,1,1,2,0,0,1,1,2
nlu_0270_01,finance,domain_term_phonetic_semantic_substitution,train,0,0,0,0,0,0,0,0,1,1
nlu_0559_02,general,domain_term_phonetic_semantic_substitution,unseen,0,0,0,0,0,0,0,0,0,0
nlu_0506_07,general,domain_term_phonetic_semantic_substitution,train,0,0,0,0,0,0,0,0,0,0
nlu_0158_01,medical,domain_term_phonetic_semantic_substitution,validation,0,0,0,0,0,0,0,0,0,0
nlu_0278_04,finance,domain_term_phonetic_semantic_substitution,train,0,0,0,0,0,0,0,1,0,1
nlu_0274_02,finance,domain_term_phonetic_semantic_substitution,unseen,0,0,0,0,0,0,0,0,0,0
nlu_0081_05,medical,domain_term_phonetic_semantic_substitution,unseen,0,0,0,0,0,0,0,0,0,0
nlu_0585_08,general,domain_term_phonetic_semantic_substitution,train,0,0,0,0,0,0,0,0,0,0
nlu_0365_06,legal,domain_term_phonetic_semantic_substitution,train,0,0,0,0,0,0,0,1,1,2
nlu_0246_05,finance,domain_term_phonetic_semantic_substitution,train,0,0,0,0,0,0,0,0,0,0
nlu_0460_09,technology,domain_term_phonetic_semantic_substitution,unseen,0,0,0,0,0,0,0,1,1,2
nlu_0311_05,finance,domain_term_phonetic_semantic_substitution,train,0,0,0,0,0,0,0,0,0,0
nlu_0488_06,technology,domain_term_phonetic_semantic_substitution,train,0,0,0,0,0,0,0,0,0,0
nlu_0021_01,medical,domain_term_phonetic_semantic_substitution,train,0,0,0,0,0,0,0,1,0,1
nlu_0310_10,finance,domain_term_phonetic_semantic_substitution,train,0,0,0,0,0,0,0,0,0,0
nlu_0228_09,finance,domain_term_phonetic_semantic_substitution,train,0,0,0,0,0,0,1,0,1,2
nlu_0357_02,legal,domain_term_phonetic_semantic_substitution,train,0,0,0,0,0,0,0,0,0,0
nlu_0448_05,technology,domain_term_phonetic_semantic_substitution,train,0,0,0,0,0,0,0,0,0,0
nlu_0452_05,technology,domain_term_phonetic_semantic_substitution,train,0,0,0,0,0,0,0,0,0,0
nlu_0580_05,general,domain_term_phonetic_semantic_substitution,train,0,0,0,0,0,0,0,0,0,0
nlu_0040_02,medical,domain_term_phonetic_semantic_substitution,train,0,0,0,0,0,0,0,0,0,0
nlu_0562_09,general,domain_term_phonetic_semantic_substitution,validation,0,0,0,0,0,0,0,0,0,0
nlu_0526_09,general,domain_term_phonetic_semantic_substitution,train,0,0,0,0,0,0,0,0,0,0
nlu_0150_06,medical,domain_term_phonetic_semantic_substitution,train,0,0,0,0,0,0,0,0,0,0
nlu_0270_06,finance,domain_term_phonetic_semantic_substitution,train,0,0,0,0,0,0,1,1,1,3
nlu_0203_08,finance,domain_term_phonetic_semantic_substitution,train,0,0,0,0,0,0,0,0,0,0
nlu_0525_09,general,domain_term_phonetic_semantic_substitution,validation,0,0,0,0,0,0,0,0,0,0
nlu_0547_04,general,domain_term_phonetic_semantic_substitution,train,0,0,0,0,0,0,0,0,0,0
nlu_0257_09,finance,domain_term_phonetic_semantic_substitution,validation,0,0,0,0,0,0,0,0,0,0
nlu_0007_05,medical,domain_term_phonetic_semantic_substitution,unseen,0,0,0,0,0,0,0,0,0,0
nlu_0389_05,legal,domain_term_phonetic_semantic_substitution,unseen,0,0,0,0,0,0,0,0,0,0
nlu_0207_03,finance,domain_term_phonetic_semantic_substitution,train,0,0,0,0,0,0,0,0,0,0
nlu_0528_07,general,domain_term_phonetic_semantic_substitution,train,0,0,0,0,0,0,0,0,0,0
nlu_0050_03,medical,domain_term_phonetic_semantic_substitution,train,0,0,0,0,0,0,1,1,0,2
nlu_0038_10,medical,domain_term_phonetic_semantic_substitution,train,0,0,0,0,0,0,0,0,0,0
nlu_0486_10,technology,domain_term_phonetic_semantic_substitution,validation,0,0,0,1,1,0,0,0,1,1
nlu_0400_04,legal,domain_term_phonetic_semantic_substitution,train,0,0,0,0,0,0,0,0,0,0
nlu_0489_08,technology,domain_term_deletion,train,0,0,0,0,0,0,0,0,0,0
nlu_0108_07,medical,domain_term_phonetic_semantic_substitution,train,0,0,0,0,0,0,0,0,0,0
nlu_0088_09,medical,domain_term_phonetic_semantic_substitution,train,0,0,0,0,0,0,0,0,0,0
nlu_0034_08,medical,domain_term_phonetic_semantic_substitution,train,0,0,0,0,0,0,0,1,0,1
nlu_0102_07,medical,domain_term_phonetic_semantic_substitution,validation,0,0,0,0,0,0,0,0,0,0
nlu_0128_06,medical,domain_term_phonetic_semantic_substitution,unseen,0,0,0,0,0,0,0,0,0,0
nlu_0380_09,legal,domain_term_phonetic_semantic_substitution,unseen,0,0,0,0,0,0,0,1,1,2
nlu_0456_02,technology,domain_term_phonetic_semantic_substitution,train,0,0,0,0,0,0,0,0,0,0
nlu_0335_03,legal,domain_term_phonetic_semantic_substitution,train,0,0,0,0,0,0,0,0,0,0
nlu_0492_02,technology,domain_term_phonetic_semantic_substitution,validation,0,0,0,0,0,0,0,0,0,0
nlu_0100_06,medical,domain_term_phonetic_semantic_substitution,unseen,0,0,0,0,0,0,0,0,0,0
nlu_0199_02,finance,domain_term_phonetic_semantic_substitution,train,0,0,0,0,0,0,0,0,0,0
nlu_0430_08,legal,domain_term_phonetic_semantic_substitution,unseen,0,0,0,0,0,0,0,0,0,0
nlu_0017_02,medical,domain_term_phonetic_semantic_substitution,train,0,0,0,0,0,0,1,1,0,2
nlu_0568_06,general,domain_term_phonetic_semantic_substitution,train,0,0,0,0,0,0,0,0,0,0
nlu_0480_09,technology,domain_term_phonetic_semantic_substitution,train,0,0,0,0,0,0,0,0,0,0
nlu_0151_01,medical,domain_term_phonetic_semantic_substitution,validation,0,0,0,0,0,0,0,0,0,0
nlu_0385_04,legal,domain_term_phonetic_semantic_substitution,validation,1,0,1,0,2,1,1,1,1,4
nlu_0523_06,general,domain_term_phonetic_semantic_substitution,train,0,0,0,0,0,0,0,0,0,0
nlu_0262_04,finance,domain_term_phonetic_semantic_substitution,train,0,0,0,0,0,0,0,0,0,0
nlu_0347_02,legal,domain_term_phonetic_semantic_substitution,train,0,0,0,0,0,0,0,0,0,0
nlu_0103_02,medical,domain_term_phonetic_semantic_substitution,train,0,0,0,0,0,0,0,0,0,0
nlu_0308_04,finance,domain_term_phonetic_semantic_substitution,train,0,0,0,0,0,0,0,0,0,0
nlu_0395_04,legal,domain_term_phonetic_semantic_substitution,train,0,0,0,0,0,0,0,0,0,0
nlu_0159_06,medical,domain_term_phonetic_semantic_substitution,train,0,0,0,0,0,0,0,0,0,0
nlu_0196_06,finance,domain_term_phonetic_semantic_substitution,validation,0,0,0,0,0,0,0,0,0,0
nlu_0316_03,legal,domain_term_phonetic_semantic_substitution,train,0,0,0,0,0,0,0,0,0,0
nlu_0004_05,medical,domain_term_phonetic_semantic_substitution,train,0,0,0,0,0,0,0,0,0,0
nlu_0402_05,legal,domain_term_phonetic_semantic_substitution,train,0,0,0,0,0,0,0,0,0,0
nlu_0078_06,medical,domain_term_phonetic_semantic_substitution,train,0,0,0,0,0,0,0,0,0,0
nlu_0256_07,finance,domain_term_phonetic_semantic_substitution,train,0,0,0,0,0,0,0,0,0,0
nlu_0148_09,medical,domain_term_phonetic_semantic_substitution,train,0,0,0,0,0,0,0,0,0,0
nlu_0549_07,general,domain_term_phonetic_semantic_substitution,train,0,0,0,0,0,0,0,0,0,0
nlu_0137_04,medical,domain_term_phonetic_semantic_substitution,validation,0,0,0,0,0,0,0,0,0,0
nlu_0262_03,finance,domain_term_phonetic_semantic_substitution,train,0,0,0,0,0,0,0,0,0,0
nlu_0283_05,finance,domain_term_phonetic_semantic_substitution,train,0,0,0,0,0,0,0,0,0,0
nlu_0205_02,finance,domain_term_phonetic_semantic_substitution,validation,0,0,0,0,0,0,0,0,0,0
nlu_0025_02,medical,domain_term_phonetic_semantic_substitution,validation,0,0,0,0,0,0,0,1,1,2
nlu_0207_02,finance,domain_term_phonetic_semantic_substitution,train,0,0,0,0,0,0,0,0,0,0
nlu_0237_04,finance,domain_term_phonetic_semantic_substitution,train,0,0,0,0,0,0,0,0,0,0
nlu_0061_01,medical,domain_term_phonetic_semantic_substitution,train,0,0,0,0,0,0,0,0,0,0
nlu_0244_06,finance,domain_term_phonetic_semantic_substitution,train,0,0,0,0,0,0,0,0,0,0
nlu_0540_04,general,domain_term_phonetic_semantic_substitution,train,0,0,0,0,0,0,0,0,0,0
nlu_0289_09,finance,domain_term_phonetic_semantic_substitution,train,0,0,0,0,0,0,0,0,0,0
nlu_0065_07,medical,domain_term_phonetic_semantic_substitution,train,0,0,0,0,0,0,0,0,0,0
nlu_0390_01,legal,domain_term_phonetic_semantic_substitution,unseen,0,0,0,0,0,0,0,0,0,0
nlu_0356_07,legal,domain_term_phonetic_semantic_substitution,train,0,0,0,0,0,0,0,0,0,0
nlu_0321_03,legal,domain_term_phonetic_semantic_substitution,validation,0,0,0,0,0,0,0,0,0,0
nlu_0153_09,medical,domain_term_phonetic_semantic_substitution,validation,0,0,0,0,0,0,0,0,0,0
nlu_0127_08,medical,domain_term_phonetic_semantic_substitution,unseen,0,0,0,0,0,0,1,0,0,1
nlu_0190_10,finance,domain_term_phonetic_semantic_substitution,train,0,0,0,0,0,0,1,0,1,2
nlu_0466_09,technology,domain_term_phonetic_semantic_substitution,train,0,0,0,0,0,0,0,0,0,0
nlu_0301_06,finance,domain_term_phonetic_semantic_substitution,unseen,0,0,1,1,2,0,0,1,1,2
nlu_0274_05,finance,domain_term_phonetic_semantic_substitution,unseen,0,0,0,0,0,0,0,0,0,0
nlu_0019_10,medical,domain_term_phonetic_semantic_substitution,train,0,0,0,0,0,0,1,1,1,3
nlu_0181_07,medical,domain_term_phonetic_semantic_substitution,train,0,0,0,0,0,0,0,0,0,0
nlu_0098_06,medical,domain_term_phonetic_semantic_substitution,train,0,0,0,0,0,0,0,0,0,0
nlu_0275_08,finance,domain_term_phonetic_semantic_substitution,unseen,0,0,0,1,1,0,0,0,1,1
nlu_0205_08,finance,domain_term_phonetic_semantic_substitution,validation,0,0,0,0,0,0,0,0,0,0
nlu_0256_09,finance,domain_term_phonetic_semantic_substitution,train,0,0,0,0,0,0,0,0,0,0
nlu_0109_03,medical,domain_term_phonetic_semantic_substitution,train,0,0,0,0,0,0,0,0,0,0
nlu_0048_05,medical,domain_term_phonetic_semantic_substitution,train,0,0,0,0,0,0,0,0,0,0
nlu_0291_05,finance,domain_term_phonetic_semantic_substitution,train,0,0,0,0,0,0,0,0,0,0
nlu_0485_04,technology,domain_term_phonetic_semantic_substitution,train,0,0,0,0,0,0,0,1,1,2
nlu_0412_08,legal,domain_term_phonetic_semantic_substitution,train,0,0,0,0,0,0,0,0,0,0
nlu_0339_06,legal,domain_term_phonetic_semantic_substitution,train,0,0,0,0,0,0,0,1,1,2
nlu_0456_06,technology,domain_term_phonetic_semantic_substitution,train,0,0,0,0,0,0,0,0,0,0
nlu_0119_05,medical,domain_term_phonetic_semantic_substitution,train,0,0,0,0,0,0,0,0,0,0
nlu_0506_02,general,domain_term_phonetic_semantic_substitution,train,0,0,0,0,0,0,0,0,0,0
nlu_0532_02,general,domain_term_phonetic_semantic_substitution,train,0,0,0,0,0,0,0,0,0,0
nlu_0244_04,finance,domain_term_phonetic_semantic_substitution,train,0,0,0,0,0,0,0,0,0,0
nlu_0562_02,general,domain_term_phonetic_semantic_substitution,validation,0,0,0,0,0,0,0,0,0,0
nlu_0240_02,finance,domain_term_phonetic_semantic_substitution,validation,0,0,0,0,0,0,0,0,0,0
nlu_0077_10,medical,domain_term_phonetic_semantic_substitution,train,0,0,0,0,0,0,0,0,1,1
nlu_0169_06,medical,domain_term_phonetic_semantic_substitution,train,0,0,0,0,0,0,0,0,0,0
nlu_0014_01,medical,domain_term_phonetic_semantic_substitution,train,0,0,0,0,0,0,0,0,0,0
nlu_0292_10,finance,domain_term_phonetic_semantic_substitution,train,0,0,0,0,0,0,0,0,0,0
nlu_0318_02,legal,domain_term_phonetic_semantic_substitution,train,0,0,0,0,0,0,0,0,0,0
nlu_0345_05,legal,domain_term_phonetic_semantic_substitution,unseen,0,0,0,0,0,0,0,1,0,1
nlu_0558_09,general,domain_term_phonetic_semantic_substitution,train,0,0,0,0,0,0,0,0,0,0
nlu_0443_07,technology,domain_term_phonetic_semantic_substitution,train,0,0,0,0,0,0,0,0,0,0
nlu_0534_05,general,domain_term_phonetic_semantic_substitution,validation,0,0,0,0,0,0,0,0,0,0
nlu_0047_07,medical,domain_term_phonetic_semantic_substitution,unseen,0,0,0,0,0,0,0,1,1,2
nlu_0574_05,general,domain_term_phonetic_semantic_substitution,train,0,0,0,0,0,0,0,0,0,0
nlu_0310_03,finance,domain_term_phonetic_semantic_substitution,train,0,0,0,0,0,0,0,0,0,0
nlu_0378_03,legal,domain_term_phonetic_semantic_substitution,train,0,0,0,0,0,0,0,0,0,0
nlu_0520_02,general,domain_term_phonetic_semantic_substitution,validation,0,0,0,0,0,0,0,0,0,0
nlu_0523_07,general,domain_term_phonetic_semantic_substitution,train,0,0,0,0,0,0,0,0,0,0
nlu_0540_01,general,domain_term_phonetic_semantic_substitution,train,0,0,0,0,0,0,0,0,0,0
nlu_0087_01,medical,domain_term_phonetic_semantic_substitution,train,0,0,0,0,0,0,0,0,0,0
