audio_path,transcript,domain,subdomain,intent,entity_type,urgency,emotion
synthetic_tts/urgency_high_MED_0001.wav,I am having crushing chest pressure with heavy sweating and I feel suddenly very weak. Can you help me understand how urgently this needs to be handled?,MEDICAL,MEDICAL_SPECIALTY,MEDICAL_SYMPTOM_AND_CONDITION,MEDICAL_SYMPTOM,HIGH,FEAR
synthetic_tts/urgency_high_MED_0002.wav,I suddenly cannot catch my breath and my breathing is getting harder every minute. I need this reviewed as soon as possible because the situation is getting worse.,MEDICAL,MEDICAL_SPECIALTY,MEDICAL_SYMPTOM_AND_CONDITION,MEDICAL_SYMPTOM,HIGH,NEUTRAL
synthetic_tts/urgency_high_MED_0003.wav,My father has collapsed and is barely responding after complaining of severe chest pain. Please treat this as a high-priority issue and advise on the next immediate step.,MEDICAL,MEDICAL_SPECIALTY,MEDICAL_SYMPTOM_AND_CONDITION,MEDICAL_CONDITION_OR_CLINICAL_STATE,HIGH,ANGER
synthetic_tts/urgency_high_MED_0004.wav,There is sudden weakness on one side of my face and arm and my speech has become unclear. I am concerned about the rapid change and need urgent assistance.,MEDICAL,MEDICAL_SPECIALTY,MEDICAL_SYMPTOM_AND_CONDITION,MEDICAL_SYMPTOM,HIGH,FEAR
synthetic_tts/urgency_high_MED_0005.wav,I am coughing up a large amount of blood and I feel dizzy and extremely weak. This cannot wait for a routine appointment or review; I need prompt guidance.,MEDICAL,MEDICAL_SPECIALTY,MEDICAL_SYMPTOM_AND_CONDITION,MEDICAL_SYMPTOM,HIGH,FEAR
synthetic_tts/urgency_high_MED_0006.wav,My heart is racing irregularly and I feel like I might faint when I stand up. Please flag this for immediate attention because the risk is increasing.,MEDICAL,MEDICAL_SPECIALTY,MEDICAL_SYMPTOM_AND_CONDITION,MEDICAL_SYMPTOM,HIGH,NEUTRAL
synthetic_tts/urgency_high_MED_0007.wav,My child is having a seizure that has continued for several minutes and has not stopped. I need an urgent assessment rather than a routine response.,MEDICAL,MEDICAL_SPECIALTY,MEDICAL_SYMPTOM_AND_CONDITION,MEDICAL_CONDITION_OR_CLINICAL_STATE,HIGH,ANGER
synthetic_tts/urgency_high_MED_0008.wav,I have severe abdominal pain with repeated vomiting and I cannot keep any fluids down. The situation is becoming serious and I need help without a long delay.,MEDICAL,MEDICAL_SPECIALTY,MEDICAL_SYMPTOM_AND_CONDITION,MEDICAL_SYMPTOM,HIGH,FEAR
synthetic_tts/urgency_high_MED_0009.wav,"I suddenly developed severe headache, confusion, and difficulty staying awake. Can you help me understand how urgently this needs to be handled?",MEDICAL,MEDICAL_SPECIALTY,MEDICAL_SYMPTOM_AND_CONDITION,MEDICAL_SYMPTOM,HIGH,FEAR
synthetic_tts/urgency_high_MED_0010.wav,I am having a severe allergic reaction with swelling around my mouth and increasing trouble breathing. I need this reviewed as soon as possible because the situation is getting worse.,MEDICAL,MEDICAL_SPECIALTY,MEDICAL_SYMPTOM_AND_CONDITION,MEDICAL_SYMPTOM,HIGH,NEUTRAL
synthetic_tts/urgency_high_MED_0011.wav,My postoperative wound has opened and there is heavy bleeding that will not stop. Please treat this as a high-priority issue and advise on the next immediate step.,MEDICAL,GENERAL_TOPIC,MEDICAL_ADVICE_AND_TREATMENT,TREATMENT_OR_HEALTHCARE,HIGH,ANGER
synthetic_tts/urgency_high_MED_0012.wav,I accidentally took far more of my prescription medicine than the prescribed dose. I am concerned about the rapid change and need urgent assistance.,MEDICAL,GENERAL_TOPIC,MEDICAL_ADVICE_AND_TREATMENT,TREATMENT_OR_HEALTHCARE,HIGH,FEAR
synthetic_tts/urgency_high_MED_0013.wav,I took the wrong medication and now I am becoming extremely drowsy and confused. This cannot wait for a routine appointment or review; I need prompt guidance.,MEDICAL,GENERAL_TOPIC,MEDICAL_ADVICE_AND_TREATMENT,MEDICATION_OR_DRUG,HIGH,FEAR
synthetic_tts/urgency_high_MED_0014.wav,My oxygen reading has suddenly fallen and I am struggling to breathe normally. Please flag this for immediate attention because the risk is increasing.,MEDICAL,GENERAL_TOPIC,MEDICAL_ADVICE_AND_TREATMENT,TREATMENT_OR_HEALTHCARE,HIGH,NEUTRAL
synthetic_tts/urgency_high_MED_0015.wav,I have a very high fever with confusion and severe shaking that started suddenly. I need an urgent assessment rather than a routine response.,MEDICAL,GENERAL_TOPIC,MEDICAL_ADVICE_AND_TREATMENT,MEDICAL_SYMPTOM,HIGH,ANGER
synthetic_tts/urgency_high_MED_0016.wav,After taking my new medication I developed swelling of my lips and severe difficulty breathing. The situation is becoming serious and I need help without a long delay.,MEDICAL,GENERAL_TOPIC,MEDICATION_DIAGNOSTICS_AND_CLINICAL_RESEARCH,MEDICATION_OR_DRUG,HIGH,FEAR
synthetic_tts/urgency_high_MED_0017.wav,My home glucose reading is extremely high and I am vomiting and becoming very sleepy. Can you help me understand how urgently this needs to be handled?,MEDICAL,GENERAL_TOPIC,MEDICATION_DIAGNOSTICS_AND_CLINICAL_RESEARCH,DIAGNOSTIC_TEST_OR_RESULT,HIGH,FEAR
synthetic_tts/urgency_high_MED_0018.wav,My blood pressure is extremely high and I now have severe chest pain and blurred vision. I need this reviewed as soon as possible because the situation is getting worse.,MEDICAL,GENERAL_TOPIC,MEDICATION_DIAGNOSTICS_AND_CLINICAL_RESEARCH,DIAGNOSTIC_TEST_OR_RESULT,HIGH,NEUTRAL
synthetic_tts/urgency_high_MED_0019.wav,My pulse oximeter is repeatedly showing a dangerously low oxygen level. Please treat this as a high-priority issue and advise on the next immediate step.,MEDICAL,GENERAL_TOPIC,MEDICATION_DIAGNOSTICS_AND_CLINICAL_RESEARCH,DIAGNOSTIC_TEST_OR_RESULT,HIGH,ANGER
synthetic_tts/urgency_high_MED_0020.wav,My elderly mother has become suddenly confused and is unable to recognize family members. I am concerned about the rapid change and need urgent assistance.,MEDICAL,GENERAL_TOPIC,MEDICAL_SYMPTOM_AND_CONDITION,MEDICAL_CONDITION_OR_CLINICAL_STATE,HIGH,FEAR
synthetic_tts/urgency_high_MED_0021.wav,I fainted twice today and now I have severe weakness and dizziness. This cannot wait for a routine appointment or review; I need prompt guidance.,MEDICAL,GENERAL_TOPIC,MEDICAL_SYMPTOM_AND_CONDITION,MEDICAL_SYMPTOM,HIGH,FEAR
synthetic_tts/urgency_high_MED_0022.wav,I have sudden severe back pain together with loss of bladder control. Please flag this for immediate attention because the risk is increasing.,MEDICAL,GENERAL_TOPIC,MEDICAL_SYMPTOM_AND_CONDITION,MEDICAL_SYMPTOM,HIGH,NEUTRAL
synthetic_tts/urgency_high_MED_0023.wav,"My child is breathing very fast, turning pale, and becoming unusually sleepy. I need an urgent assessment rather than a routine response.",MEDICAL,GENERAL_TOPIC,MEDICAL_ADVICE_AND_TREATMENT,TREATMENT_OR_HEALTHCARE,HIGH,ANGER
synthetic_tts/urgency_high_MED_0024.wav,I have severe bleeding during pregnancy with intense abdominal pain. The situation is becoming serious and I need help without a long delay.,MEDICAL,GENERAL_TOPIC,MEDICAL_ADVICE_AND_TREATMENT,MEDICAL_SYMPTOM,HIGH,FEAR
synthetic_tts/urgency_high_MED_0025.wav,I suddenly developed severe swelling in one leg with chest discomfort and shortness of breath. Can you help me understand how urgently this needs to be handled?,MEDICAL,GENERAL_TOPIC,MEDICAL_SYMPTOM_AND_CONDITION,MEDICAL_SYMPTOM,HIGH,FEAR
synthetic_tts/urgency_high_MED_0026.wav,I inhaled a large amount of chemical fumes and now I have chest tightness and trouble breathing. I need this reviewed as soon as possible because the situation is getting worse.,MEDICAL,GENERAL_TOPIC,MEDICAL_ADVICE_AND_TREATMENT,TREATMENT_OR_HEALTHCARE,HIGH,NEUTRAL
synthetic_tts/urgency_high_MED_0027.wav,I have a deep cut with continuous heavy bleeding despite firm pressure. Please treat this as a high-priority issue and advise on the next immediate step.,MEDICAL,GENERAL_TOPIC,MEDICAL_SYMPTOM_AND_CONDITION,MEDICAL_SYMPTOM,HIGH,ANGER
synthetic_tts/urgency_high_MED_0028.wav,My patient has become unresponsive after a sudden deterioration in breathing. I am concerned about the rapid change and need urgent assistance.,MEDICAL,GENERAL_TOPIC,MEDICAL_SYMPTOM_AND_CONDITION,MEDICAL_CONDITION_OR_CLINICAL_STATE,HIGH,FEAR
synthetic_tts/urgency_high_MED_0029.wav,I may have taken a second dose of my heart medicine by mistake and now I feel faint. This cannot wait for a routine appointment or review; I need prompt guidance.,MEDICAL,MEDICAL_SPECIALTY,MEDICATION_DIAGNOSTICS_AND_CLINICAL_RESEARCH,MEDICATION_OR_DRUG,HIGH,FEAR
synthetic_tts/urgency_high_MED_0030.wav,A recent test showed a major abnormality and I now have severe symptoms. Please flag this for immediate attention because the risk is increasing.,MEDICAL,MEDICAL_SPECIALTY,MEDICAL_ADVICE_AND_TREATMENT,DIAGNOSTIC_TEST_OR_RESULT,HIGH,NEUTRAL
synthetic_tts/urgency_high_MED_0031.wav,I am having crushing chest pressure with heavy sweating and I feel suddenly very weak. I need an urgent assessment rather than a routine response.,MEDICAL,MEDICAL_SPECIALTY,MEDICAL_SYMPTOM_AND_CONDITION,MEDICAL_SYMPTOM,HIGH,ANGER
synthetic_tts/urgency_high_MED_0032.wav,I suddenly cannot catch my breath and my breathing is getting harder every minute. The situation is becoming serious and I need help without a long delay.,MEDICAL,MEDICAL_SPECIALTY,MEDICAL_SYMPTOM_AND_CONDITION,MEDICAL_SYMPTOM,HIGH,FEAR
synthetic_tts/urgency_high_MED_0033.wav,My father has collapsed and is barely responding after complaining of severe chest pain. Can you help me understand how urgently this needs to be handled?,MEDICAL,MEDICAL_SPECIALTY,MEDICAL_SYMPTOM_AND_CONDITION,MEDICAL_CONDITION_OR_CLINICAL_STATE,HIGH,FEAR
synthetic_tts/urgency_high_MED_0034.wav,There is sudden weakness on one side of my face and arm and my speech has become unclear. I need this reviewed as soon as possible because the situation is getting worse.,MEDICAL,MEDICAL_SPECIALTY,MEDICAL_SYMPTOM_AND_CONDITION,MEDICAL_SYMPTOM,HIGH,NEUTRAL
synthetic_tts/urgency_high_MED_0035.wav,I am coughing up a large amount of blood and I feel dizzy and extremely weak. Please treat this as a high-priority issue and advise on the next immediate step.,MEDICAL,MEDICAL_SPECIALTY,MEDICAL_SYMPTOM_AND_CONDITION,MEDICAL_SYMPTOM,HIGH,ANGER
synthetic_tts/urgency_high_MED_0036.wav,My heart is racing irregularly and I feel like I might faint when I stand up. I am concerned about the rapid change and need urgent assistance.,MEDICAL,MEDICAL_SPECIALTY,MEDICAL_SYMPTOM_AND_CONDITION,MEDICAL_SYMPTOM,HIGH,FEAR
synthetic_tts/urgency_high_MED_0037.wav,My child is having a seizure that has continued for several minutes and has not stopped. This cannot wait for a routine appointment or review; I need prompt guidance.,MEDICAL,MEDICAL_SPECIALTY,MEDICAL_SYMPTOM_AND_CONDITION,MEDICAL_CONDITION_OR_CLINICAL_STATE,HIGH,FEAR
synthetic_tts/urgency_high_MED_0038.wav,I have severe abdominal pain with repeated vomiting and I cannot keep any fluids down. Please flag this for immediate attention because the risk is increasing.,MEDICAL,MEDICAL_SPECIALTY,MEDICAL_SYMPTOM_AND_CONDITION,MEDICAL_SYMPTOM,HIGH,NEUTRAL
synthetic_tts/urgency_high_MED_0039.wav,"I suddenly developed severe headache, confusion, and difficulty staying awake. I need an urgent assessment rather than a routine response.",MEDICAL,MEDICAL_SPECIALTY,MEDICAL_SYMPTOM_AND_CONDITION,MEDICAL_SYMPTOM,HIGH,ANGER
synthetic_tts/urgency_high_MED_0040.wav,I am having a severe allergic reaction with swelling around my mouth and increasing trouble breathing. The situation is becoming serious and I need help without a long delay.,MEDICAL,MEDICAL_SPECIALTY,MEDICAL_SYMPTOM_AND_CONDITION,MEDICAL_SYMPTOM,HIGH,FEAR
synthetic_tts/urgency_high_MED_0041.wav,My postoperative wound has opened and there is heavy bleeding that will not stop. Can you help me understand how urgently this needs to be handled?,MEDICAL,GENERAL_TOPIC,MEDICAL_ADVICE_AND_TREATMENT,TREATMENT_OR_HEALTHCARE,HIGH,FEAR
synthetic_tts/urgency_high_MED_0042.wav,I accidentally took far more of my prescription medicine than the prescribed dose. I need this reviewed as soon as possible because the situation is getting worse.,MEDICAL,GENERAL_TOPIC,MEDICAL_ADVICE_AND_TREATMENT,TREATMENT_OR_HEALTHCARE,HIGH,NEUTRAL
synthetic_tts/urgency_high_MED_0043.wav,I took the wrong medication and now I am becoming extremely drowsy and confused. Please treat this as a high-priority issue and advise on the next immediate step.,MEDICAL,GENERAL_TOPIC,MEDICAL_ADVICE_AND_TREATMENT,MEDICATION_OR_DRUG,HIGH,ANGER
synthetic_tts/urgency_high_MED_0044.wav,My oxygen reading has suddenly fallen and I am struggling to breathe normally. I am concerned about the rapid change and need urgent assistance.,MEDICAL,GENERAL_TOPIC,MEDICAL_ADVICE_AND_TREATMENT,TREATMENT_OR_HEALTHCARE,HIGH,FEAR
synthetic_tts/urgency_high_MED_0045.wav,I have a very high fever with confusion and severe shaking that started suddenly. This cannot wait for a routine appointment or review; I need prompt guidance.,MEDICAL,GENERAL_TOPIC,MEDICAL_ADVICE_AND_TREATMENT,MEDICAL_SYMPTOM,HIGH,FEAR
synthetic_tts/urgency_high_MED_0046.wav,After taking my new medication I developed swelling of my lips and severe difficulty breathing. Please flag this for immediate attention because the risk is increasing.,MEDICAL,GENERAL_TOPIC,MEDICATION_DIAGNOSTICS_AND_CLINICAL_RESEARCH,MEDICATION_OR_DRUG,HIGH,NEUTRAL
synthetic_tts/urgency_high_MED_0047.wav,My home glucose reading is extremely high and I am vomiting and becoming very sleepy. I need an urgent assessment rather than a routine response.,MEDICAL,GENERAL_TOPIC,MEDICATION_DIAGNOSTICS_AND_CLINICAL_RESEARCH,DIAGNOSTIC_TEST_OR_RESULT,HIGH,ANGER
synthetic_tts/urgency_high_MED_0048.wav,My blood pressure is extremely high and I now have severe chest pain and blurred vision. The situation is becoming serious and I need help without a long delay.,MEDICAL,GENERAL_TOPIC,MEDICATION_DIAGNOSTICS_AND_CLINICAL_RESEARCH,DIAGNOSTIC_TEST_OR_RESULT,HIGH,FEAR
synthetic_tts/urgency_high_MED_0049.wav,My pulse oximeter is repeatedly showing a dangerously low oxygen level. Can you help me understand how urgently this needs to be handled?,MEDICAL,GENERAL_TOPIC,MEDICATION_DIAGNOSTICS_AND_CLINICAL_RESEARCH,DIAGNOSTIC_TEST_OR_RESULT,HIGH,FEAR
synthetic_tts/urgency_high_MED_0050.wav,My elderly mother has become suddenly confused and is unable to recognize family members. I need this reviewed as soon as possible because the situation is getting worse.,MEDICAL,GENERAL_TOPIC,MEDICAL_SYMPTOM_AND_CONDITION,MEDICAL_CONDITION_OR_CLINICAL_STATE,HIGH,NEUTRAL
synthetic_tts/urgency_high_MED_0051.wav,I fainted twice today and now I have severe weakness and dizziness. Please treat this as a high-priority issue and advise on the next immediate step.,MEDICAL,GENERAL_TOPIC,MEDICAL_SYMPTOM_AND_CONDITION,MEDICAL_SYMPTOM,HIGH,ANGER
synthetic_tts/urgency_high_MED_0052.wav,I have sudden severe back pain together with loss of bladder control. I am concerned about the rapid change and need urgent assistance.,MEDICAL,GENERAL_TOPIC,MEDICAL_SYMPTOM_AND_CONDITION,MEDICAL_SYMPTOM,HIGH,FEAR
synthetic_tts/urgency_high_MED_0053.wav,"My child is breathing very fast, turning pale, and becoming unusually sleepy. This cannot wait for a routine appointment or review; I need prompt guidance.",MEDICAL,GENERAL_TOPIC,MEDICAL_ADVICE_AND_TREATMENT,TREATMENT_OR_HEALTHCARE,HIGH,FEAR
synthetic_tts/urgency_high_MED_0054.wav,I have severe bleeding during pregnancy with intense abdominal pain. Please flag this for immediate attention because the risk is increasing.,MEDICAL,GENERAL_TOPIC,MEDICAL_ADVICE_AND_TREATMENT,MEDICAL_SYMPTOM,HIGH,NEUTRAL
synthetic_tts/urgency_high_MED_0055.wav,I suddenly developed severe swelling in one leg with chest discomfort and shortness of breath. I need an urgent assessment rather than a routine response.,MEDICAL,GENERAL_TOPIC,MEDICAL_SYMPTOM_AND_CONDITION,MEDICAL_SYMPTOM,HIGH,ANGER
synthetic_tts/urgency_high_MED_0056.wav,I inhaled a large amount of chemical fumes and now I have chest tightness and trouble breathing. The situation is becoming serious and I need help without a long delay.,MEDICAL,GENERAL_TOPIC,MEDICAL_ADVICE_AND_TREATMENT,TREATMENT_OR_HEALTHCARE,HIGH,FEAR
synthetic_tts/urgency_high_MED_0057.wav,I have a deep cut with continuous heavy bleeding despite firm pressure. Can you help me understand how urgently this needs to be handled?,MEDICAL,GENERAL_TOPIC,MEDICAL_SYMPTOM_AND_CONDITION,MEDICAL_SYMPTOM,HIGH,FEAR
synthetic_tts/urgency_high_MED_0058.wav,My patient has become unresponsive after a sudden deterioration in breathing. I need this reviewed as soon as possible because the situation is getting worse.,MEDICAL,GENERAL_TOPIC,MEDICAL_SYMPTOM_AND_CONDITION,MEDICAL_CONDITION_OR_CLINICAL_STATE,HIGH,NEUTRAL
synthetic_tts/urgency_high_MED_0059.wav,I may have taken a second dose of my heart medicine by mistake and now I feel faint. Please treat this as a high-priority issue and advise on the next immediate step.,MEDICAL,MEDICAL_SPECIALTY,MEDICATION_DIAGNOSTICS_AND_CLINICAL_RESEARCH,MEDICATION_OR_DRUG,HIGH,ANGER
synthetic_tts/urgency_high_MED_0060.wav,A recent test showed a major abnormality and I now have severe symptoms. I am concerned about the rapid change and need urgent assistance.,MEDICAL,MEDICAL_SPECIALTY,MEDICAL_ADVICE_AND_TREATMENT,DIAGNOSTIC_TEST_OR_RESULT,HIGH,FEAR
synthetic_tts/urgency_high_MED_0061.wav,I am having crushing chest pressure with heavy sweating and I feel suddenly very weak. This cannot wait for a routine appointment or review; I need prompt guidance.,MEDICAL,MEDICAL_SPECIALTY,MEDICAL_SYMPTOM_AND_CONDITION,MEDICAL_SYMPTOM,HIGH,FEAR
synthetic_tts/urgency_high_MED_0062.wav,I suddenly cannot catch my breath and my breathing is getting harder every minute. Please flag this for immediate attention because the risk is increasing.,MEDICAL,MEDICAL_SPECIALTY,MEDICAL_SYMPTOM_AND_CONDITION,MEDICAL_SYMPTOM,HIGH,NEUTRAL
synthetic_tts/urgency_high_MED_0063.wav,My father has collapsed and is barely responding after complaining of severe chest pain. I need an urgent assessment rather than a routine response.,MEDICAL,MEDICAL_SPECIALTY,MEDICAL_SYMPTOM_AND_CONDITION,MEDICAL_CONDITION_OR_CLINICAL_STATE,HIGH,ANGER
synthetic_tts/urgency_high_MED_0064.wav,There is sudden weakness on one side of my face and arm and my speech has become unclear. The situation is becoming serious and I need help without a long delay.,MEDICAL,MEDICAL_SPECIALTY,MEDICAL_SYMPTOM_AND_CONDITION,MEDICAL_SYMPTOM,HIGH,FEAR
synthetic_tts/urgency_high_MED_0065.wav,I am coughing up a large amount of blood and I feel dizzy and extremely weak. Can you help me understand how urgently this needs to be handled?,MEDICAL,MEDICAL_SPECIALTY,MEDICAL_SYMPTOM_AND_CONDITION,MEDICAL_SYMPTOM,HIGH,FEAR
synthetic_tts/urgency_high_MED_0066.wav,My heart is racing irregularly and I feel like I might faint when I stand up. I need this reviewed as soon as possible because the situation is getting worse.,MEDICAL,MEDICAL_SPECIALTY,MEDICAL_SYMPTOM_AND_CONDITION,MEDICAL_SYMPTOM,HIGH,NEUTRAL
synthetic_tts/urgency_high_MED_0067.wav,My child is having a seizure that has continued for several minutes and has not stopped. Please treat this as a high-priority issue and advise on the next immediate step.,MEDICAL,MEDICAL_SPECIALTY,MEDICAL_SYMPTOM_AND_CONDITION,MEDICAL_CONDITION_OR_CLINICAL_STATE,HIGH,ANGER
synthetic_tts/urgency_high_MED_0068.wav,I have severe abdominal pain with repeated vomiting and I cannot keep any fluids down. I am concerned about the rapid change and need urgent assistance.,MEDICAL,MEDICAL_SPECIALTY,MEDICAL_SYMPTOM_AND_CONDITION,MEDICAL_SYMPTOM,HIGH,FEAR
synthetic_tts/urgency_high_MED_0069.wav,"I suddenly developed severe headache, confusion, and difficulty staying awake. This cannot wait for a routine appointment or review; I need prompt guidance.",MEDICAL,MEDICAL_SPECIALTY,MEDICAL_SYMPTOM_AND_CONDITION,MEDICAL_SYMPTOM,HIGH,FEAR
synthetic_tts/urgency_high_MED_0070.wav,I am having a severe allergic reaction with swelling around my mouth and increasing trouble breathing. Please flag this for immediate attention because the risk is increasing.,MEDICAL,MEDICAL_SPECIALTY,MEDICAL_SYMPTOM_AND_CONDITION,MEDICAL_SYMPTOM,HIGH,NEUTRAL
synthetic_tts/urgency_high_MED_0071.wav,My postoperative wound has opened and there is heavy bleeding that will not stop. I need an urgent assessment rather than a routine response.,MEDICAL,GENERAL_TOPIC,MEDICAL_ADVICE_AND_TREATMENT,TREATMENT_OR_HEALTHCARE,HIGH,ANGER
synthetic_tts/urgency_high_MED_0072.wav,I accidentally took far more of my prescription medicine than the prescribed dose. The situation is becoming serious and I need help without a long delay.,MEDICAL,GENERAL_TOPIC,MEDICAL_ADVICE_AND_TREATMENT,TREATMENT_OR_HEALTHCARE,HIGH,FEAR
synthetic_tts/urgency_high_MED_0073.wav,I took the wrong medication and now I am becoming extremely drowsy and confused. Can you help me understand how urgently this needs to be handled?,MEDICAL,GENERAL_TOPIC,MEDICAL_ADVICE_AND_TREATMENT,MEDICATION_OR_DRUG,HIGH,FEAR
synthetic_tts/urgency_high_MED_0074.wav,My oxygen reading has suddenly fallen and I am struggling to breathe normally. I need this reviewed as soon as possible because the situation is getting worse.,MEDICAL,GENERAL_TOPIC,MEDICAL_ADVICE_AND_TREATMENT,TREATMENT_OR_HEALTHCARE,HIGH,NEUTRAL
synthetic_tts/urgency_high_MED_0075.wav,I have a very high fever with confusion and severe shaking that started suddenly. Please treat this as a high-priority issue and advise on the next immediate step.,MEDICAL,GENERAL_TOPIC,MEDICAL_ADVICE_AND_TREATMENT,MEDICAL_SYMPTOM,HIGH,ANGER
synthetic_tts/urgency_high_MED_0076.wav,After taking my new medication I developed swelling of my lips and severe difficulty breathing. I am concerned about the rapid change and need urgent assistance.,MEDICAL,GENERAL_TOPIC,MEDICATION_DIAGNOSTICS_AND_CLINICAL_RESEARCH,MEDICATION_OR_DRUG,HIGH,FEAR
synthetic_tts/urgency_high_MED_0077.wav,My home glucose reading is extremely high and I am vomiting and becoming very sleepy. This cannot wait for a routine appointment or review; I need prompt guidance.,MEDICAL,GENERAL_TOPIC,MEDICATION_DIAGNOSTICS_AND_CLINICAL_RESEARCH,DIAGNOSTIC_TEST_OR_RESULT,HIGH,FEAR
synthetic_tts/urgency_high_MED_0078.wav,My blood pressure is extremely high and I now have severe chest pain and blurred vision. Please flag this for immediate attention because the risk is increasing.,MEDICAL,GENERAL_TOPIC,MEDICATION_DIAGNOSTICS_AND_CLINICAL_RESEARCH,DIAGNOSTIC_TEST_OR_RESULT,HIGH,NEUTRAL
synthetic_tts/urgency_high_MED_0079.wav,My pulse oximeter is repeatedly showing a dangerously low oxygen level. I need an urgent assessment rather than a routine response.,MEDICAL,GENERAL_TOPIC,MEDICATION_DIAGNOSTICS_AND_CLINICAL_RESEARCH,DIAGNOSTIC_TEST_OR_RESULT,HIGH,ANGER
synthetic_tts/urgency_high_MED_0080.wav,My elderly mother has become suddenly confused and is unable to recognize family members. The situation is becoming serious and I need help without a long delay.,MEDICAL,GENERAL_TOPIC,MEDICAL_SYMPTOM_AND_CONDITION,MEDICAL_CONDITION_OR_CLINICAL_STATE,HIGH,FEAR
synthetic_tts/urgency_high_MED_0081.wav,I fainted twice today and now I have severe weakness and dizziness. Can you help me understand how urgently this needs to be handled?,MEDICAL,GENERAL_TOPIC,MEDICAL_SYMPTOM_AND_CONDITION,MEDICAL_SYMPTOM,HIGH,FEAR
synthetic_tts/urgency_high_MED_0082.wav,I have sudden severe back pain together with loss of bladder control. I need this reviewed as soon as possible because the situation is getting worse.,MEDICAL,GENERAL_TOPIC,MEDICAL_SYMPTOM_AND_CONDITION,MEDICAL_SYMPTOM,HIGH,NEUTRAL
synthetic_tts/urgency_high_MED_0083.wav,"My child is breathing very fast, turning pale, and becoming unusually sleepy. Please treat this as a high-priority issue and advise on the next immediate step.",MEDICAL,GENERAL_TOPIC,MEDICAL_ADVICE_AND_TREATMENT,TREATMENT_OR_HEALTHCARE,HIGH,ANGER
synthetic_tts/urgency_high_MED_0084.wav,I have severe bleeding during pregnancy with intense abdominal pain. I am concerned about the rapid change and need urgent assistance.,MEDICAL,GENERAL_TOPIC,MEDICAL_ADVICE_AND_TREATMENT,MEDICAL_SYMPTOM,HIGH,FEAR
synthetic_tts/urgency_high_MED_0085.wav,I suddenly developed severe swelling in one leg with chest discomfort and shortness of breath. This cannot wait for a routine appointment or review; I need prompt guidance.,MEDICAL,GENERAL_TOPIC,MEDICAL_SYMPTOM_AND_CONDITION,MEDICAL_SYMPTOM,HIGH,FEAR
synthetic_tts/urgency_high_MED_0086.wav,I inhaled a large amount of chemical fumes and now I have chest tightness and trouble breathing. Please flag this for immediate attention because the risk is increasing.,MEDICAL,GENERAL_TOPIC,MEDICAL_ADVICE_AND_TREATMENT,TREATMENT_OR_HEALTHCARE,HIGH,NEUTRAL
synthetic_tts/urgency_high_MED_0087.wav,I have a deep cut with continuous heavy bleeding despite firm pressure. I need an urgent assessment rather than a routine response.,MEDICAL,GENERAL_TOPIC,MEDICAL_SYMPTOM_AND_CONDITION,MEDICAL_SYMPTOM,HIGH,ANGER
synthetic_tts/urgency_high_MED_0088.wav,My patient has become unresponsive after a sudden deterioration in breathing. The situation is becoming serious and I need help without a long delay.,MEDICAL,GENERAL_TOPIC,MEDICAL_SYMPTOM_AND_CONDITION,MEDICAL_CONDITION_OR_CLINICAL_STATE,HIGH,FEAR
synthetic_tts/urgency_high_MED_0089.wav,I may have taken a second dose of my heart medicine by mistake and now I feel faint. Can you help me understand how urgently this needs to be handled?,MEDICAL,MEDICAL_SPECIALTY,MEDICATION_DIAGNOSTICS_AND_CLINICAL_RESEARCH,MEDICATION_OR_DRUG,HIGH,FEAR
synthetic_tts/urgency_high_MED_0090.wav,A recent test showed a major abnormality and I now have severe symptoms. I need this reviewed as soon as possible because the situation is getting worse.,MEDICAL,MEDICAL_SPECIALTY,MEDICAL_ADVICE_AND_TREATMENT,DIAGNOSTIC_TEST_OR_RESULT,HIGH,NEUTRAL
synthetic_tts/urgency_high_MED_0091.wav,I am having crushing chest pressure with heavy sweating and I feel suddenly very weak. Please treat this as a high-priority issue and advise on the next immediate step.,MEDICAL,MEDICAL_SPECIALTY,MEDICAL_SYMPTOM_AND_CONDITION,MEDICAL_SYMPTOM,HIGH,ANGER
synthetic_tts/urgency_high_MED_0092.wav,I suddenly cannot catch my breath and my breathing is getting harder every minute. I am concerned about the rapid change and need urgent assistance.,MEDICAL,MEDICAL_SPECIALTY,MEDICAL_SYMPTOM_AND_CONDITION,MEDICAL_SYMPTOM,HIGH,FEAR
synthetic_tts/urgency_high_MED_0093.wav,My father has collapsed and is barely responding after complaining of severe chest pain. This cannot wait for a routine appointment or review; I need prompt guidance.,MEDICAL,MEDICAL_SPECIALTY,MEDICAL_SYMPTOM_AND_CONDITION,MEDICAL_CONDITION_OR_CLINICAL_STATE,HIGH,FEAR
synthetic_tts/urgency_high_MED_0094.wav,There is sudden weakness on one side of my face and arm and my speech has become unclear. Please flag this for immediate attention because the risk is increasing.,MEDICAL,MEDICAL_SPECIALTY,MEDICAL_SYMPTOM_AND_CONDITION,MEDICAL_SYMPTOM,HIGH,NEUTRAL
synthetic_tts/urgency_high_MED_0095.wav,I am coughing up a large amount of blood and I feel dizzy and extremely weak. I need an urgent assessment rather than a routine response.,MEDICAL,MEDICAL_SPECIALTY,MEDICAL_SYMPTOM_AND_CONDITION,MEDICAL_SYMPTOM,HIGH,ANGER
synthetic_tts/urgency_high_MED_0096.wav,My heart is racing irregularly and I feel like I might faint when I stand up. The situation is becoming serious and I need help without a long delay.,MEDICAL,MEDICAL_SPECIALTY,MEDICAL_SYMPTOM_AND_CONDITION,MEDICAL_SYMPTOM,HIGH,FEAR
synthetic_tts/urgency_high_MED_0097.wav,My child is having a seizure that has continued for several minutes and has not stopped. Can you help me understand how urgently this needs to be handled?,MEDICAL,MEDICAL_SPECIALTY,MEDICAL_SYMPTOM_AND_CONDITION,MEDICAL_CONDITION_OR_CLINICAL_STATE,HIGH,FEAR
synthetic_tts/urgency_high_MED_0098.wav,I have severe abdominal pain with repeated vomiting and I cannot keep any fluids down. I need this reviewed as soon as possible because the situation is getting worse.,MEDICAL,MEDICAL_SPECIALTY,MEDICAL_SYMPTOM_AND_CONDITION,MEDICAL_SYMPTOM,HIGH,NEUTRAL
synthetic_tts/urgency_high_MED_0099.wav,"I suddenly developed severe headache, confusion, and difficulty staying awake. Please treat this as a high-priority issue and advise on the next immediate step.",MEDICAL,MEDICAL_SPECIALTY,MEDICAL_SYMPTOM_AND_CONDITION,MEDICAL_SYMPTOM,HIGH,ANGER
synthetic_tts/urgency_high_MED_0100.wav,I am having a severe allergic reaction with swelling around my mouth and increasing trouble breathing. I am concerned about the rapid change and need urgent assistance.,MEDICAL,MEDICAL_SPECIALTY,MEDICAL_SYMPTOM_AND_CONDITION,MEDICAL_SYMPTOM,HIGH,FEAR
synthetic_tts/urgency_high_MED_0101.wav,My postoperative wound has opened and there is heavy bleeding that will not stop. This cannot wait for a routine appointment or review; I need prompt guidance.,MEDICAL,GENERAL_TOPIC,MEDICAL_ADVICE_AND_TREATMENT,TREATMENT_OR_HEALTHCARE,HIGH,FEAR
synthetic_tts/urgency_high_MED_0102.wav,I accidentally took far more of my prescription medicine than the prescribed dose. Please flag this for immediate attention because the risk is increasing.,MEDICAL,GENERAL_TOPIC,MEDICAL_ADVICE_AND_TREATMENT,TREATMENT_OR_HEALTHCARE,HIGH,NEUTRAL
synthetic_tts/urgency_high_MED_0103.wav,I took the wrong medication and now I am becoming extremely drowsy and confused. I need an urgent assessment rather than a routine response.,MEDICAL,GENERAL_TOPIC,MEDICAL_ADVICE_AND_TREATMENT,MEDICATION_OR_DRUG,HIGH,ANGER
synthetic_tts/urgency_high_MED_0104.wav,My oxygen reading has suddenly fallen and I am struggling to breathe normally. The situation is becoming serious and I need help without a long delay.,MEDICAL,GENERAL_TOPIC,MEDICAL_ADVICE_AND_TREATMENT,TREATMENT_OR_HEALTHCARE,HIGH,FEAR
synthetic_tts/urgency_high_MED_0105.wav,I have a very high fever with confusion and severe shaking that started suddenly. Can you help me understand how urgently this needs to be handled?,MEDICAL,GENERAL_TOPIC,MEDICAL_ADVICE_AND_TREATMENT,MEDICAL_SYMPTOM,HIGH,FEAR
synthetic_tts/urgency_high_MED_0106.wav,After taking my new medication I developed swelling of my lips and severe difficulty breathing. I need this reviewed as soon as possible because the situation is getting worse.,MEDICAL,GENERAL_TOPIC,MEDICATION_DIAGNOSTICS_AND_CLINICAL_RESEARCH,MEDICATION_OR_DRUG,HIGH,NEUTRAL
synthetic_tts/urgency_high_MED_0107.wav,My home glucose reading is extremely high and I am vomiting and becoming very sleepy. Please treat this as a high-priority issue and advise on the next immediate step.,MEDICAL,GENERAL_TOPIC,MEDICATION_DIAGNOSTICS_AND_CLINICAL_RESEARCH,DIAGNOSTIC_TEST_OR_RESULT,HIGH,ANGER
synthetic_tts/urgency_high_MED_0108.wav,My blood pressure is extremely high and I now have severe chest pain and blurred vision. I am concerned about the rapid change and need urgent assistance.,MEDICAL,GENERAL_TOPIC,MEDICATION_DIAGNOSTICS_AND_CLINICAL_RESEARCH,DIAGNOSTIC_TEST_OR_RESULT,HIGH,FEAR
synthetic_tts/urgency_high_MED_0109.wav,My pulse oximeter is repeatedly showing a dangerously low oxygen level. This cannot wait for a routine appointment or review; I need prompt guidance.,MEDICAL,GENERAL_TOPIC,MEDICATION_DIAGNOSTICS_AND_CLINICAL_RESEARCH,DIAGNOSTIC_TEST_OR_RESULT,HIGH,FEAR
synthetic_tts/urgency_high_MED_0110.wav,My elderly mother has become suddenly confused and is unable to recognize family members. Please flag this for immediate attention because the risk is increasing.,MEDICAL,GENERAL_TOPIC,MEDICAL_SYMPTOM_AND_CONDITION,MEDICAL_CONDITION_OR_CLINICAL_STATE,HIGH,NEUTRAL
synthetic_tts/urgency_high_MED_0111.wav,I fainted twice today and now I have severe weakness and dizziness. I need an urgent assessment rather than a routine response.,MEDICAL,GENERAL_TOPIC,MEDICAL_SYMPTOM_AND_CONDITION,MEDICAL_SYMPTOM,HIGH,ANGER
synthetic_tts/urgency_high_MED_0112.wav,I have sudden severe back pain together with loss of bladder control. The situation is becoming serious and I need help without a long delay.,MEDICAL,GENERAL_TOPIC,MEDICAL_SYMPTOM_AND_CONDITION,MEDICAL_SYMPTOM,HIGH,FEAR
synthetic_tts/urgency_high_MED_0113.wav,"My child is breathing very fast, turning pale, and becoming unusually sleepy. Can you help me understand how urgently this needs to be handled?",MEDICAL,GENERAL_TOPIC,MEDICAL_ADVICE_AND_TREATMENT,TREATMENT_OR_HEALTHCARE,HIGH,FEAR
synthetic_tts/urgency_high_MED_0114.wav,I have severe bleeding during pregnancy with intense abdominal pain. I need this reviewed as soon as possible because the situation is getting worse.,MEDICAL,GENERAL_TOPIC,MEDICAL_ADVICE_AND_TREATMENT,MEDICAL_SYMPTOM,HIGH,NEUTRAL
synthetic_tts/urgency_high_MED_0115.wav,I suddenly developed severe swelling in one leg with chest discomfort and shortness of breath. Please treat this as a high-priority issue and advise on the next immediate step.,MEDICAL,GENERAL_TOPIC,MEDICAL_SYMPTOM_AND_CONDITION,MEDICAL_SYMPTOM,HIGH,ANGER
synthetic_tts/urgency_high_MED_0116.wav,I inhaled a large amount of chemical fumes and now I have chest tightness and trouble breathing. I am concerned about the rapid change and need urgent assistance.,MEDICAL,GENERAL_TOPIC,MEDICAL_ADVICE_AND_TREATMENT,TREATMENT_OR_HEALTHCARE,HIGH,FEAR
synthetic_tts/urgency_high_MED_0117.wav,I have a deep cut with continuous heavy bleeding despite firm pressure. This cannot wait for a routine appointment or review; I need prompt guidance.,MEDICAL,GENERAL_TOPIC,MEDICAL_SYMPTOM_AND_CONDITION,MEDICAL_SYMPTOM,HIGH,FEAR
synthetic_tts/urgency_high_MED_0118.wav,My patient has become unresponsive after a sudden deterioration in breathing. Please flag this for immediate attention because the risk is increasing.,MEDICAL,GENERAL_TOPIC,MEDICAL_SYMPTOM_AND_CONDITION,MEDICAL_CONDITION_OR_CLINICAL_STATE,HIGH,NEUTRAL
synthetic_tts/urgency_high_MED_0119.wav,I may have taken a second dose of my heart medicine by mistake and now I feel faint. I need an urgent assessment rather than a routine response.,MEDICAL,MEDICAL_SPECIALTY,MEDICATION_DIAGNOSTICS_AND_CLINICAL_RESEARCH,MEDICATION_OR_DRUG,HIGH,ANGER
synthetic_tts/urgency_high_MED_0120.wav,A recent test showed a major abnormality and I now have severe symptoms. The situation is becoming serious and I need help without a long delay.,MEDICAL,MEDICAL_SPECIALTY,MEDICAL_ADVICE_AND_TREATMENT,DIAGNOSTIC_TEST_OR_RESULT,HIGH,FEAR
synthetic_tts/urgency_critical_MED_0121.wav,I am having crushing chest pressure with heavy sweating and I feel suddenly very weak. This is happening right now and I need emergency assistance immediately.,MEDICAL,MEDICAL_SPECIALTY,MEDICAL_SYMPTOM_AND_CONDITION,MEDICAL_SYMPTOM,CRITICAL,FEAR
synthetic_tts/urgency_critical_MED_0122.wav,I suddenly cannot catch my breath and my breathing is getting harder every minute. Please treat this as a critical situation and respond without delay.,MEDICAL,MEDICAL_SPECIALTY,MEDICAL_SYMPTOM_AND_CONDITION,MEDICAL_SYMPTOM,CRITICAL,FEAR
synthetic_tts/urgency_critical_MED_0123.wav,My father has collapsed and is barely responding after complaining of severe chest pain. The condition is deteriorating rapidly and there is no time for a routine response.,MEDICAL,MEDICAL_SPECIALTY,MEDICAL_SYMPTOM_AND_CONDITION,MEDICAL_CONDITION_OR_CLINICAL_STATE,CRITICAL,SURPRISE
synthetic_tts/urgency_critical_MED_0124.wav,There is sudden weakness on one side of my face and arm and my speech has become unclear. I need immediate escalation because waiting could cause serious harm.,MEDICAL,MEDICAL_SPECIALTY,MEDICAL_SYMPTOM_AND_CONDITION,MEDICAL_SYMPTOM,CRITICAL,NEUTRAL
synthetic_tts/urgency_critical_MED_0125.wav,I am coughing up a large amount of blood and I feel dizzy and extremely weak. This is an emergency and I need the fastest possible response.,MEDICAL,MEDICAL_SPECIALTY,MEDICAL_SYMPTOM_AND_CONDITION,MEDICAL_SYMPTOM,CRITICAL,FEAR
synthetic_tts/urgency_critical_MED_0126.wav,My heart is racing irregularly and I feel like I might faint when I stand up. Please escalate this now; the situation may become dangerous within minutes.,MEDICAL,MEDICAL_SPECIALTY,MEDICAL_SYMPTOM_AND_CONDITION,MEDICAL_SYMPTOM,CRITICAL,FEAR
synthetic_tts/urgency_critical_MED_0127.wav,My child is having a seizure that has continued for several minutes and has not stopped. The risk is immediate and I need emergency-level attention right away.,MEDICAL,MEDICAL_SPECIALTY,MEDICAL_SYMPTOM_AND_CONDITION,MEDICAL_CONDITION_OR_CLINICAL_STATE,CRITICAL,SURPRISE
synthetic_tts/urgency_critical_MED_0128.wav,I have severe abdominal pain with repeated vomiting and I cannot keep any fluids down. Do not treat this as a routine issue; I need immediate intervention.,MEDICAL,MEDICAL_SPECIALTY,MEDICAL_SYMPTOM_AND_CONDITION,MEDICAL_SYMPTOM,CRITICAL,NEUTRAL
synthetic_tts/urgency_critical_MED_0129.wav,"I suddenly developed severe headache, confusion, and difficulty staying awake. This is happening right now and I need emergency assistance immediately.",MEDICAL,MEDICAL_SPECIALTY,MEDICAL_SYMPTOM_AND_CONDITION,MEDICAL_SYMPTOM,CRITICAL,FEAR
synthetic_tts/urgency_critical_MED_0130.wav,I am having a severe allergic reaction with swelling around my mouth and increasing trouble breathing. Please treat this as a critical situation and respond without delay.,MEDICAL,MEDICAL_SPECIALTY,MEDICAL_SYMPTOM_AND_CONDITION,MEDICAL_SYMPTOM,CRITICAL,FEAR
synthetic_tts/urgency_critical_MED_0131.wav,My postoperative wound has opened and there is heavy bleeding that will not stop. The condition is deteriorating rapidly and there is no time for a routine response.,MEDICAL,GENERAL_TOPIC,MEDICAL_ADVICE_AND_TREATMENT,TREATMENT_OR_HEALTHCARE,CRITICAL,SURPRISE
synthetic_tts/urgency_critical_MED_0132.wav,I accidentally took far more of my prescription medicine than the prescribed dose. I need immediate escalation because waiting could cause serious harm.,MEDICAL,GENERAL_TOPIC,MEDICAL_ADVICE_AND_TREATMENT,TREATMENT_OR_HEALTHCARE,CRITICAL,NEUTRAL
synthetic_tts/urgency_critical_MED_0133.wav,I took the wrong medication and now I am becoming extremely drowsy and confused. This is an emergency and I need the fastest possible response.,MEDICAL,GENERAL_TOPIC,MEDICAL_ADVICE_AND_TREATMENT,MEDICATION_OR_DRUG,CRITICAL,FEAR
synthetic_tts/urgency_critical_MED_0134.wav,My oxygen reading has suddenly fallen and I am struggling to breathe normally. Please escalate this now; the situation may become dangerous within minutes.,MEDICAL,GENERAL_TOPIC,MEDICAL_ADVICE_AND_TREATMENT,TREATMENT_OR_HEALTHCARE,CRITICAL,FEAR
synthetic_tts/urgency_critical_MED_0135.wav,I have a very high fever with confusion and severe shaking that started suddenly. The risk is immediate and I need emergency-level attention right away.,MEDICAL,GENERAL_TOPIC,MEDICAL_ADVICE_AND_TREATMENT,MEDICAL_SYMPTOM,CRITICAL,SURPRISE
synthetic_tts/urgency_critical_MED_0136.wav,After taking my new medication I developed swelling of my lips and severe difficulty breathing. Do not treat this as a routine issue; I need immediate intervention.,MEDICAL,GENERAL_TOPIC,MEDICATION_DIAGNOSTICS_AND_CLINICAL_RESEARCH,MEDICATION_OR_DRUG,CRITICAL,NEUTRAL
synthetic_tts/urgency_critical_MED_0137.wav,My home glucose reading is extremely high and I am vomiting and becoming very sleepy. This is happening right now and I need emergency assistance immediately.,MEDICAL,GENERAL_TOPIC,MEDICATION_DIAGNOSTICS_AND_CLINICAL_RESEARCH,DIAGNOSTIC_TEST_OR_RESULT,CRITICAL,FEAR
synthetic_tts/urgency_critical_MED_0138.wav,My blood pressure is extremely high and I now have severe chest pain and blurred vision. Please treat this as a critical situation and respond without delay.,MEDICAL,GENERAL_TOPIC,MEDICATION_DIAGNOSTICS_AND_CLINICAL_RESEARCH,DIAGNOSTIC_TEST_OR_RESULT,CRITICAL,FEAR
synthetic_tts/urgency_critical_MED_0139.wav,My pulse oximeter is repeatedly showing a dangerously low oxygen level. The condition is deteriorating rapidly and there is no time for a routine response.,MEDICAL,GENERAL_TOPIC,MEDICATION_DIAGNOSTICS_AND_CLINICAL_RESEARCH,DIAGNOSTIC_TEST_OR_RESULT,CRITICAL,SURPRISE
synthetic_tts/urgency_critical_MED_0140.wav,My elderly mother has become suddenly confused and is unable to recognize family members. I need immediate escalation because waiting could cause serious harm.,MEDICAL,GENERAL_TOPIC,MEDICAL_SYMPTOM_AND_CONDITION,MEDICAL_CONDITION_OR_CLINICAL_STATE,CRITICAL,NEUTRAL
synthetic_tts/urgency_critical_MED_0141.wav,I fainted twice today and now I have severe weakness and dizziness. This is an emergency and I need the fastest possible response.,MEDICAL,GENERAL_TOPIC,MEDICAL_SYMPTOM_AND_CONDITION,MEDICAL_SYMPTOM,CRITICAL,FEAR
synthetic_tts/urgency_critical_MED_0142.wav,I have sudden severe back pain together with loss of bladder control. Please escalate this now; the situation may become dangerous within minutes.,MEDICAL,GENERAL_TOPIC,MEDICAL_SYMPTOM_AND_CONDITION,MEDICAL_SYMPTOM,CRITICAL,FEAR
synthetic_tts/urgency_critical_MED_0143.wav,"My child is breathing very fast, turning pale, and becoming unusually sleepy. The risk is immediate and I need emergency-level attention right away.",MEDICAL,GENERAL_TOPIC,MEDICAL_ADVICE_AND_TREATMENT,TREATMENT_OR_HEALTHCARE,CRITICAL,SURPRISE
synthetic_tts/urgency_critical_MED_0144.wav,I have severe bleeding during pregnancy with intense abdominal pain. Do not treat this as a routine issue; I need immediate intervention.,MEDICAL,GENERAL_TOPIC,MEDICAL_ADVICE_AND_TREATMENT,MEDICAL_SYMPTOM,CRITICAL,NEUTRAL
synthetic_tts/urgency_critical_MED_0145.wav,I suddenly developed severe swelling in one leg with chest discomfort and shortness of breath. This is happening right now and I need emergency assistance immediately.,MEDICAL,GENERAL_TOPIC,MEDICAL_SYMPTOM_AND_CONDITION,MEDICAL_SYMPTOM,CRITICAL,FEAR
synthetic_tts/urgency_critical_MED_0146.wav,I inhaled a large amount of chemical fumes and now I have chest tightness and trouble breathing. Please treat this as a critical situation and respond without delay.,MEDICAL,GENERAL_TOPIC,MEDICAL_ADVICE_AND_TREATMENT,TREATMENT_OR_HEALTHCARE,CRITICAL,FEAR
synthetic_tts/urgency_critical_MED_0147.wav,I have a deep cut with continuous heavy bleeding despite firm pressure. The condition is deteriorating rapidly and there is no time for a routine response.,MEDICAL,GENERAL_TOPIC,MEDICAL_SYMPTOM_AND_CONDITION,MEDICAL_SYMPTOM,CRITICAL,SURPRISE
synthetic_tts/urgency_critical_MED_0148.wav,My patient has become unresponsive after a sudden deterioration in breathing. I need immediate escalation because waiting could cause serious harm.,MEDICAL,GENERAL_TOPIC,MEDICAL_SYMPTOM_AND_CONDITION,MEDICAL_CONDITION_OR_CLINICAL_STATE,CRITICAL,NEUTRAL
synthetic_tts/urgency_critical_MED_0149.wav,I may have taken a second dose of my heart medicine by mistake and now I feel faint. This is an emergency and I need the fastest possible response.,MEDICAL,MEDICAL_SPECIALTY,MEDICATION_DIAGNOSTICS_AND_CLINICAL_RESEARCH,MEDICATION_OR_DRUG,CRITICAL,FEAR
synthetic_tts/urgency_critical_MED_0150.wav,A recent test showed a major abnormality and I now have severe symptoms. Please escalate this now; the situation may become dangerous within minutes.,MEDICAL,MEDICAL_SPECIALTY,MEDICAL_ADVICE_AND_TREATMENT,DIAGNOSTIC_TEST_OR_RESULT,CRITICAL,FEAR
synthetic_tts/urgency_critical_MED_0151.wav,I am having crushing chest pressure with heavy sweating and I feel suddenly very weak. The risk is immediate and I need emergency-level attention right away.,MEDICAL,MEDICAL_SPECIALTY,MEDICAL_SYMPTOM_AND_CONDITION,MEDICAL_SYMPTOM,CRITICAL,SURPRISE
synthetic_tts/urgency_critical_MED_0152.wav,I suddenly cannot catch my breath and my breathing is getting harder every minute. Do not treat this as a routine issue; I need immediate intervention.,MEDICAL,MEDICAL_SPECIALTY,MEDICAL_SYMPTOM_AND_CONDITION,MEDICAL_SYMPTOM,CRITICAL,NEUTRAL
synthetic_tts/urgency_critical_MED_0153.wav,My father has collapsed and is barely responding after complaining of severe chest pain. This is happening right now and I need emergency assistance immediately.,MEDICAL,MEDICAL_SPECIALTY,MEDICAL_SYMPTOM_AND_CONDITION,MEDICAL_CONDITION_OR_CLINICAL_STATE,CRITICAL,FEAR
synthetic_tts/urgency_critical_MED_0154.wav,There is sudden weakness on one side of my face and arm and my speech has become unclear. Please treat this as a critical situation and respond without delay.,MEDICAL,MEDICAL_SPECIALTY,MEDICAL_SYMPTOM_AND_CONDITION,MEDICAL_SYMPTOM,CRITICAL,FEAR
synthetic_tts/urgency_critical_MED_0155.wav,I am coughing up a large amount of blood and I feel dizzy and extremely weak. The condition is deteriorating rapidly and there is no time for a routine response.,MEDICAL,MEDICAL_SPECIALTY,MEDICAL_SYMPTOM_AND_CONDITION,MEDICAL_SYMPTOM,CRITICAL,SURPRISE
synthetic_tts/urgency_critical_MED_0156.wav,My heart is racing irregularly and I feel like I might faint when I stand up. I need immediate escalation because waiting could cause serious harm.,MEDICAL,MEDICAL_SPECIALTY,MEDICAL_SYMPTOM_AND_CONDITION,MEDICAL_SYMPTOM,CRITICAL,NEUTRAL
synthetic_tts/urgency_critical_MED_0157.wav,My child is having a seizure that has continued for several minutes and has not stopped. This is an emergency and I need the fastest possible response.,MEDICAL,MEDICAL_SPECIALTY,MEDICAL_SYMPTOM_AND_CONDITION,MEDICAL_CONDITION_OR_CLINICAL_STATE,CRITICAL,FEAR
synthetic_tts/urgency_critical_MED_0158.wav,I have severe abdominal pain with repeated vomiting and I cannot keep any fluids down. Please escalate this now; the situation may become dangerous within minutes.,MEDICAL,MEDICAL_SPECIALTY,MEDICAL_SYMPTOM_AND_CONDITION,MEDICAL_SYMPTOM,CRITICAL,FEAR
synthetic_tts/urgency_critical_MED_0159.wav,"I suddenly developed severe headache, confusion, and difficulty staying awake. The risk is immediate and I need emergency-level attention right away.",MEDICAL,MEDICAL_SPECIALTY,MEDICAL_SYMPTOM_AND_CONDITION,MEDICAL_SYMPTOM,CRITICAL,SURPRISE
synthetic_tts/urgency_critical_MED_0160.wav,I am having a severe allergic reaction with swelling around my mouth and increasing trouble breathing. Do not treat this as a routine issue; I need immediate intervention.,MEDICAL,MEDICAL_SPECIALTY,MEDICAL_SYMPTOM_AND_CONDITION,MEDICAL_SYMPTOM,CRITICAL,NEUTRAL
synthetic_tts/urgency_critical_MED_0161.wav,My postoperative wound has opened and there is heavy bleeding that will not stop. This is happening right now and I need emergency assistance immediately.,MEDICAL,GENERAL_TOPIC,MEDICAL_ADVICE_AND_TREATMENT,TREATMENT_OR_HEALTHCARE,CRITICAL,FEAR
synthetic_tts/urgency_critical_MED_0162.wav,I accidentally took far more of my prescription medicine than the prescribed dose. Please treat this as a critical situation and respond without delay.,MEDICAL,GENERAL_TOPIC,MEDICAL_ADVICE_AND_TREATMENT,TREATMENT_OR_HEALTHCARE,CRITICAL,FEAR
synthetic_tts/urgency_critical_MED_0163.wav,I took the wrong medication and now I am becoming extremely drowsy and confused. The condition is deteriorating rapidly and there is no time for a routine response.,MEDICAL,GENERAL_TOPIC,MEDICAL_ADVICE_AND_TREATMENT,MEDICATION_OR_DRUG,CRITICAL,SURPRISE
synthetic_tts/urgency_critical_MED_0164.wav,My oxygen reading has suddenly fallen and I am struggling to breathe normally. I need immediate escalation because waiting could cause serious harm.,MEDICAL,GENERAL_TOPIC,MEDICAL_ADVICE_AND_TREATMENT,TREATMENT_OR_HEALTHCARE,CRITICAL,NEUTRAL
synthetic_tts/urgency_critical_MED_0165.wav,I have a very high fever with confusion and severe shaking that started suddenly. This is an emergency and I need the fastest possible response.,MEDICAL,GENERAL_TOPIC,MEDICAL_ADVICE_AND_TREATMENT,MEDICAL_SYMPTOM,CRITICAL,FEAR
synthetic_tts/urgency_critical_MED_0166.wav,After taking my new medication I developed swelling of my lips and severe difficulty breathing. Please escalate this now; the situation may become dangerous within minutes.,MEDICAL,GENERAL_TOPIC,MEDICATION_DIAGNOSTICS_AND_CLINICAL_RESEARCH,MEDICATION_OR_DRUG,CRITICAL,FEAR
synthetic_tts/urgency_critical_MED_0167.wav,My home glucose reading is extremely high and I am vomiting and becoming very sleepy. The risk is immediate and I need emergency-level attention right away.,MEDICAL,GENERAL_TOPIC,MEDICATION_DIAGNOSTICS_AND_CLINICAL_RESEARCH,DIAGNOSTIC_TEST_OR_RESULT,CRITICAL,SURPRISE
synthetic_tts/urgency_critical_MED_0168.wav,My blood pressure is extremely high and I now have severe chest pain and blurred vision. Do not treat this as a routine issue; I need immediate intervention.,MEDICAL,GENERAL_TOPIC,MEDICATION_DIAGNOSTICS_AND_CLINICAL_RESEARCH,DIAGNOSTIC_TEST_OR_RESULT,CRITICAL,NEUTRAL
synthetic_tts/urgency_critical_MED_0169.wav,My pulse oximeter is repeatedly showing a dangerously low oxygen level. This is happening right now and I need emergency assistance immediately.,MEDICAL,GENERAL_TOPIC,MEDICATION_DIAGNOSTICS_AND_CLINICAL_RESEARCH,DIAGNOSTIC_TEST_OR_RESULT,CRITICAL,FEAR
synthetic_tts/urgency_critical_MED_0170.wav,My elderly mother has become suddenly confused and is unable to recognize family members. Please treat this as a critical situation and respond without delay.,MEDICAL,GENERAL_TOPIC,MEDICAL_SYMPTOM_AND_CONDITION,MEDICAL_CONDITION_OR_CLINICAL_STATE,CRITICAL,FEAR
synthetic_tts/urgency_critical_MED_0171.wav,I fainted twice today and now I have severe weakness and dizziness. The condition is deteriorating rapidly and there is no time for a routine response.,MEDICAL,GENERAL_TOPIC,MEDICAL_SYMPTOM_AND_CONDITION,MEDICAL_SYMPTOM,CRITICAL,SURPRISE
synthetic_tts/urgency_critical_MED_0172.wav,I have sudden severe back pain together with loss of bladder control. I need immediate escalation because waiting could cause serious harm.,MEDICAL,GENERAL_TOPIC,MEDICAL_SYMPTOM_AND_CONDITION,MEDICAL_SYMPTOM,CRITICAL,NEUTRAL
synthetic_tts/urgency_critical_MED_0173.wav,"My child is breathing very fast, turning pale, and becoming unusually sleepy. This is an emergency and I need the fastest possible response.",MEDICAL,GENERAL_TOPIC,MEDICAL_ADVICE_AND_TREATMENT,TREATMENT_OR_HEALTHCARE,CRITICAL,FEAR
synthetic_tts/urgency_critical_MED_0174.wav,I have severe bleeding during pregnancy with intense abdominal pain. Please escalate this now; the situation may become dangerous within minutes.,MEDICAL,GENERAL_TOPIC,MEDICAL_ADVICE_AND_TREATMENT,MEDICAL_SYMPTOM,CRITICAL,FEAR
synthetic_tts/urgency_critical_MED_0175.wav,I suddenly developed severe swelling in one leg with chest discomfort and shortness of breath. The risk is immediate and I need emergency-level attention right away.,MEDICAL,GENERAL_TOPIC,MEDICAL_SYMPTOM_AND_CONDITION,MEDICAL_SYMPTOM,CRITICAL,SURPRISE
synthetic_tts/urgency_critical_MED_0176.wav,I inhaled a large amount of chemical fumes and now I have chest tightness and trouble breathing. Do not treat this as a routine issue; I need immediate intervention.,MEDICAL,GENERAL_TOPIC,MEDICAL_ADVICE_AND_TREATMENT,TREATMENT_OR_HEALTHCARE,CRITICAL,NEUTRAL
synthetic_tts/urgency_critical_MED_0177.wav,I have a deep cut with continuous heavy bleeding despite firm pressure. This is happening right now and I need emergency assistance immediately.,MEDICAL,GENERAL_TOPIC,MEDICAL_SYMPTOM_AND_CONDITION,MEDICAL_SYMPTOM,CRITICAL,FEAR
synthetic_tts/urgency_critical_MED_0178.wav,My patient has become unresponsive after a sudden deterioration in breathing. Please treat this as a critical situation and respond without delay.,MEDICAL,GENERAL_TOPIC,MEDICAL_SYMPTOM_AND_CONDITION,MEDICAL_CONDITION_OR_CLINICAL_STATE,CRITICAL,FEAR
synthetic_tts/urgency_critical_MED_0179.wav,I may have taken a second dose of my heart medicine by mistake and now I feel faint. The condition is deteriorating rapidly and there is no time for a routine response.,MEDICAL,MEDICAL_SPECIALTY,MEDICATION_DIAGNOSTICS_AND_CLINICAL_RESEARCH,MEDICATION_OR_DRUG,CRITICAL,SURPRISE
synthetic_tts/urgency_critical_MED_0180.wav,A recent test showed a major abnormality and I now have severe symptoms. I need immediate escalation because waiting could cause serious harm.,MEDICAL,MEDICAL_SPECIALTY,MEDICAL_ADVICE_AND_TREATMENT,DIAGNOSTIC_TEST_OR_RESULT,CRITICAL,NEUTRAL
synthetic_tts/urgency_critical_MED_0181.wav,I am having crushing chest pressure with heavy sweating and I feel suddenly very weak. This is an emergency and I need the fastest possible response.,MEDICAL,MEDICAL_SPECIALTY,MEDICAL_SYMPTOM_AND_CONDITION,MEDICAL_SYMPTOM,CRITICAL,FEAR
synthetic_tts/urgency_critical_MED_0182.wav,I suddenly cannot catch my breath and my breathing is getting harder every minute. Please escalate this now; the situation may become dangerous within minutes.,MEDICAL,MEDICAL_SPECIALTY,MEDICAL_SYMPTOM_AND_CONDITION,MEDICAL_SYMPTOM,CRITICAL,FEAR
synthetic_tts/urgency_critical_MED_0183.wav,My father has collapsed and is barely responding after complaining of severe chest pain. The risk is immediate and I need emergency-level attention right away.,MEDICAL,MEDICAL_SPECIALTY,MEDICAL_SYMPTOM_AND_CONDITION,MEDICAL_CONDITION_OR_CLINICAL_STATE,CRITICAL,SURPRISE
synthetic_tts/urgency_critical_MED_0184.wav,There is sudden weakness on one side of my face and arm and my speech has become unclear. Do not treat this as a routine issue; I need immediate intervention.,MEDICAL,MEDICAL_SPECIALTY,MEDICAL_SYMPTOM_AND_CONDITION,MEDICAL_SYMPTOM,CRITICAL,NEUTRAL
synthetic_tts/urgency_critical_MED_0185.wav,I am coughing up a large amount of blood and I feel dizzy and extremely weak. This is happening right now and I need emergency assistance immediately.,MEDICAL,MEDICAL_SPECIALTY,MEDICAL_SYMPTOM_AND_CONDITION,MEDICAL_SYMPTOM,CRITICAL,FEAR
synthetic_tts/urgency_critical_MED_0186.wav,My heart is racing irregularly and I feel like I might faint when I stand up. Please treat this as a critical situation and respond without delay.,MEDICAL,MEDICAL_SPECIALTY,MEDICAL_SYMPTOM_AND_CONDITION,MEDICAL_SYMPTOM,CRITICAL,FEAR
synthetic_tts/urgency_critical_MED_0187.wav,My child is having a seizure that has continued for several minutes and has not stopped. The condition is deteriorating rapidly and there is no time for a routine response.,MEDICAL,MEDICAL_SPECIALTY,MEDICAL_SYMPTOM_AND_CONDITION,MEDICAL_CONDITION_OR_CLINICAL_STATE,CRITICAL,SURPRISE
synthetic_tts/urgency_critical_MED_0188.wav,I have severe abdominal pain with repeated vomiting and I cannot keep any fluids down. I need immediate escalation because waiting could cause serious harm.,MEDICAL,MEDICAL_SPECIALTY,MEDICAL_SYMPTOM_AND_CONDITION,MEDICAL_SYMPTOM,CRITICAL,NEUTRAL
synthetic_tts/urgency_critical_MED_0189.wav,"I suddenly developed severe headache, confusion, and difficulty staying awake. This is an emergency and I need the fastest possible response.",MEDICAL,MEDICAL_SPECIALTY,MEDICAL_SYMPTOM_AND_CONDITION,MEDICAL_SYMPTOM,CRITICAL,FEAR
synthetic_tts/urgency_critical_MED_0190.wav,I am having a severe allergic reaction with swelling around my mouth and increasing trouble breathing. Please escalate this now; the situation may become dangerous within minutes.,MEDICAL,MEDICAL_SPECIALTY,MEDICAL_SYMPTOM_AND_CONDITION,MEDICAL_SYMPTOM,CRITICAL,FEAR
synthetic_tts/urgency_critical_MED_0191.wav,My postoperative wound has opened and there is heavy bleeding that will not stop. The risk is immediate and I need emergency-level attention right away.,MEDICAL,GENERAL_TOPIC,MEDICAL_ADVICE_AND_TREATMENT,TREATMENT_OR_HEALTHCARE,CRITICAL,SURPRISE
synthetic_tts/urgency_critical_MED_0192.wav,I accidentally took far more of my prescription medicine than the prescribed dose. Do not treat this as a routine issue; I need immediate intervention.,MEDICAL,GENERAL_TOPIC,MEDICAL_ADVICE_AND_TREATMENT,TREATMENT_OR_HEALTHCARE,CRITICAL,NEUTRAL
synthetic_tts/urgency_critical_MED_0193.wav,I took the wrong medication and now I am becoming extremely drowsy and confused. This is happening right now and I need emergency assistance immediately.,MEDICAL,GENERAL_TOPIC,MEDICAL_ADVICE_AND_TREATMENT,MEDICATION_OR_DRUG,CRITICAL,FEAR
synthetic_tts/urgency_critical_MED_0194.wav,My oxygen reading has suddenly fallen and I am struggling to breathe normally. Please treat this as a critical situation and respond without delay.,MEDICAL,GENERAL_TOPIC,MEDICAL_ADVICE_AND_TREATMENT,TREATMENT_OR_HEALTHCARE,CRITICAL,FEAR
synthetic_tts/urgency_critical_MED_0195.wav,I have a very high fever with confusion and severe shaking that started suddenly. The condition is deteriorating rapidly and there is no time for a routine response.,MEDICAL,GENERAL_TOPIC,MEDICAL_ADVICE_AND_TREATMENT,MEDICAL_SYMPTOM,CRITICAL,SURPRISE
synthetic_tts/urgency_critical_MED_0196.wav,After taking my new medication I developed swelling of my lips and severe difficulty breathing. I need immediate escalation because waiting could cause serious harm.,MEDICAL,GENERAL_TOPIC,MEDICATION_DIAGNOSTICS_AND_CLINICAL_RESEARCH,MEDICATION_OR_DRUG,CRITICAL,NEUTRAL
synthetic_tts/urgency_critical_MED_0197.wav,My home glucose reading is extremely high and I am vomiting and becoming very sleepy. This is an emergency and I need the fastest possible response.,MEDICAL,GENERAL_TOPIC,MEDICATION_DIAGNOSTICS_AND_CLINICAL_RESEARCH,DIAGNOSTIC_TEST_OR_RESULT,CRITICAL,FEAR
synthetic_tts/urgency_critical_MED_0198.wav,My blood pressure is extremely high and I now have severe chest pain and blurred vision. Please escalate this now; the situation may become dangerous within minutes.,MEDICAL,GENERAL_TOPIC,MEDICATION_DIAGNOSTICS_AND_CLINICAL_RESEARCH,DIAGNOSTIC_TEST_OR_RESULT,CRITICAL,FEAR
synthetic_tts/urgency_critical_MED_0199.wav,My pulse oximeter is repeatedly showing a dangerously low oxygen level. The risk is immediate and I need emergency-level attention right away.,MEDICAL,GENERAL_TOPIC,MEDICATION_DIAGNOSTICS_AND_CLINICAL_RESEARCH,DIAGNOSTIC_TEST_OR_RESULT,CRITICAL,SURPRISE
synthetic_tts/urgency_critical_MED_0200.wav,My elderly mother has become suddenly confused and is unable to recognize family members. Do not treat this as a routine issue; I need immediate intervention.,MEDICAL,GENERAL_TOPIC,MEDICAL_SYMPTOM_AND_CONDITION,MEDICAL_CONDITION_OR_CLINICAL_STATE,CRITICAL,NEUTRAL
synthetic_tts/urgency_critical_MED_0201.wav,I fainted twice today and now I have severe weakness and dizziness. This is happening right now and I need emergency assistance immediately.,MEDICAL,GENERAL_TOPIC,MEDICAL_SYMPTOM_AND_CONDITION,MEDICAL_SYMPTOM,CRITICAL,FEAR
synthetic_tts/urgency_critical_MED_0202.wav,I have sudden severe back pain together with loss of bladder control. Please treat this as a critical situation and respond without delay.,MEDICAL,GENERAL_TOPIC,MEDICAL_SYMPTOM_AND_CONDITION,MEDICAL_SYMPTOM,CRITICAL,FEAR
synthetic_tts/urgency_critical_MED_0203.wav,"My child is breathing very fast, turning pale, and becoming unusually sleepy. The condition is deteriorating rapidly and there is no time for a routine response.",MEDICAL,GENERAL_TOPIC,MEDICAL_ADVICE_AND_TREATMENT,TREATMENT_OR_HEALTHCARE,CRITICAL,SURPRISE
synthetic_tts/urgency_critical_MED_0204.wav,I have severe bleeding during pregnancy with intense abdominal pain. I need immediate escalation because waiting could cause serious harm.,MEDICAL,GENERAL_TOPIC,MEDICAL_ADVICE_AND_TREATMENT,MEDICAL_SYMPTOM,CRITICAL,NEUTRAL
synthetic_tts/urgency_critical_MED_0205.wav,I suddenly developed severe swelling in one leg with chest discomfort and shortness of breath. This is an emergency and I need the fastest possible response.,MEDICAL,GENERAL_TOPIC,MEDICAL_SYMPTOM_AND_CONDITION,MEDICAL_SYMPTOM,CRITICAL,FEAR
synthetic_tts/urgency_critical_MED_0206.wav,I inhaled a large amount of chemical fumes and now I have chest tightness and trouble breathing. Please escalate this now; the situation may become dangerous within minutes.,MEDICAL,GENERAL_TOPIC,MEDICAL_ADVICE_AND_TREATMENT,TREATMENT_OR_HEALTHCARE,CRITICAL,FEAR
synthetic_tts/urgency_critical_MED_0207.wav,I have a deep cut with continuous heavy bleeding despite firm pressure. The risk is immediate and I need emergency-level attention right away.,MEDICAL,GENERAL_TOPIC,MEDICAL_SYMPTOM_AND_CONDITION,MEDICAL_SYMPTOM,CRITICAL,SURPRISE
synthetic_tts/urgency_critical_MED_0208.wav,My patient has become unresponsive after a sudden deterioration in breathing. Do not treat this as a routine issue; I need immediate intervention.,MEDICAL,GENERAL_TOPIC,MEDICAL_SYMPTOM_AND_CONDITION,MEDICAL_CONDITION_OR_CLINICAL_STATE,CRITICAL,NEUTRAL
synthetic_tts/urgency_critical_MED_0209.wav,I may have taken a second dose of my heart medicine by mistake and now I feel faint. This is happening right now and I need emergency assistance immediately.,MEDICAL,MEDICAL_SPECIALTY,MEDICATION_DIAGNOSTICS_AND_CLINICAL_RESEARCH,MEDICATION_OR_DRUG,CRITICAL,FEAR
synthetic_tts/urgency_critical_MED_0210.wav,A recent test showed a major abnormality and I now have severe symptoms. Please treat this as a critical situation and respond without delay.,MEDICAL,MEDICAL_SPECIALTY,MEDICAL_ADVICE_AND_TREATMENT,DIAGNOSTIC_TEST_OR_RESULT,CRITICAL,FEAR
synthetic_tts/urgency_critical_MED_0211.wav,I am having crushing chest pressure with heavy sweating and I feel suddenly very weak. The condition is deteriorating rapidly and there is no time for a routine response.,MEDICAL,MEDICAL_SPECIALTY,MEDICAL_SYMPTOM_AND_CONDITION,MEDICAL_SYMPTOM,CRITICAL,SURPRISE
synthetic_tts/urgency_critical_MED_0212.wav,I suddenly cannot catch my breath and my breathing is getting harder every minute. I need immediate escalation because waiting could cause serious harm.,MEDICAL,MEDICAL_SPECIALTY,MEDICAL_SYMPTOM_AND_CONDITION,MEDICAL_SYMPTOM,CRITICAL,NEUTRAL
synthetic_tts/urgency_critical_MED_0213.wav,My father has collapsed and is barely responding after complaining of severe chest pain. This is an emergency and I need the fastest possible response.,MEDICAL,MEDICAL_SPECIALTY,MEDICAL_SYMPTOM_AND_CONDITION,MEDICAL_CONDITION_OR_CLINICAL_STATE,CRITICAL,FEAR
synthetic_tts/urgency_critical_MED_0214.wav,There is sudden weakness on one side of my face and arm and my speech has become unclear. Please escalate this now; the situation may become dangerous within minutes.,MEDICAL,MEDICAL_SPECIALTY,MEDICAL_SYMPTOM_AND_CONDITION,MEDICAL_SYMPTOM,CRITICAL,FEAR
synthetic_tts/urgency_critical_MED_0215.wav,I am coughing up a large amount of blood and I feel dizzy and extremely weak. The risk is immediate and I need emergency-level attention right away.,MEDICAL,MEDICAL_SPECIALTY,MEDICAL_SYMPTOM_AND_CONDITION,MEDICAL_SYMPTOM,CRITICAL,SURPRISE
synthetic_tts/urgency_critical_MED_0216.wav,My heart is racing irregularly and I feel like I might faint when I stand up. Do not treat this as a routine issue; I need immediate intervention.,MEDICAL,MEDICAL_SPECIALTY,MEDICAL_SYMPTOM_AND_CONDITION,MEDICAL_SYMPTOM,CRITICAL,NEUTRAL
synthetic_tts/urgency_critical_MED_0217.wav,My child is having a seizure that has continued for several minutes and has not stopped. This is happening right now and I need emergency assistance immediately.,MEDICAL,MEDICAL_SPECIALTY,MEDICAL_SYMPTOM_AND_CONDITION,MEDICAL_CONDITION_OR_CLINICAL_STATE,CRITICAL,FEAR
synthetic_tts/urgency_critical_MED_0218.wav,I have severe abdominal pain with repeated vomiting and I cannot keep any fluids down. Please treat this as a critical situation and respond without delay.,MEDICAL,MEDICAL_SPECIALTY,MEDICAL_SYMPTOM_AND_CONDITION,MEDICAL_SYMPTOM,CRITICAL,FEAR
synthetic_tts/urgency_critical_MED_0219.wav,"I suddenly developed severe headache, confusion, and difficulty staying awake. The condition is deteriorating rapidly and there is no time for a routine response.",MEDICAL,MEDICAL_SPECIALTY,MEDICAL_SYMPTOM_AND_CONDITION,MEDICAL_SYMPTOM,CRITICAL,SURPRISE
synthetic_tts/urgency_critical_MED_0220.wav,I am having a severe allergic reaction with swelling around my mouth and increasing trouble breathing. I need immediate escalation because waiting could cause serious harm.,MEDICAL,MEDICAL_SPECIALTY,MEDICAL_SYMPTOM_AND_CONDITION,MEDICAL_SYMPTOM,CRITICAL,NEUTRAL
synthetic_tts/urgency_critical_MED_0221.wav,My postoperative wound has opened and there is heavy bleeding that will not stop. This is an emergency and I need the fastest possible response.,MEDICAL,GENERAL_TOPIC,MEDICAL_ADVICE_AND_TREATMENT,TREATMENT_OR_HEALTHCARE,CRITICAL,FEAR
synthetic_tts/urgency_critical_MED_0222.wav,I accidentally took far more of my prescription medicine than the prescribed dose. Please escalate this now; the situation may become dangerous within minutes.,MEDICAL,GENERAL_TOPIC,MEDICAL_ADVICE_AND_TREATMENT,TREATMENT_OR_HEALTHCARE,CRITICAL,FEAR
synthetic_tts/urgency_critical_MED_0223.wav,I took the wrong medication and now I am becoming extremely drowsy and confused. The risk is immediate and I need emergency-level attention right away.,MEDICAL,GENERAL_TOPIC,MEDICAL_ADVICE_AND_TREATMENT,MEDICATION_OR_DRUG,CRITICAL,SURPRISE
synthetic_tts/urgency_critical_MED_0224.wav,My oxygen reading has suddenly fallen and I am struggling to breathe normally. Do not treat this as a routine issue; I need immediate intervention.,MEDICAL,GENERAL_TOPIC,MEDICAL_ADVICE_AND_TREATMENT,TREATMENT_OR_HEALTHCARE,CRITICAL,NEUTRAL
synthetic_tts/urgency_critical_MED_0225.wav,I have a very high fever with confusion and severe shaking that started suddenly. This is happening right now and I need emergency assistance immediately.,MEDICAL,GENERAL_TOPIC,MEDICAL_ADVICE_AND_TREATMENT,MEDICAL_SYMPTOM,CRITICAL,FEAR
synthetic_tts/urgency_critical_MED_0226.wav,After taking my new medication I developed swelling of my lips and severe difficulty breathing. Please treat this as a critical situation and respond without delay.,MEDICAL,GENERAL_TOPIC,MEDICATION_DIAGNOSTICS_AND_CLINICAL_RESEARCH,MEDICATION_OR_DRUG,CRITICAL,FEAR
synthetic_tts/urgency_critical_MED_0227.wav,My home glucose reading is extremely high and I am vomiting and becoming very sleepy. The condition is deteriorating rapidly and there is no time for a routine response.,MEDICAL,GENERAL_TOPIC,MEDICATION_DIAGNOSTICS_AND_CLINICAL_RESEARCH,DIAGNOSTIC_TEST_OR_RESULT,CRITICAL,SURPRISE
synthetic_tts/urgency_critical_MED_0228.wav,My blood pressure is extremely high and I now have severe chest pain and blurred vision. I need immediate escalation because waiting could cause serious harm.,MEDICAL,GENERAL_TOPIC,MEDICATION_DIAGNOSTICS_AND_CLINICAL_RESEARCH,DIAGNOSTIC_TEST_OR_RESULT,CRITICAL,NEUTRAL
synthetic_tts/urgency_critical_MED_0229.wav,My pulse oximeter is repeatedly showing a dangerously low oxygen level. This is an emergency and I need the fastest possible response.,MEDICAL,GENERAL_TOPIC,MEDICATION_DIAGNOSTICS_AND_CLINICAL_RESEARCH,DIAGNOSTIC_TEST_OR_RESULT,CRITICAL,FEAR
synthetic_tts/urgency_critical_MED_0230.wav,My elderly mother has become suddenly confused and is unable to recognize family members. Please escalate this now; the situation may become dangerous within minutes.,MEDICAL,GENERAL_TOPIC,MEDICAL_SYMPTOM_AND_CONDITION,MEDICAL_CONDITION_OR_CLINICAL_STATE,CRITICAL,FEAR
synthetic_tts/urgency_critical_MED_0231.wav,I fainted twice today and now I have severe weakness and dizziness. The risk is immediate and I need emergency-level attention right away.,MEDICAL,GENERAL_TOPIC,MEDICAL_SYMPTOM_AND_CONDITION,MEDICAL_SYMPTOM,CRITICAL,SURPRISE
synthetic_tts/urgency_critical_MED_0232.wav,I have sudden severe back pain together with loss of bladder control. Do not treat this as a routine issue; I need immediate intervention.,MEDICAL,GENERAL_TOPIC,MEDICAL_SYMPTOM_AND_CONDITION,MEDICAL_SYMPTOM,CRITICAL,NEUTRAL
synthetic_tts/urgency_critical_MED_0233.wav,"My child is breathing very fast, turning pale, and becoming unusually sleepy. This is happening right now and I need emergency assistance immediately.",MEDICAL,GENERAL_TOPIC,MEDICAL_ADVICE_AND_TREATMENT,TREATMENT_OR_HEALTHCARE,CRITICAL,FEAR
synthetic_tts/urgency_critical_MED_0234.wav,I have severe bleeding during pregnancy with intense abdominal pain. Please treat this as a critical situation and respond without delay.,MEDICAL,GENERAL_TOPIC,MEDICAL_ADVICE_AND_TREATMENT,MEDICAL_SYMPTOM,CRITICAL,FEAR
synthetic_tts/urgency_critical_MED_0235.wav,I suddenly developed severe swelling in one leg with chest discomfort and shortness of breath. The condition is deteriorating rapidly and there is no time for a routine response.,MEDICAL,GENERAL_TOPIC,MEDICAL_SYMPTOM_AND_CONDITION,MEDICAL_SYMPTOM,CRITICAL,SURPRISE
synthetic_tts/urgency_critical_MED_0236.wav,I inhaled a large amount of chemical fumes and now I have chest tightness and trouble breathing. I need immediate escalation because waiting could cause serious harm.,MEDICAL,GENERAL_TOPIC,MEDICAL_ADVICE_AND_TREATMENT,TREATMENT_OR_HEALTHCARE,CRITICAL,NEUTRAL
synthetic_tts/urgency_critical_MED_0237.wav,I have a deep cut with continuous heavy bleeding despite firm pressure. This is an emergency and I need the fastest possible response.,MEDICAL,GENERAL_TOPIC,MEDICAL_SYMPTOM_AND_CONDITION,MEDICAL_SYMPTOM,CRITICAL,FEAR
synthetic_tts/urgency_critical_MED_0238.wav,My patient has become unresponsive after a sudden deterioration in breathing. Please escalate this now; the situation may become dangerous within minutes.,MEDICAL,GENERAL_TOPIC,MEDICAL_SYMPTOM_AND_CONDITION,MEDICAL_CONDITION_OR_CLINICAL_STATE,CRITICAL,FEAR
synthetic_tts/urgency_critical_MED_0239.wav,I may have taken a second dose of my heart medicine by mistake and now I feel faint. The risk is immediate and I need emergency-level attention right away.,MEDICAL,MEDICAL_SPECIALTY,MEDICATION_DIAGNOSTICS_AND_CLINICAL_RESEARCH,MEDICATION_OR_DRUG,CRITICAL,SURPRISE
synthetic_tts/urgency_critical_MED_0240.wav,A recent test showed a major abnormality and I now have severe symptoms. Do not treat this as a routine issue; I need immediate intervention.,MEDICAL,MEDICAL_SPECIALTY,MEDICAL_ADVICE_AND_TREATMENT,DIAGNOSTIC_TEST_OR_RESULT,CRITICAL,NEUTRAL
synthetic_tts/urgency_high_FIN_0241.wav,Our payment platform has stopped processing transactions and customers are unable to access their funds. Can you help me understand how urgently this needs to be handled?,FINANCIAL,TECHNOLOGY,FINANCIAL_OPERATIONS_RISK_AND_COMPLIANCE,FINANCIAL_STRATEGY_AND_PLANNING,HIGH,FEAR
synthetic_tts/urgency_high_FIN_0242.wav,A major security incident has disrupted our financial systems and sensitive account data may be exposed. I need this reviewed as soon as possible because the situation is getting worse.,FINANCIAL,TECHNOLOGY,FINANCIAL_OPERATIONS_RISK_AND_COMPLIANCE,TECHNOLOGY_AND_DIGITAL_INFRASTRUCTURE,HIGH,NEUTRAL
synthetic_tts/urgency_high_FIN_0243.wav,A critical compliance failure could prevent our healthcare business from operating normally. Please treat this as a high-priority issue and advise on the next immediate step.,FINANCIAL,HEALTHCARE,FINANCIAL_OPERATIONS_RISK_AND_COMPLIANCE,REGULATORY_AND_ENVIRONMENTAL_CONTEXT,HIGH,ANGER
synthetic_tts/urgency_high_FIN_0244.wav,A major supplier failure has stopped production and is threatening our ability to meet current orders. I am concerned about the rapid change and need urgent assistance.,FINANCIAL,INDUSTRIAL_GOODS,FINANCIAL_OPERATIONS_RISK_AND_COMPLIANCE,BUSINESS_OPERATIONS_AND_LOGISTICS,HIGH,FEAR
synthetic_tts/urgency_high_FIN_0245.wav,Our cash position has deteriorated sharply and we may not have enough liquidity to meet near-term obligations. This cannot wait for a routine appointment or review; I need prompt guidance.,FINANCIAL,TECHNOLOGY,FINANCIAL_REPORTING_AND_OUTLOOK,CORPORATE_FINANCIAL_PERFORMANCE,HIGH,FEAR
synthetic_tts/urgency_high_FIN_0246.wav,A sudden revenue collapse has created a serious liquidity problem for the healthcare business. Please flag this for immediate attention because the risk is increasing.,FINANCIAL,HEALTHCARE,FINANCIAL_REPORTING_AND_OUTLOOK,FINANCIAL_METRICS_DETAIL,HIGH,NEUTRAL
synthetic_tts/urgency_high_FIN_0247.wav,A critical factory shutdown is causing a major production shortfall and threatening this quarter's commitments. I need an urgent assessment rather than a routine response.,FINANCIAL,INDUSTRIAL_GOODS,BUSINESS_STRATEGY_AND_PROJECT_PLANNING,BUSINESS_OPERATIONS_AND_LOGISTICS,HIGH,ANGER
synthetic_tts/urgency_high_FIN_0248.wav,A major competitor has unexpectedly taken a large share of our market and our customer losses are accelerating. The situation is becoming serious and I need help without a long delay.,FINANCIAL,TECHNOLOGY,MARKET_AND_COMPETITIVE_OUTLOOK,MARKET_AND_INDUSTRY_ANALYSIS,HIGH,FEAR
synthetic_tts/urgency_high_FIN_0249.wav,A regulatory decision could immediately suspend a major healthcare revenue stream. Can you help me understand how urgently this needs to be handled?,FINANCIAL,HEALTHCARE,FINANCIAL_OPERATIONS_RISK_AND_COMPLIANCE,FINANCIAL_STRATEGY_AND_PLANNING,HIGH,FEAR
synthetic_tts/urgency_high_FIN_0250.wav,An unexpected loss in a major business segment is putting our quarterly financial target at serious risk. I need this reviewed as soon as possible because the situation is getting worse.,FINANCIAL,INDUSTRIAL_GOODS,FINANCIAL_PERFORMANCE_AND_SEGMENT_ANALYSIS,CORPORATE_FINANCIAL_PERFORMANCE,HIGH,NEUTRAL
synthetic_tts/urgency_high_FIN_0251.wav,We have detected a potentially fraudulent transfer involving a large corporate account. Please treat this as a high-priority issue and advise on the next immediate step.,FINANCIAL,TECHNOLOGY,FINANCIAL_OPERATIONS_RISK_AND_COMPLIANCE,GENERAL_BUSINESS_ADMINISTRATION,HIGH,ANGER
synthetic_tts/urgency_high_FIN_0252.wav,A serious governance issue has emerged involving a major healthcare contract. I am concerned about the rapid change and need urgent assistance.,FINANCIAL,HEALTHCARE,FINANCIAL_OPERATIONS_RISK_AND_COMPLIANCE,BUSINESS_GOVERNANCE_AND_RELATIONS,HIGH,FEAR
synthetic_tts/urgency_high_FIN_0253.wav,A sudden working-capital shortfall could prevent us from paying critical suppliers on time. This cannot wait for a routine appointment or review; I need prompt guidance.,FINANCIAL,INDUSTRIAL_GOODS,FINANCIAL_REPORTING_AND_OUTLOOK,FINANCIAL_METRICS_DETAIL,HIGH,FEAR
synthetic_tts/urgency_high_FIN_0254.wav,A critical technology project has failed and could cause a large unexpected financial loss. Please flag this for immediate attention because the risk is increasing.,FINANCIAL,TECHNOLOGY,BUSINESS_STRATEGY_AND_PROJECT_PLANNING,FINANCIAL_STRATEGY_AND_PLANNING,HIGH,NEUTRAL
synthetic_tts/urgency_high_FIN_0255.wav,A major healthcare segment has reported an unexpected financial loss that threatens the current forecast. I need an urgent assessment rather than a routine response.,FINANCIAL,HEALTHCARE,FINANCIAL_PERFORMANCE_AND_SEGMENT_ANALYSIS,FINANCIAL_METRICS_DETAIL,HIGH,ANGER
synthetic_tts/urgency_high_FIN_0256.wav,Our payment platform has stopped processing transactions and customers are unable to access their funds. The situation is becoming serious and I need help without a long delay.,FINANCIAL,TECHNOLOGY,FINANCIAL_OPERATIONS_RISK_AND_COMPLIANCE,FINANCIAL_STRATEGY_AND_PLANNING,HIGH,FEAR
synthetic_tts/urgency_high_FIN_0257.wav,A major security incident has disrupted our financial systems and sensitive account data may be exposed. Can you help me understand how urgently this needs to be handled?,FINANCIAL,TECHNOLOGY,FINANCIAL_OPERATIONS_RISK_AND_COMPLIANCE,TECHNOLOGY_AND_DIGITAL_INFRASTRUCTURE,HIGH,FEAR
synthetic_tts/urgency_high_FIN_0258.wav,A critical compliance failure could prevent our healthcare business from operating normally. I need this reviewed as soon as possible because the situation is getting worse.,FINANCIAL,HEALTHCARE,FINANCIAL_OPERATIONS_RISK_AND_COMPLIANCE,REGULATORY_AND_ENVIRONMENTAL_CONTEXT,HIGH,NEUTRAL
synthetic_tts/urgency_high_FIN_0259.wav,A major supplier failure has stopped production and is threatening our ability to meet current orders. Please treat this as a high-priority issue and advise on the next immediate step.,FINANCIAL,INDUSTRIAL_GOODS,FINANCIAL_OPERATIONS_RISK_AND_COMPLIANCE,BUSINESS_OPERATIONS_AND_LOGISTICS,HIGH,ANGER
synthetic_tts/urgency_high_FIN_0260.wav,Our cash position has deteriorated sharply and we may not have enough liquidity to meet near-term obligations. I am concerned about the rapid change and need urgent assistance.,FINANCIAL,TECHNOLOGY,FINANCIAL_REPORTING_AND_OUTLOOK,CORPORATE_FINANCIAL_PERFORMANCE,HIGH,FEAR
synthetic_tts/urgency_high_FIN_0261.wav,A sudden revenue collapse has created a serious liquidity problem for the healthcare business. This cannot wait for a routine appointment or review; I need prompt guidance.,FINANCIAL,HEALTHCARE,FINANCIAL_REPORTING_AND_OUTLOOK,FINANCIAL_METRICS_DETAIL,HIGH,FEAR
synthetic_tts/urgency_high_FIN_0262.wav,A critical factory shutdown is causing a major production shortfall and threatening this quarter's commitments. Please flag this for immediate attention because the risk is increasing.,FINANCIAL,INDUSTRIAL_GOODS,BUSINESS_STRATEGY_AND_PROJECT_PLANNING,BUSINESS_OPERATIONS_AND_LOGISTICS,HIGH,NEUTRAL
synthetic_tts/urgency_high_FIN_0263.wav,A major competitor has unexpectedly taken a large share of our market and our customer losses are accelerating. I need an urgent assessment rather than a routine response.,FINANCIAL,TECHNOLOGY,MARKET_AND_COMPETITIVE_OUTLOOK,MARKET_AND_INDUSTRY_ANALYSIS,HIGH,ANGER
synthetic_tts/urgency_high_FIN_0264.wav,A regulatory decision could immediately suspend a major healthcare revenue stream. The situation is becoming serious and I need help without a long delay.,FINANCIAL,HEALTHCARE,FINANCIAL_OPERATIONS_RISK_AND_COMPLIANCE,FINANCIAL_STRATEGY_AND_PLANNING,HIGH,FEAR
synthetic_tts/urgency_high_FIN_0265.wav,An unexpected loss in a major business segment is putting our quarterly financial target at serious risk. Can you help me understand how urgently this needs to be handled?,FINANCIAL,INDUSTRIAL_GOODS,FINANCIAL_PERFORMANCE_AND_SEGMENT_ANALYSIS,CORPORATE_FINANCIAL_PERFORMANCE,HIGH,FEAR
synthetic_tts/urgency_high_FIN_0266.wav,We have detected a potentially fraudulent transfer involving a large corporate account. I need this reviewed as soon as possible because the situation is getting worse.,FINANCIAL,TECHNOLOGY,FINANCIAL_OPERATIONS_RISK_AND_COMPLIANCE,GENERAL_BUSINESS_ADMINISTRATION,HIGH,NEUTRAL
synthetic_tts/urgency_high_FIN_0267.wav,A serious governance issue has emerged involving a major healthcare contract. Please treat this as a high-priority issue and advise on the next immediate step.,FINANCIAL,HEALTHCARE,FINANCIAL_OPERATIONS_RISK_AND_COMPLIANCE,BUSINESS_GOVERNANCE_AND_RELATIONS,HIGH,ANGER
synthetic_tts/urgency_high_FIN_0268.wav,A sudden working-capital shortfall could prevent us from paying critical suppliers on time. I am concerned about the rapid change and need urgent assistance.,FINANCIAL,INDUSTRIAL_GOODS,FINANCIAL_REPORTING_AND_OUTLOOK,FINANCIAL_METRICS_DETAIL,HIGH,FEAR
synthetic_tts/urgency_high_FIN_0269.wav,A critical technology project has failed and could cause a large unexpected financial loss. This cannot wait for a routine appointment or review; I need prompt guidance.,FINANCIAL,TECHNOLOGY,BUSINESS_STRATEGY_AND_PROJECT_PLANNING,FINANCIAL_STRATEGY_AND_PLANNING,HIGH,FEAR
synthetic_tts/urgency_high_FIN_0270.wav,A major healthcare segment has reported an unexpected financial loss that threatens the current forecast. Please flag this for immediate attention because the risk is increasing.,FINANCIAL,HEALTHCARE,FINANCIAL_PERFORMANCE_AND_SEGMENT_ANALYSIS,FINANCIAL_METRICS_DETAIL,HIGH,NEUTRAL
synthetic_tts/urgency_high_FIN_0271.wav,Our payment platform has stopped processing transactions and customers are unable to access their funds. I need an urgent assessment rather than a routine response.,FINANCIAL,TECHNOLOGY,FINANCIAL_OPERATIONS_RISK_AND_COMPLIANCE,FINANCIAL_STRATEGY_AND_PLANNING,HIGH,ANGER
synthetic_tts/urgency_high_FIN_0272.wav,A major security incident has disrupted our financial systems and sensitive account data may be exposed. The situation is becoming serious and I need help without a long delay.,FINANCIAL,TECHNOLOGY,FINANCIAL_OPERATIONS_RISK_AND_COMPLIANCE,TECHNOLOGY_AND_DIGITAL_INFRASTRUCTURE,HIGH,FEAR
synthetic_tts/urgency_high_FIN_0273.wav,A critical compliance failure could prevent our healthcare business from operating normally. Can you help me understand how urgently this needs to be handled?,FINANCIAL,HEALTHCARE,FINANCIAL_OPERATIONS_RISK_AND_COMPLIANCE,REGULATORY_AND_ENVIRONMENTAL_CONTEXT,HIGH,FEAR
synthetic_tts/urgency_high_FIN_0274.wav,A major supplier failure has stopped production and is threatening our ability to meet current orders. I need this reviewed as soon as possible because the situation is getting worse.,FINANCIAL,INDUSTRIAL_GOODS,FINANCIAL_OPERATIONS_RISK_AND_COMPLIANCE,BUSINESS_OPERATIONS_AND_LOGISTICS,HIGH,NEUTRAL
synthetic_tts/urgency_high_FIN_0275.wav,Our cash position has deteriorated sharply and we may not have enough liquidity to meet near-term obligations. Please treat this as a high-priority issue and advise on the next immediate step.,FINANCIAL,TECHNOLOGY,FINANCIAL_REPORTING_AND_OUTLOOK,CORPORATE_FINANCIAL_PERFORMANCE,HIGH,ANGER
synthetic_tts/urgency_high_FIN_0276.wav,A sudden revenue collapse has created a serious liquidity problem for the healthcare business. I am concerned about the rapid change and need urgent assistance.,FINANCIAL,HEALTHCARE,FINANCIAL_REPORTING_AND_OUTLOOK,FINANCIAL_METRICS_DETAIL,HIGH,FEAR
synthetic_tts/urgency_high_FIN_0277.wav,A critical factory shutdown is causing a major production shortfall and threatening this quarter's commitments. This cannot wait for a routine appointment or review; I need prompt guidance.,FINANCIAL,INDUSTRIAL_GOODS,BUSINESS_STRATEGY_AND_PROJECT_PLANNING,BUSINESS_OPERATIONS_AND_LOGISTICS,HIGH,FEAR
synthetic_tts/urgency_high_FIN_0278.wav,A major competitor has unexpectedly taken a large share of our market and our customer losses are accelerating. Please flag this for immediate attention because the risk is increasing.,FINANCIAL,TECHNOLOGY,MARKET_AND_COMPETITIVE_OUTLOOK,MARKET_AND_INDUSTRY_ANALYSIS,HIGH,NEUTRAL
synthetic_tts/urgency_high_FIN_0279.wav,A regulatory decision could immediately suspend a major healthcare revenue stream. I need an urgent assessment rather than a routine response.,FINANCIAL,HEALTHCARE,FINANCIAL_OPERATIONS_RISK_AND_COMPLIANCE,FINANCIAL_STRATEGY_AND_PLANNING,HIGH,ANGER
synthetic_tts/urgency_high_FIN_0280.wav,An unexpected loss in a major business segment is putting our quarterly financial target at serious risk. The situation is becoming serious and I need help without a long delay.,FINANCIAL,INDUSTRIAL_GOODS,FINANCIAL_PERFORMANCE_AND_SEGMENT_ANALYSIS,CORPORATE_FINANCIAL_PERFORMANCE,HIGH,FEAR
synthetic_tts/urgency_high_FIN_0281.wav,We have detected a potentially fraudulent transfer involving a large corporate account. Can you help me understand how urgently this needs to be handled?,FINANCIAL,TECHNOLOGY,FINANCIAL_OPERATIONS_RISK_AND_COMPLIANCE,GENERAL_BUSINESS_ADMINISTRATION,HIGH,FEAR
synthetic_tts/urgency_high_FIN_0282.wav,A serious governance issue has emerged involving a major healthcare contract. I need this reviewed as soon as possible because the situation is getting worse.,FINANCIAL,HEALTHCARE,FINANCIAL_OPERATIONS_RISK_AND_COMPLIANCE,BUSINESS_GOVERNANCE_AND_RELATIONS,HIGH,NEUTRAL
synthetic_tts/urgency_high_FIN_0283.wav,A sudden working-capital shortfall could prevent us from paying critical suppliers on time. Please treat this as a high-priority issue and advise on the next immediate step.,FINANCIAL,INDUSTRIAL_GOODS,FINANCIAL_REPORTING_AND_OUTLOOK,FINANCIAL_METRICS_DETAIL,HIGH,ANGER
synthetic_tts/urgency_high_FIN_0284.wav,A critical technology project has failed and could cause a large unexpected financial loss. I am concerned about the rapid change and need urgent assistance.,FINANCIAL,TECHNOLOGY,BUSINESS_STRATEGY_AND_PROJECT_PLANNING,FINANCIAL_STRATEGY_AND_PLANNING,HIGH,FEAR
synthetic_tts/urgency_high_FIN_0285.wav,A major healthcare segment has reported an unexpected financial loss that threatens the current forecast. This cannot wait for a routine appointment or review; I need prompt guidance.,FINANCIAL,HEALTHCARE,FINANCIAL_PERFORMANCE_AND_SEGMENT_ANALYSIS,FINANCIAL_METRICS_DETAIL,HIGH,FEAR
synthetic_tts/urgency_high_FIN_0286.wav,Our payment platform has stopped processing transactions and customers are unable to access their funds. Please flag this for immediate attention because the risk is increasing.,FINANCIAL,TECHNOLOGY,FINANCIAL_OPERATIONS_RISK_AND_COMPLIANCE,FINANCIAL_STRATEGY_AND_PLANNING,HIGH,NEUTRAL
synthetic_tts/urgency_high_FIN_0287.wav,A major security incident has disrupted our financial systems and sensitive account data may be exposed. I need an urgent assessment rather than a routine response.,FINANCIAL,TECHNOLOGY,FINANCIAL_OPERATIONS_RISK_AND_COMPLIANCE,TECHNOLOGY_AND_DIGITAL_INFRASTRUCTURE,HIGH,ANGER
synthetic_tts/urgency_high_FIN_0288.wav,A critical compliance failure could prevent our healthcare business from operating normally. The situation is becoming serious and I need help without a long delay.,FINANCIAL,HEALTHCARE,FINANCIAL_OPERATIONS_RISK_AND_COMPLIANCE,REGULATORY_AND_ENVIRONMENTAL_CONTEXT,HIGH,FEAR
synthetic_tts/urgency_high_FIN_0289.wav,A major supplier failure has stopped production and is threatening our ability to meet current orders. Can you help me understand how urgently this needs to be handled?,FINANCIAL,INDUSTRIAL_GOODS,FINANCIAL_OPERATIONS_RISK_AND_COMPLIANCE,BUSINESS_OPERATIONS_AND_LOGISTICS,HIGH,FEAR
synthetic_tts/urgency_high_FIN_0290.wav,Our cash position has deteriorated sharply and we may not have enough liquidity to meet near-term obligations. I need this reviewed as soon as possible because the situation is getting worse.,FINANCIAL,TECHNOLOGY,FINANCIAL_REPORTING_AND_OUTLOOK,CORPORATE_FINANCIAL_PERFORMANCE,HIGH,NEUTRAL
synthetic_tts/urgency_high_FIN_0291.wav,A sudden revenue collapse has created a serious liquidity problem for the healthcare business. Please treat this as a high-priority issue and advise on the next immediate step.,FINANCIAL,HEALTHCARE,FINANCIAL_REPORTING_AND_OUTLOOK,FINANCIAL_METRICS_DETAIL,HIGH,ANGER
synthetic_tts/urgency_high_FIN_0292.wav,A critical factory shutdown is causing a major production shortfall and threatening this quarter's commitments. I am concerned about the rapid change and need urgent assistance.,FINANCIAL,INDUSTRIAL_GOODS,BUSINESS_STRATEGY_AND_PROJECT_PLANNING,BUSINESS_OPERATIONS_AND_LOGISTICS,HIGH,FEAR
synthetic_tts/urgency_high_FIN_0293.wav,A major competitor has unexpectedly taken a large share of our market and our customer losses are accelerating. This cannot wait for a routine appointment or review; I need prompt guidance.,FINANCIAL,TECHNOLOGY,MARKET_AND_COMPETITIVE_OUTLOOK,MARKET_AND_INDUSTRY_ANALYSIS,HIGH,FEAR
synthetic_tts/urgency_high_FIN_0294.wav,A regulatory decision could immediately suspend a major healthcare revenue stream. Please flag this for immediate attention because the risk is increasing.,FINANCIAL,HEALTHCARE,FINANCIAL_OPERATIONS_RISK_AND_COMPLIANCE,FINANCIAL_STRATEGY_AND_PLANNING,HIGH,NEUTRAL
synthetic_tts/urgency_high_FIN_0295.wav,An unexpected loss in a major business segment is putting our quarterly financial target at serious risk. I need an urgent assessment rather than a routine response.,FINANCIAL,INDUSTRIAL_GOODS,FINANCIAL_PERFORMANCE_AND_SEGMENT_ANALYSIS,CORPORATE_FINANCIAL_PERFORMANCE,HIGH,ANGER
synthetic_tts/urgency_high_FIN_0296.wav,We have detected a potentially fraudulent transfer involving a large corporate account. The situation is becoming serious and I need help without a long delay.,FINANCIAL,TECHNOLOGY,FINANCIAL_OPERATIONS_RISK_AND_COMPLIANCE,GENERAL_BUSINESS_ADMINISTRATION,HIGH,FEAR
synthetic_tts/urgency_high_FIN_0297.wav,A serious governance issue has emerged involving a major healthcare contract. Can you help me understand how urgently this needs to be handled?,FINANCIAL,HEALTHCARE,FINANCIAL_OPERATIONS_RISK_AND_COMPLIANCE,BUSINESS_GOVERNANCE_AND_RELATIONS,HIGH,FEAR
synthetic_tts/urgency_high_FIN_0298.wav,A sudden working-capital shortfall could prevent us from paying critical suppliers on time. I need this reviewed as soon as possible because the situation is getting worse.,FINANCIAL,INDUSTRIAL_GOODS,FINANCIAL_REPORTING_AND_OUTLOOK,FINANCIAL_METRICS_DETAIL,HIGH,NEUTRAL
synthetic_tts/urgency_high_FIN_0299.wav,A critical technology project has failed and could cause a large unexpected financial loss. Please treat this as a high-priority issue and advise on the next immediate step.,FINANCIAL,TECHNOLOGY,BUSINESS_STRATEGY_AND_PROJECT_PLANNING,FINANCIAL_STRATEGY_AND_PLANNING,HIGH,ANGER
synthetic_tts/urgency_high_FIN_0300.wav,A major healthcare segment has reported an unexpected financial loss that threatens the current forecast. I am concerned about the rapid change and need urgent assistance.,FINANCIAL,HEALTHCARE,FINANCIAL_PERFORMANCE_AND_SEGMENT_ANALYSIS,FINANCIAL_METRICS_DETAIL,HIGH,FEAR
synthetic_tts/urgency_critical_FIN_0301.wav,Our payment platform has stopped processing transactions and customers are unable to access their funds. This is happening right now and I need emergency assistance immediately.,FINANCIAL,TECHNOLOGY,FINANCIAL_OPERATIONS_RISK_AND_COMPLIANCE,FINANCIAL_STRATEGY_AND_PLANNING,CRITICAL,FEAR
synthetic_tts/urgency_critical_FIN_0302.wav,A major security incident has disrupted our financial systems and sensitive account data may be exposed. Please treat this as a critical situation and respond without delay.,FINANCIAL,TECHNOLOGY,FINANCIAL_OPERATIONS_RISK_AND_COMPLIANCE,TECHNOLOGY_AND_DIGITAL_INFRASTRUCTURE,CRITICAL,FEAR
synthetic_tts/urgency_critical_FIN_0303.wav,A critical compliance failure could prevent our healthcare business from operating normally. The condition is deteriorating rapidly and there is no time for a routine response.,FINANCIAL,HEALTHCARE,FINANCIAL_OPERATIONS_RISK_AND_COMPLIANCE,REGULATORY_AND_ENVIRONMENTAL_CONTEXT,CRITICAL,SURPRISE
synthetic_tts/urgency_critical_FIN_0304.wav,A major supplier failure has stopped production and is threatening our ability to meet current orders. I need immediate escalation because waiting could cause serious harm.,FINANCIAL,INDUSTRIAL_GOODS,FINANCIAL_OPERATIONS_RISK_AND_COMPLIANCE,BUSINESS_OPERATIONS_AND_LOGISTICS,CRITICAL,NEUTRAL
synthetic_tts/urgency_critical_FIN_0305.wav,Our cash position has deteriorated sharply and we may not have enough liquidity to meet near-term obligations. This is an emergency and I need the fastest possible response.,FINANCIAL,TECHNOLOGY,FINANCIAL_REPORTING_AND_OUTLOOK,CORPORATE_FINANCIAL_PERFORMANCE,CRITICAL,FEAR
synthetic_tts/urgency_critical_FIN_0306.wav,A sudden revenue collapse has created a serious liquidity problem for the healthcare business. Please escalate this now; the situation may become dangerous within minutes.,FINANCIAL,HEALTHCARE,FINANCIAL_REPORTING_AND_OUTLOOK,FINANCIAL_METRICS_DETAIL,CRITICAL,FEAR
synthetic_tts/urgency_critical_FIN_0307.wav,A critical factory shutdown is causing a major production shortfall and threatening this quarter's commitments. The risk is immediate and I need emergency-level attention right away.,FINANCIAL,INDUSTRIAL_GOODS,BUSINESS_STRATEGY_AND_PROJECT_PLANNING,BUSINESS_OPERATIONS_AND_LOGISTICS,CRITICAL,SURPRISE
synthetic_tts/urgency_critical_FIN_0308.wav,A major competitor has unexpectedly taken a large share of our market and our customer losses are accelerating. Do not treat this as a routine issue; I need immediate intervention.,FINANCIAL,TECHNOLOGY,MARKET_AND_COMPETITIVE_OUTLOOK,MARKET_AND_INDUSTRY_ANALYSIS,CRITICAL,NEUTRAL
synthetic_tts/urgency_critical_FIN_0309.wav,A regulatory decision could immediately suspend a major healthcare revenue stream. This is happening right now and I need emergency assistance immediately.,FINANCIAL,HEALTHCARE,FINANCIAL_OPERATIONS_RISK_AND_COMPLIANCE,FINANCIAL_STRATEGY_AND_PLANNING,CRITICAL,FEAR
synthetic_tts/urgency_critical_FIN_0310.wav,An unexpected loss in a major business segment is putting our quarterly financial target at serious risk. Please treat this as a critical situation and respond without delay.,FINANCIAL,INDUSTRIAL_GOODS,FINANCIAL_PERFORMANCE_AND_SEGMENT_ANALYSIS,CORPORATE_FINANCIAL_PERFORMANCE,CRITICAL,FEAR
synthetic_tts/urgency_critical_FIN_0311.wav,We have detected a potentially fraudulent transfer involving a large corporate account. The condition is deteriorating rapidly and there is no time for a routine response.,FINANCIAL,TECHNOLOGY,FINANCIAL_OPERATIONS_RISK_AND_COMPLIANCE,GENERAL_BUSINESS_ADMINISTRATION,CRITICAL,SURPRISE
synthetic_tts/urgency_critical_FIN_0312.wav,A serious governance issue has emerged involving a major healthcare contract. I need immediate escalation because waiting could cause serious harm.,FINANCIAL,HEALTHCARE,FINANCIAL_OPERATIONS_RISK_AND_COMPLIANCE,BUSINESS_GOVERNANCE_AND_RELATIONS,CRITICAL,NEUTRAL
synthetic_tts/urgency_critical_FIN_0313.wav,A sudden working-capital shortfall could prevent us from paying critical suppliers on time. This is an emergency and I need the fastest possible response.,FINANCIAL,INDUSTRIAL_GOODS,FINANCIAL_REPORTING_AND_OUTLOOK,FINANCIAL_METRICS_DETAIL,CRITICAL,FEAR
synthetic_tts/urgency_critical_FIN_0314.wav,A critical technology project has failed and could cause a large unexpected financial loss. Please escalate this now; the situation may become dangerous within minutes.,FINANCIAL,TECHNOLOGY,BUSINESS_STRATEGY_AND_PROJECT_PLANNING,FINANCIAL_STRATEGY_AND_PLANNING,CRITICAL,FEAR
synthetic_tts/urgency_critical_FIN_0315.wav,A major healthcare segment has reported an unexpected financial loss that threatens the current forecast. The risk is immediate and I need emergency-level attention right away.,FINANCIAL,HEALTHCARE,FINANCIAL_PERFORMANCE_AND_SEGMENT_ANALYSIS,FINANCIAL_METRICS_DETAIL,CRITICAL,SURPRISE
synthetic_tts/urgency_critical_FIN_0316.wav,Our payment platform has stopped processing transactions and customers are unable to access their funds. Do not treat this as a routine issue; I need immediate intervention.,FINANCIAL,TECHNOLOGY,FINANCIAL_OPERATIONS_RISK_AND_COMPLIANCE,FINANCIAL_STRATEGY_AND_PLANNING,CRITICAL,NEUTRAL
synthetic_tts/urgency_critical_FIN_0317.wav,A major security incident has disrupted our financial systems and sensitive account data may be exposed. This is happening right now and I need emergency assistance immediately.,FINANCIAL,TECHNOLOGY,FINANCIAL_OPERATIONS_RISK_AND_COMPLIANCE,TECHNOLOGY_AND_DIGITAL_INFRASTRUCTURE,CRITICAL,FEAR
synthetic_tts/urgency_critical_FIN_0318.wav,A critical compliance failure could prevent our healthcare business from operating normally. Please treat this as a critical situation and respond without delay.,FINANCIAL,HEALTHCARE,FINANCIAL_OPERATIONS_RISK_AND_COMPLIANCE,REGULATORY_AND_ENVIRONMENTAL_CONTEXT,CRITICAL,FEAR
synthetic_tts/urgency_critical_FIN_0319.wav,A major supplier failure has stopped production and is threatening our ability to meet current orders. The condition is deteriorating rapidly and there is no time for a routine response.,FINANCIAL,INDUSTRIAL_GOODS,FINANCIAL_OPERATIONS_RISK_AND_COMPLIANCE,BUSINESS_OPERATIONS_AND_LOGISTICS,CRITICAL,SURPRISE
synthetic_tts/urgency_critical_FIN_0320.wav,Our cash position has deteriorated sharply and we may not have enough liquidity to meet near-term obligations. I need immediate escalation because waiting could cause serious harm.,FINANCIAL,TECHNOLOGY,FINANCIAL_REPORTING_AND_OUTLOOK,CORPORATE_FINANCIAL_PERFORMANCE,CRITICAL,NEUTRAL
synthetic_tts/urgency_critical_FIN_0321.wav,A sudden revenue collapse has created a serious liquidity problem for the healthcare business. This is an emergency and I need the fastest possible response.,FINANCIAL,HEALTHCARE,FINANCIAL_REPORTING_AND_OUTLOOK,FINANCIAL_METRICS_DETAIL,CRITICAL,FEAR
synthetic_tts/urgency_critical_FIN_0322.wav,A critical factory shutdown is causing a major production shortfall and threatening this quarter's commitments. Please escalate this now; the situation may become dangerous within minutes.,FINANCIAL,INDUSTRIAL_GOODS,BUSINESS_STRATEGY_AND_PROJECT_PLANNING,BUSINESS_OPERATIONS_AND_LOGISTICS,CRITICAL,FEAR
synthetic_tts/urgency_critical_FIN_0323.wav,A major competitor has unexpectedly taken a large share of our market and our customer losses are accelerating. The risk is immediate and I need emergency-level attention right away.,FINANCIAL,TECHNOLOGY,MARKET_AND_COMPETITIVE_OUTLOOK,MARKET_AND_INDUSTRY_ANALYSIS,CRITICAL,SURPRISE
synthetic_tts/urgency_critical_FIN_0324.wav,A regulatory decision could immediately suspend a major healthcare revenue stream. Do not treat this as a routine issue; I need immediate intervention.,FINANCIAL,HEALTHCARE,FINANCIAL_OPERATIONS_RISK_AND_COMPLIANCE,FINANCIAL_STRATEGY_AND_PLANNING,CRITICAL,NEUTRAL
synthetic_tts/urgency_critical_FIN_0325.wav,An unexpected loss in a major business segment is putting our quarterly financial target at serious risk. This is happening right now and I need emergency assistance immediately.,FINANCIAL,INDUSTRIAL_GOODS,FINANCIAL_PERFORMANCE_AND_SEGMENT_ANALYSIS,CORPORATE_FINANCIAL_PERFORMANCE,CRITICAL,FEAR
synthetic_tts/urgency_critical_FIN_0326.wav,We have detected a potentially fraudulent transfer involving a large corporate account. Please treat this as a critical situation and respond without delay.,FINANCIAL,TECHNOLOGY,FINANCIAL_OPERATIONS_RISK_AND_COMPLIANCE,GENERAL_BUSINESS_ADMINISTRATION,CRITICAL,FEAR
synthetic_tts/urgency_critical_FIN_0327.wav,A serious governance issue has emerged involving a major healthcare contract. The condition is deteriorating rapidly and there is no time for a routine response.,FINANCIAL,HEALTHCARE,FINANCIAL_OPERATIONS_RISK_AND_COMPLIANCE,BUSINESS_GOVERNANCE_AND_RELATIONS,CRITICAL,SURPRISE
synthetic_tts/urgency_critical_FIN_0328.wav,A sudden working-capital shortfall could prevent us from paying critical suppliers on time. I need immediate escalation because waiting could cause serious harm.,FINANCIAL,INDUSTRIAL_GOODS,FINANCIAL_REPORTING_AND_OUTLOOK,FINANCIAL_METRICS_DETAIL,CRITICAL,NEUTRAL
synthetic_tts/urgency_critical_FIN_0329.wav,A critical technology project has failed and could cause a large unexpected financial loss. This is an emergency and I need the fastest possible response.,FINANCIAL,TECHNOLOGY,BUSINESS_STRATEGY_AND_PROJECT_PLANNING,FINANCIAL_STRATEGY_AND_PLANNING,CRITICAL,FEAR
synthetic_tts/urgency_critical_FIN_0330.wav,A major healthcare segment has reported an unexpected financial loss that threatens the current forecast. Please escalate this now; the situation may become dangerous within minutes.,FINANCIAL,HEALTHCARE,FINANCIAL_PERFORMANCE_AND_SEGMENT_ANALYSIS,FINANCIAL_METRICS_DETAIL,CRITICAL,FEAR
synthetic_tts/urgency_critical_FIN_0331.wav,Our payment platform has stopped processing transactions and customers are unable to access their funds. The risk is immediate and I need emergency-level attention right away.,FINANCIAL,TECHNOLOGY,FINANCIAL_OPERATIONS_RISK_AND_COMPLIANCE,FINANCIAL_STRATEGY_AND_PLANNING,CRITICAL,SURPRISE
synthetic_tts/urgency_critical_FIN_0332.wav,A major security incident has disrupted our financial systems and sensitive account data may be exposed. Do not treat this as a routine issue; I need immediate intervention.,FINANCIAL,TECHNOLOGY,FINANCIAL_OPERATIONS_RISK_AND_COMPLIANCE,TECHNOLOGY_AND_DIGITAL_INFRASTRUCTURE,CRITICAL,NEUTRAL
synthetic_tts/urgency_critical_FIN_0333.wav,A critical compliance failure could prevent our healthcare business from operating normally. This is happening right now and I need emergency assistance immediately.,FINANCIAL,HEALTHCARE,FINANCIAL_OPERATIONS_RISK_AND_COMPLIANCE,REGULATORY_AND_ENVIRONMENTAL_CONTEXT,CRITICAL,FEAR
synthetic_tts/urgency_critical_FIN_0334.wav,A major supplier failure has stopped production and is threatening our ability to meet current orders. Please treat this as a critical situation and respond without delay.,FINANCIAL,INDUSTRIAL_GOODS,FINANCIAL_OPERATIONS_RISK_AND_COMPLIANCE,BUSINESS_OPERATIONS_AND_LOGISTICS,CRITICAL,FEAR
synthetic_tts/urgency_critical_FIN_0335.wav,Our cash position has deteriorated sharply and we may not have enough liquidity to meet near-term obligations. The condition is deteriorating rapidly and there is no time for a routine response.,FINANCIAL,TECHNOLOGY,FINANCIAL_REPORTING_AND_OUTLOOK,CORPORATE_FINANCIAL_PERFORMANCE,CRITICAL,SURPRISE
synthetic_tts/urgency_critical_FIN_0336.wav,A sudden revenue collapse has created a serious liquidity problem for the healthcare business. I need immediate escalation because waiting could cause serious harm.,FINANCIAL,HEALTHCARE,FINANCIAL_REPORTING_AND_OUTLOOK,FINANCIAL_METRICS_DETAIL,CRITICAL,NEUTRAL
synthetic_tts/urgency_critical_FIN_0337.wav,A critical factory shutdown is causing a major production shortfall and threatening this quarter's commitments. This is an emergency and I need the fastest possible response.,FINANCIAL,INDUSTRIAL_GOODS,BUSINESS_STRATEGY_AND_PROJECT_PLANNING,BUSINESS_OPERATIONS_AND_LOGISTICS,CRITICAL,FEAR
synthetic_tts/urgency_critical_FIN_0338.wav,A major competitor has unexpectedly taken a large share of our market and our customer losses are accelerating. Please escalate this now; the situation may become dangerous within minutes.,FINANCIAL,TECHNOLOGY,MARKET_AND_COMPETITIVE_OUTLOOK,MARKET_AND_INDUSTRY_ANALYSIS,CRITICAL,FEAR
synthetic_tts/urgency_critical_FIN_0339.wav,A regulatory decision could immediately suspend a major healthcare revenue stream. The risk is immediate and I need emergency-level attention right away.,FINANCIAL,HEALTHCARE,FINANCIAL_OPERATIONS_RISK_AND_COMPLIANCE,FINANCIAL_STRATEGY_AND_PLANNING,CRITICAL,SURPRISE
synthetic_tts/urgency_critical_FIN_0340.wav,An unexpected loss in a major business segment is putting our quarterly financial target at serious risk. Do not treat this as a routine issue; I need immediate intervention.,FINANCIAL,INDUSTRIAL_GOODS,FINANCIAL_PERFORMANCE_AND_SEGMENT_ANALYSIS,CORPORATE_FINANCIAL_PERFORMANCE,CRITICAL,NEUTRAL
synthetic_tts/urgency_critical_FIN_0341.wav,We have detected a potentially fraudulent transfer involving a large corporate account. This is happening right now and I need emergency assistance immediately.,FINANCIAL,TECHNOLOGY,FINANCIAL_OPERATIONS_RISK_AND_COMPLIANCE,GENERAL_BUSINESS_ADMINISTRATION,CRITICAL,FEAR
synthetic_tts/urgency_critical_FIN_0342.wav,A serious governance issue has emerged involving a major healthcare contract. Please treat this as a critical situation and respond without delay.,FINANCIAL,HEALTHCARE,FINANCIAL_OPERATIONS_RISK_AND_COMPLIANCE,BUSINESS_GOVERNANCE_AND_RELATIONS,CRITICAL,FEAR
synthetic_tts/urgency_critical_FIN_0343.wav,A sudden working-capital shortfall could prevent us from paying critical suppliers on time. The condition is deteriorating rapidly and there is no time for a routine response.,FINANCIAL,INDUSTRIAL_GOODS,FINANCIAL_REPORTING_AND_OUTLOOK,FINANCIAL_METRICS_DETAIL,CRITICAL,SURPRISE
synthetic_tts/urgency_critical_FIN_0344.wav,A critical technology project has failed and could cause a large unexpected financial loss. I need immediate escalation because waiting could cause serious harm.,FINANCIAL,TECHNOLOGY,BUSINESS_STRATEGY_AND_PROJECT_PLANNING,FINANCIAL_STRATEGY_AND_PLANNING,CRITICAL,NEUTRAL
synthetic_tts/urgency_critical_FIN_0345.wav,A major healthcare segment has reported an unexpected financial loss that threatens the current forecast. This is an emergency and I need the fastest possible response.,FINANCIAL,HEALTHCARE,FINANCIAL_PERFORMANCE_AND_SEGMENT_ANALYSIS,FINANCIAL_METRICS_DETAIL,CRITICAL,FEAR
synthetic_tts/urgency_critical_FIN_0346.wav,Our payment platform has stopped processing transactions and customers are unable to access their funds. Please escalate this now; the situation may become dangerous within minutes.,FINANCIAL,TECHNOLOGY,FINANCIAL_OPERATIONS_RISK_AND_COMPLIANCE,FINANCIAL_STRATEGY_AND_PLANNING,CRITICAL,FEAR
synthetic_tts/urgency_critical_FIN_0347.wav,A major security incident has disrupted our financial systems and sensitive account data may be exposed. The risk is immediate and I need emergency-level attention right away.,FINANCIAL,TECHNOLOGY,FINANCIAL_OPERATIONS_RISK_AND_COMPLIANCE,TECHNOLOGY_AND_DIGITAL_INFRASTRUCTURE,CRITICAL,SURPRISE
synthetic_tts/urgency_critical_FIN_0348.wav,A critical compliance failure could prevent our healthcare business from operating normally. Do not treat this as a routine issue; I need immediate intervention.,FINANCIAL,HEALTHCARE,FINANCIAL_OPERATIONS_RISK_AND_COMPLIANCE,REGULATORY_AND_ENVIRONMENTAL_CONTEXT,CRITICAL,NEUTRAL
synthetic_tts/urgency_critical_FIN_0349.wav,A major supplier failure has stopped production and is threatening our ability to meet current orders. This is happening right now and I need emergency assistance immediately.,FINANCIAL,INDUSTRIAL_GOODS,FINANCIAL_OPERATIONS_RISK_AND_COMPLIANCE,BUSINESS_OPERATIONS_AND_LOGISTICS,CRITICAL,FEAR
synthetic_tts/urgency_critical_FIN_0350.wav,Our cash position has deteriorated sharply and we may not have enough liquidity to meet near-term obligations. Please treat this as a critical situation and respond without delay.,FINANCIAL,TECHNOLOGY,FINANCIAL_REPORTING_AND_OUTLOOK,CORPORATE_FINANCIAL_PERFORMANCE,CRITICAL,FEAR
synthetic_tts/urgency_critical_FIN_0351.wav,A sudden revenue collapse has created a serious liquidity problem for the healthcare business. The condition is deteriorating rapidly and there is no time for a routine response.,FINANCIAL,HEALTHCARE,FINANCIAL_REPORTING_AND_OUTLOOK,FINANCIAL_METRICS_DETAIL,CRITICAL,SURPRISE
synthetic_tts/urgency_critical_FIN_0352.wav,A critical factory shutdown is causing a major production shortfall and threatening this quarter's commitments. I need immediate escalation because waiting could cause serious harm.,FINANCIAL,INDUSTRIAL_GOODS,BUSINESS_STRATEGY_AND_PROJECT_PLANNING,BUSINESS_OPERATIONS_AND_LOGISTICS,CRITICAL,NEUTRAL
synthetic_tts/urgency_critical_FIN_0353.wav,A major competitor has unexpectedly taken a large share of our market and our customer losses are accelerating. This is an emergency and I need the fastest possible response.,FINANCIAL,TECHNOLOGY,MARKET_AND_COMPETITIVE_OUTLOOK,MARKET_AND_INDUSTRY_ANALYSIS,CRITICAL,FEAR
synthetic_tts/urgency_critical_FIN_0354.wav,A regulatory decision could immediately suspend a major healthcare revenue stream. Please escalate this now; the situation may become dangerous within minutes.,FINANCIAL,HEALTHCARE,FINANCIAL_OPERATIONS_RISK_AND_COMPLIANCE,FINANCIAL_STRATEGY_AND_PLANNING,CRITICAL,FEAR
synthetic_tts/urgency_critical_FIN_0355.wav,An unexpected loss in a major business segment is putting our quarterly financial target at serious risk. The risk is immediate and I need emergency-level attention right away.,FINANCIAL,INDUSTRIAL_GOODS,FINANCIAL_PERFORMANCE_AND_SEGMENT_ANALYSIS,CORPORATE_FINANCIAL_PERFORMANCE,CRITICAL,SURPRISE
synthetic_tts/urgency_critical_FIN_0356.wav,We have detected a potentially fraudulent transfer involving a large corporate account. Do not treat this as a routine issue; I need immediate intervention.,FINANCIAL,TECHNOLOGY,FINANCIAL_OPERATIONS_RISK_AND_COMPLIANCE,GENERAL_BUSINESS_ADMINISTRATION,CRITICAL,NEUTRAL
synthetic_tts/urgency_critical_FIN_0357.wav,A serious governance issue has emerged involving a major healthcare contract. This is happening right now and I need emergency assistance immediately.,FINANCIAL,HEALTHCARE,FINANCIAL_OPERATIONS_RISK_AND_COMPLIANCE,BUSINESS_GOVERNANCE_AND_RELATIONS,CRITICAL,FEAR
synthetic_tts/urgency_critical_FIN_0358.wav,A sudden working-capital shortfall could prevent us from paying critical suppliers on time. Please treat this as a critical situation and respond without delay.,FINANCIAL,INDUSTRIAL_GOODS,FINANCIAL_REPORTING_AND_OUTLOOK,FINANCIAL_METRICS_DETAIL,CRITICAL,FEAR
synthetic_tts/urgency_critical_FIN_0359.wav,A critical technology project has failed and could cause a large unexpected financial loss. The condition is deteriorating rapidly and there is no time for a routine response.,FINANCIAL,TECHNOLOGY,BUSINESS_STRATEGY_AND_PROJECT_PLANNING,FINANCIAL_STRATEGY_AND_PLANNING,CRITICAL,SURPRISE
synthetic_tts/urgency_critical_FIN_0360.wav,A major healthcare segment has reported an unexpected financial loss that threatens the current forecast. I need immediate escalation because waiting could cause serious harm.,FINANCIAL,HEALTHCARE,FINANCIAL_PERFORMANCE_AND_SEGMENT_ANALYSIS,FINANCIAL_METRICS_DETAIL,CRITICAL,NEUTRAL
