audio_path,transcript,domain,subdomain,intent,entity_type,urgency,emotion
synthetic_tts/urgency_high_add_4213.wav,I have sudden crushing pressure in my chest with sweating and severe weakness. Please treat this as a high priority and advise as soon as possible.,MEDICAL,MEDICAL_SPECIALTY,MEDICAL_SYMPTOM_AND_CONDITION,MEDICAL_SYMPTOM,HIGH,FEAR
synthetic_tts/urgency_high_add_4214.wav,I am struggling to breathe and my shortness of breath is getting worse quickly. I need prompt assistance because the situation is becoming serious.,MEDICAL,MEDICAL_SPECIALTY,MEDICAL_SYMPTOM_AND_CONDITION,MEDICAL_SYMPTOM,HIGH,NEUTRAL
synthetic_tts/urgency_high_add_4215.wav,One side of my face and arm suddenly feels weak and my speech is slurred. This needs urgent review rather than a routine response.,MEDICAL,MEDICAL_SPECIALTY,MEDICAL_SYMPTOM_AND_CONDITION,MEDICAL_SYMPTOM,HIGH,FEAR
synthetic_tts/urgency_high_add_4216.wav,Our cash position has fallen sharply and we may not meet near-term obligations. Please escalate this quickly because the risk is increasing.,FINANCIAL,HEALTHCARE,FINANCIAL_REPORTING_AND_OUTLOOK,FINANCIAL_METRICS_DETAIL,HIGH,ANGER
synthetic_tts/urgency_high_add_4217.wav,A regulatory decision could immediately suspend a major healthcare revenue stream. I need an urgent assessment and guidance on the next step.,FINANCIAL,HEALTHCARE,FINANCIAL_OPERATIONS_RISK_AND_COMPLIANCE,FINANCIAL_STRATEGY_AND_PLANNING,HIGH,FEAR
synthetic_tts/urgency_high_add_4218.wav,I am coughing up blood and feel extremely dizzy and weak. This cannot wait for a normal review; please respond promptly.,MEDICAL,MEDICAL_SPECIALTY,MEDICAL_SYMPTOM_AND_CONDITION,MEDICAL_SYMPTOM,HIGH,NEUTRAL
synthetic_tts/urgency_high_add_4219.wav,My father has collapsed and is barely responding after severe chest pain. The situation is worsening and needs immediate attention.,MEDICAL,MEDICAL_SPECIALTY,MEDICAL_SYMPTOM_AND_CONDITION,MEDICAL_CONDITION_OR_CLINICAL_STATE,HIGH,FEAR
synthetic_tts/urgency_high_add_4220.wav,My heart is beating irregularly and I feel like I may faint. Please flag this as urgent and help me decide what to do next.,MEDICAL,MEDICAL_SPECIALTY,MEDICAL_SYMPTOM_AND_CONDITION,MEDICAL_SYMPTOM,HIGH,ANGER
synthetic_tts/urgency_high_add_4221.wav,A major healthcare segment has reported an unexpected financial loss. Please treat this as a high priority and advise as soon as possible.,FINANCIAL,HEALTHCARE,FINANCIAL_PERFORMANCE_AND_SEGMENT_ANALYSIS,FINANCIAL_METRICS_DETAIL,HIGH,FEAR
synthetic_tts/urgency_high_add_4222.wav,An unexpected loss in a major business segment threatens our quarterly target. I need prompt assistance because the situation is becoming serious.,FINANCIAL,INDUSTRIAL_GOODS,FINANCIAL_PERFORMANCE_AND_SEGMENT_ANALYSIS,CORPORATE_FINANCIAL_PERFORMANCE,HIGH,NEUTRAL
synthetic_tts/urgency_high_add_4223.wav,My child is having a seizure that has continued for several minutes. This needs urgent review rather than a routine response.,MEDICAL,MEDICAL_SPECIALTY,MEDICAL_ADVICE_AND_TREATMENT,TREATMENT_OR_HEALTHCARE,HIGH,FEAR
synthetic_tts/urgency_high_add_4224.wav,I have severe swelling of my lips and difficulty breathing after taking a medicine. Please escalate this quickly because the risk is increasing.,MEDICAL,MEDICAL_SPECIALTY,MEDICAL_SYMPTOM_AND_CONDITION,MEDICATION_OR_DRUG,HIGH,ANGER
synthetic_tts/urgency_high_add_4225.wav,My oxygen saturation has suddenly dropped and I am struggling to breathe. I need an urgent assessment and guidance on the next step.,MEDICAL,MEDICAL_SPECIALTY,MEDICATION_DIAGNOSTICS_AND_CLINICAL_RESEARCH,DIAGNOSTIC_TEST_OR_RESULT,HIGH,FEAR
synthetic_tts/urgency_high_add_4226.wav,We detected a potentially fraudulent transfer involving a major corporate account. This cannot wait for a normal review; please respond promptly.,FINANCIAL,TECHNOLOGY,FINANCIAL_OPERATIONS_RISK_AND_COMPLIANCE,GENERAL_BUSINESS_ADMINISTRATION,HIGH,NEUTRAL
synthetic_tts/urgency_high_add_4227.wav,A security incident has disrupted our financial systems and sensitive data may be exposed. The situation is worsening and needs immediate attention.,FINANCIAL,TECHNOLOGY,FINANCIAL_OPERATIONS_RISK_AND_COMPLIANCE,TECHNOLOGY_AND_DIGITAL_INFRASTRUCTURE,HIGH,FEAR
synthetic_tts/urgency_high_add_4228.wav,My elderly mother has suddenly become confused and cannot recognize anyone. Please flag this as urgent and help me decide what to do next.,MEDICAL,MEDICAL_SPECIALTY,MEDICAL_SYMPTOM_AND_CONDITION,MEDICAL_CONDITION_OR_CLINICAL_STATE,HIGH,ANGER
synthetic_tts/urgency_high_add_4229.wav,I have severe chest pain together with shortness of breath and nausea. Please treat this as a high priority and advise as soon as possible.,MEDICAL,MEDICAL_SPECIALTY,MEDICAL_SYMPTOM_AND_CONDITION,MEDICAL_SYMPTOM,HIGH,FEAR
synthetic_tts/urgency_high_add_4230.wav,I inhaled chemical fumes and now have chest tightness and worsening breathing. I need prompt assistance because the situation is becoming serious.,MEDICAL,MEDICAL_SPECIALTY,MEDICAL_ADVICE_AND_TREATMENT,TREATMENT_OR_HEALTHCARE,HIGH,NEUTRAL
synthetic_tts/urgency_high_add_4231.wav,A sudden working-capital shortfall could prevent us from paying critical suppliers. This needs urgent review rather than a routine response.,FINANCIAL,INDUSTRIAL_GOODS,FINANCIAL_REPORTING_AND_OUTLOOK,FINANCIAL_METRICS_DETAIL,HIGH,FEAR
synthetic_tts/urgency_high_add_4232.wav,A major competitor has taken substantial market share and customer losses are accelerating. Please escalate this quickly because the risk is increasing.,FINANCIAL,TECHNOLOGY,MARKET_AND_COMPETITIVE_OUTLOOK,MARKET_AND_INDUSTRY_ANALYSIS,HIGH,ANGER
synthetic_tts/urgency_high_add_4233.wav,I have sudden crushing pressure in my chest with sweating and severe weakness. I need an urgent assessment and guidance on the next step.,MEDICAL,MEDICAL_SPECIALTY,MEDICAL_SYMPTOM_AND_CONDITION,MEDICAL_SYMPTOM,HIGH,FEAR
synthetic_tts/urgency_high_add_4234.wav,I am struggling to breathe and my shortness of breath is getting worse quickly. This cannot wait for a normal review; please respond promptly.,MEDICAL,MEDICAL_SPECIALTY,MEDICAL_SYMPTOM_AND_CONDITION,MEDICAL_SYMPTOM,HIGH,NEUTRAL
synthetic_tts/urgency_high_add_4235.wav,One side of my face and arm suddenly feels weak and my speech is slurred. The situation is worsening and needs immediate attention.,MEDICAL,MEDICAL_SPECIALTY,MEDICAL_SYMPTOM_AND_CONDITION,MEDICAL_SYMPTOM,HIGH,FEAR
synthetic_tts/urgency_high_add_4236.wav,A serious governance issue has emerged involving a major healthcare contract. Please flag this as urgent and help me decide what to do next.,FINANCIAL,HEALTHCARE,FINANCIAL_OPERATIONS_RISK_AND_COMPLIANCE,BUSINESS_GOVERNANCE_AND_RELATIONS,HIGH,ANGER
synthetic_tts/urgency_high_add_4237.wav,Our payment system has stopped processing transactions and customers cannot access their funds. Please treat this as a high priority and advise as soon as possible.,FINANCIAL,TECHNOLOGY,FINANCIAL_OPERATIONS_RISK_AND_COMPLIANCE,FINANCIAL_STRATEGY_AND_PLANNING,HIGH,FEAR
synthetic_tts/urgency_high_add_4238.wav,I am coughing up blood and feel extremely dizzy and weak. I need prompt assistance because the situation is becoming serious.,MEDICAL,MEDICAL_SPECIALTY,MEDICAL_SYMPTOM_AND_CONDITION,MEDICAL_SYMPTOM,HIGH,NEUTRAL
synthetic_tts/urgency_high_add_4239.wav,My father has collapsed and is barely responding after severe chest pain. This needs urgent review rather than a routine response.,MEDICAL,MEDICAL_SPECIALTY,MEDICAL_SYMPTOM_AND_CONDITION,MEDICAL_CONDITION_OR_CLINICAL_STATE,HIGH,FEAR
synthetic_tts/urgency_high_add_4240.wav,My heart is beating irregularly and I feel like I may faint. Please escalate this quickly because the risk is increasing.,MEDICAL,MEDICAL_SPECIALTY,MEDICAL_SYMPTOM_AND_CONDITION,MEDICAL_SYMPTOM,HIGH,ANGER
synthetic_tts/urgency_high_add_4241.wav,A regulatory decision could immediately suspend a major healthcare revenue stream. I need an urgent assessment and guidance on the next step.,FINANCIAL,HEALTHCARE,FINANCIAL_OPERATIONS_RISK_AND_COMPLIANCE,FINANCIAL_STRATEGY_AND_PLANNING,HIGH,FEAR
synthetic_tts/urgency_high_add_4242.wav,A factory shutdown is causing a major production shortfall and threatening current orders. This cannot wait for a normal review; please respond promptly.,FINANCIAL,INDUSTRIAL_GOODS,BUSINESS_STRATEGY_AND_PROJECT_PLANNING,BUSINESS_OPERATIONS_AND_LOGISTICS,HIGH,NEUTRAL
synthetic_tts/urgency_high_add_4243.wav,My child is having a seizure that has continued for several minutes. The situation is worsening and needs immediate attention.,MEDICAL,MEDICAL_SPECIALTY,MEDICAL_ADVICE_AND_TREATMENT,TREATMENT_OR_HEALTHCARE,HIGH,FEAR
synthetic_tts/urgency_high_add_4244.wav,I have severe swelling of my lips and difficulty breathing after taking a medicine. Please flag this as urgent and help me decide what to do next.,MEDICAL,MEDICAL_SPECIALTY,MEDICAL_SYMPTOM_AND_CONDITION,MEDICATION_OR_DRUG,HIGH,ANGER
synthetic_tts/urgency_high_add_4245.wav,My oxygen saturation has suddenly dropped and I am struggling to breathe. Please treat this as a high priority and advise as soon as possible.,MEDICAL,MEDICAL_SPECIALTY,MEDICATION_DIAGNOSTICS_AND_CLINICAL_RESEARCH,DIAGNOSTIC_TEST_OR_RESULT,HIGH,FEAR
synthetic_tts/urgency_high_add_4246.wav,An unexpected loss in a major business segment threatens our quarterly target. I need prompt assistance because the situation is becoming serious.,FINANCIAL,INDUSTRIAL_GOODS,FINANCIAL_PERFORMANCE_AND_SEGMENT_ANALYSIS,CORPORATE_FINANCIAL_PERFORMANCE,HIGH,NEUTRAL
synthetic_tts/urgency_high_add_4247.wav,A critical technology project has failed and may cause a large unexpected financial loss. This needs urgent review rather than a routine response.,FINANCIAL,TECHNOLOGY,BUSINESS_STRATEGY_AND_PROJECT_PLANNING,FINANCIAL_STRATEGY_AND_PLANNING,HIGH,FEAR
synthetic_tts/urgency_high_add_4248.wav,My elderly mother has suddenly become confused and cannot recognize anyone. Please escalate this quickly because the risk is increasing.,MEDICAL,MEDICAL_SPECIALTY,MEDICAL_SYMPTOM_AND_CONDITION,MEDICAL_CONDITION_OR_CLINICAL_STATE,HIGH,ANGER
synthetic_tts/urgency_high_add_4249.wav,I have severe chest pain together with shortness of breath and nausea. I need an urgent assessment and guidance on the next step.,MEDICAL,MEDICAL_SPECIALTY,MEDICAL_SYMPTOM_AND_CONDITION,MEDICAL_SYMPTOM,HIGH,FEAR
synthetic_tts/urgency_high_add_4250.wav,I inhaled chemical fumes and now have chest tightness and worsening breathing. This cannot wait for a normal review; please respond promptly.,MEDICAL,MEDICAL_SPECIALTY,MEDICAL_ADVICE_AND_TREATMENT,TREATMENT_OR_HEALTHCARE,HIGH,NEUTRAL
synthetic_tts/urgency_high_add_4251.wav,A security incident has disrupted our financial systems and sensitive data may be exposed. The situation is worsening and needs immediate attention.,FINANCIAL,TECHNOLOGY,FINANCIAL_OPERATIONS_RISK_AND_COMPLIANCE,TECHNOLOGY_AND_DIGITAL_INFRASTRUCTURE,HIGH,FEAR
synthetic_tts/urgency_high_add_4252.wav,Our cash position has fallen sharply and we may not meet near-term obligations. Please flag this as urgent and help me decide what to do next.,FINANCIAL,HEALTHCARE,FINANCIAL_REPORTING_AND_OUTLOOK,FINANCIAL_METRICS_DETAIL,HIGH,ANGER
synthetic_tts/urgency_high_add_4253.wav,I have sudden crushing pressure in my chest with sweating and severe weakness. Please treat this as a high priority and advise as soon as possible.,MEDICAL,MEDICAL_SPECIALTY,MEDICAL_SYMPTOM_AND_CONDITION,MEDICAL_SYMPTOM,HIGH,FEAR
synthetic_tts/urgency_high_add_4254.wav,I am struggling to breathe and my shortness of breath is getting worse quickly. I need prompt assistance because the situation is becoming serious.,MEDICAL,MEDICAL_SPECIALTY,MEDICAL_SYMPTOM_AND_CONDITION,MEDICAL_SYMPTOM,HIGH,NEUTRAL
synthetic_tts/urgency_high_add_4255.wav,One side of my face and arm suddenly feels weak and my speech is slurred. This needs urgent review rather than a routine response.,MEDICAL,MEDICAL_SPECIALTY,MEDICAL_SYMPTOM_AND_CONDITION,MEDICAL_SYMPTOM,HIGH,FEAR
synthetic_tts/urgency_high_add_4256.wav,A major competitor has taken substantial market share and customer losses are accelerating. Please escalate this quickly because the risk is increasing.,FINANCIAL,TECHNOLOGY,MARKET_AND_COMPETITIVE_OUTLOOK,MARKET_AND_INDUSTRY_ANALYSIS,HIGH,ANGER
synthetic_tts/urgency_high_add_4257.wav,A major healthcare segment has reported an unexpected financial loss. I need an urgent assessment and guidance on the next step.,FINANCIAL,HEALTHCARE,FINANCIAL_PERFORMANCE_AND_SEGMENT_ANALYSIS,FINANCIAL_METRICS_DETAIL,HIGH,FEAR
synthetic_tts/urgency_high_add_4258.wav,I am coughing up blood and feel extremely dizzy and weak. This cannot wait for a normal review; please respond promptly.,MEDICAL,MEDICAL_SPECIALTY,MEDICAL_SYMPTOM_AND_CONDITION,MEDICAL_SYMPTOM,HIGH,NEUTRAL
synthetic_tts/urgency_high_add_4259.wav,My father has collapsed and is barely responding after severe chest pain. The situation is worsening and needs immediate attention.,MEDICAL,MEDICAL_SPECIALTY,MEDICAL_SYMPTOM_AND_CONDITION,MEDICAL_CONDITION_OR_CLINICAL_STATE,HIGH,FEAR
synthetic_tts/urgency_high_add_4260.wav,My heart is beating irregularly and I feel like I may faint. Please flag this as urgent and help me decide what to do next.,MEDICAL,MEDICAL_SPECIALTY,MEDICAL_SYMPTOM_AND_CONDITION,MEDICAL_SYMPTOM,HIGH,ANGER
synthetic_tts/urgency_high_add_4261.wav,Our payment system has stopped processing transactions and customers cannot access their funds. Please treat this as a high priority and advise as soon as possible.,FINANCIAL,TECHNOLOGY,FINANCIAL_OPERATIONS_RISK_AND_COMPLIANCE,FINANCIAL_STRATEGY_AND_PLANNING,HIGH,FEAR
synthetic_tts/urgency_high_add_4262.wav,We detected a potentially fraudulent transfer involving a major corporate account. I need prompt assistance because the situation is becoming serious.,FINANCIAL,TECHNOLOGY,FINANCIAL_OPERATIONS_RISK_AND_COMPLIANCE,GENERAL_BUSINESS_ADMINISTRATION,HIGH,NEUTRAL
synthetic_tts/urgency_high_add_4263.wav,My child is having a seizure that has continued for several minutes. This needs urgent review rather than a routine response.,MEDICAL,MEDICAL_SPECIALTY,MEDICAL_ADVICE_AND_TREATMENT,TREATMENT_OR_HEALTHCARE,HIGH,FEAR
synthetic_tts/urgency_high_add_4264.wav,I have severe swelling of my lips and difficulty breathing after taking a medicine. Please escalate this quickly because the risk is increasing.,MEDICAL,MEDICAL_SPECIALTY,MEDICAL_SYMPTOM_AND_CONDITION,MEDICATION_OR_DRUG,HIGH,ANGER
synthetic_tts/urgency_high_add_4265.wav,My oxygen saturation has suddenly dropped and I am struggling to breathe. I need an urgent assessment and guidance on the next step.,MEDICAL,MEDICAL_SPECIALTY,MEDICATION_DIAGNOSTICS_AND_CLINICAL_RESEARCH,DIAGNOSTIC_TEST_OR_RESULT,HIGH,FEAR
synthetic_tts/urgency_high_add_4266.wav,A factory shutdown is causing a major production shortfall and threatening current orders. This cannot wait for a normal review; please respond promptly.,FINANCIAL,INDUSTRIAL_GOODS,BUSINESS_STRATEGY_AND_PROJECT_PLANNING,BUSINESS_OPERATIONS_AND_LOGISTICS,HIGH,NEUTRAL
synthetic_tts/urgency_high_add_4267.wav,A sudden working-capital shortfall could prevent us from paying critical suppliers. The situation is worsening and needs immediate attention.,FINANCIAL,INDUSTRIAL_GOODS,FINANCIAL_REPORTING_AND_OUTLOOK,FINANCIAL_METRICS_DETAIL,HIGH,FEAR
synthetic_tts/urgency_high_add_4268.wav,My elderly mother has suddenly become confused and cannot recognize anyone. Please flag this as urgent and help me decide what to do next.,MEDICAL,MEDICAL_SPECIALTY,MEDICAL_SYMPTOM_AND_CONDITION,MEDICAL_CONDITION_OR_CLINICAL_STATE,HIGH,ANGER
synthetic_tts/urgency_high_add_4269.wav,I have severe chest pain together with shortness of breath and nausea. Please treat this as a high priority and advise as soon as possible.,MEDICAL,MEDICAL_SPECIALTY,MEDICAL_SYMPTOM_AND_CONDITION,MEDICAL_SYMPTOM,HIGH,FEAR
synthetic_tts/urgency_high_add_4270.wav,I inhaled chemical fumes and now have chest tightness and worsening breathing. I need prompt assistance because the situation is becoming serious.,MEDICAL,MEDICAL_SPECIALTY,MEDICAL_ADVICE_AND_TREATMENT,TREATMENT_OR_HEALTHCARE,HIGH,NEUTRAL
synthetic_tts/urgency_high_add_4271.wav,A critical technology project has failed and may cause a large unexpected financial loss. This needs urgent review rather than a routine response.,FINANCIAL,TECHNOLOGY,BUSINESS_STRATEGY_AND_PROJECT_PLANNING,FINANCIAL_STRATEGY_AND_PLANNING,HIGH,FEAR
synthetic_tts/urgency_high_add_4272.wav,A serious governance issue has emerged involving a major healthcare contract. Please escalate this quickly because the risk is increasing.,FINANCIAL,HEALTHCARE,FINANCIAL_OPERATIONS_RISK_AND_COMPLIANCE,BUSINESS_GOVERNANCE_AND_RELATIONS,HIGH,ANGER
synthetic_tts/urgency_high_add_4273.wav,I have sudden crushing pressure in my chest with sweating and severe weakness. I need an urgent assessment and guidance on the next step.,MEDICAL,MEDICAL_SPECIALTY,MEDICAL_SYMPTOM_AND_CONDITION,MEDICAL_SYMPTOM,HIGH,FEAR
synthetic_tts/urgency_high_add_4274.wav,I am struggling to breathe and my shortness of breath is getting worse quickly. This cannot wait for a normal review; please respond promptly.,MEDICAL,MEDICAL_SPECIALTY,MEDICAL_SYMPTOM_AND_CONDITION,MEDICAL_SYMPTOM,HIGH,NEUTRAL
synthetic_tts/urgency_high_add_4275.wav,One side of my face and arm suddenly feels weak and my speech is slurred. The situation is worsening and needs immediate attention.,MEDICAL,MEDICAL_SPECIALTY,MEDICAL_SYMPTOM_AND_CONDITION,MEDICAL_SYMPTOM,HIGH,FEAR
synthetic_tts/urgency_high_add_4276.wav,Our cash position has fallen sharply and we may not meet near-term obligations. Please flag this as urgent and help me decide what to do next.,FINANCIAL,HEALTHCARE,FINANCIAL_REPORTING_AND_OUTLOOK,FINANCIAL_METRICS_DETAIL,HIGH,ANGER
synthetic_tts/urgency_high_add_4277.wav,A regulatory decision could immediately suspend a major healthcare revenue stream. Please treat this as a high priority and advise as soon as possible.,FINANCIAL,HEALTHCARE,FINANCIAL_OPERATIONS_RISK_AND_COMPLIANCE,FINANCIAL_STRATEGY_AND_PLANNING,HIGH,FEAR
synthetic_tts/urgency_high_add_4278.wav,I am coughing up blood and feel extremely dizzy and weak. I need prompt assistance because the situation is becoming serious.,MEDICAL,MEDICAL_SPECIALTY,MEDICAL_SYMPTOM_AND_CONDITION,MEDICAL_SYMPTOM,HIGH,NEUTRAL
synthetic_tts/urgency_high_add_4279.wav,My father has collapsed and is barely responding after severe chest pain. This needs urgent review rather than a routine response.,MEDICAL,MEDICAL_SPECIALTY,MEDICAL_SYMPTOM_AND_CONDITION,MEDICAL_CONDITION_OR_CLINICAL_STATE,HIGH,FEAR
synthetic_tts/urgency_high_add_4280.wav,My heart is beating irregularly and I feel like I may faint. Please escalate this quickly because the risk is increasing.,MEDICAL,MEDICAL_SPECIALTY,MEDICAL_SYMPTOM_AND_CONDITION,MEDICAL_SYMPTOM,HIGH,ANGER
synthetic_tts/urgency_high_add_4281.wav,A major healthcare segment has reported an unexpected financial loss. I need an urgent assessment and guidance on the next step.,FINANCIAL,HEALTHCARE,FINANCIAL_PERFORMANCE_AND_SEGMENT_ANALYSIS,FINANCIAL_METRICS_DETAIL,HIGH,FEAR
synthetic_tts/urgency_high_add_4282.wav,An unexpected loss in a major business segment threatens our quarterly target. This cannot wait for a normal review; please respond promptly.,FINANCIAL,INDUSTRIAL_GOODS,FINANCIAL_PERFORMANCE_AND_SEGMENT_ANALYSIS,CORPORATE_FINANCIAL_PERFORMANCE,HIGH,NEUTRAL
synthetic_tts/urgency_high_add_4283.wav,My child is having a seizure that has continued for several minutes. The situation is worsening and needs immediate attention.,MEDICAL,MEDICAL_SPECIALTY,MEDICAL_ADVICE_AND_TREATMENT,TREATMENT_OR_HEALTHCARE,HIGH,FEAR
synthetic_tts/urgency_high_add_4284.wav,I have severe swelling of my lips and difficulty breathing after taking a medicine. Please flag this as urgent and help me decide what to do next.,MEDICAL,MEDICAL_SPECIALTY,MEDICAL_SYMPTOM_AND_CONDITION,MEDICATION_OR_DRUG,HIGH,ANGER
synthetic_tts/urgency_high_add_4285.wav,My oxygen saturation has suddenly dropped and I am struggling to breathe. Please treat this as a high priority and advise as soon as possible.,MEDICAL,MEDICAL_SPECIALTY,MEDICATION_DIAGNOSTICS_AND_CLINICAL_RESEARCH,DIAGNOSTIC_TEST_OR_RESULT,HIGH,FEAR
synthetic_tts/urgency_high_add_4286.wav,We detected a potentially fraudulent transfer involving a major corporate account. I need prompt assistance because the situation is becoming serious.,FINANCIAL,TECHNOLOGY,FINANCIAL_OPERATIONS_RISK_AND_COMPLIANCE,GENERAL_BUSINESS_ADMINISTRATION,HIGH,NEUTRAL
synthetic_tts/urgency_high_add_4287.wav,A security incident has disrupted our financial systems and sensitive data may be exposed. This needs urgent review rather than a routine response.,FINANCIAL,TECHNOLOGY,FINANCIAL_OPERATIONS_RISK_AND_COMPLIANCE,TECHNOLOGY_AND_DIGITAL_INFRASTRUCTURE,HIGH,FEAR
synthetic_tts/urgency_high_add_4288.wav,My elderly mother has suddenly become confused and cannot recognize anyone. Please escalate this quickly because the risk is increasing.,MEDICAL,MEDICAL_SPECIALTY,MEDICAL_SYMPTOM_AND_CONDITION,MEDICAL_CONDITION_OR_CLINICAL_STATE,HIGH,ANGER
synthetic_tts/urgency_high_add_4289.wav,I have severe chest pain together with shortness of breath and nausea. I need an urgent assessment and guidance on the next step.,MEDICAL,MEDICAL_SPECIALTY,MEDICAL_SYMPTOM_AND_CONDITION,MEDICAL_SYMPTOM,HIGH,FEAR
synthetic_tts/urgency_high_add_4290.wav,I inhaled chemical fumes and now have chest tightness and worsening breathing. This cannot wait for a normal review; please respond promptly.,MEDICAL,MEDICAL_SPECIALTY,MEDICAL_ADVICE_AND_TREATMENT,TREATMENT_OR_HEALTHCARE,HIGH,NEUTRAL
synthetic_tts/urgency_high_add_4291.wav,A sudden working-capital shortfall could prevent us from paying critical suppliers. The situation is worsening and needs immediate attention.,FINANCIAL,INDUSTRIAL_GOODS,FINANCIAL_REPORTING_AND_OUTLOOK,FINANCIAL_METRICS_DETAIL,HIGH,FEAR
synthetic_tts/urgency_high_add_4292.wav,A major competitor has taken substantial market share and customer losses are accelerating. Please flag this as urgent and help me decide what to do next.,FINANCIAL,TECHNOLOGY,MARKET_AND_COMPETITIVE_OUTLOOK,MARKET_AND_INDUSTRY_ANALYSIS,HIGH,ANGER
synthetic_tts/urgency_high_add_4293.wav,I have sudden crushing pressure in my chest with sweating and severe weakness. Please treat this as a high priority and advise as soon as possible.,MEDICAL,MEDICAL_SPECIALTY,MEDICAL_SYMPTOM_AND_CONDITION,MEDICAL_SYMPTOM,HIGH,FEAR
synthetic_tts/urgency_high_add_4294.wav,I am struggling to breathe and my shortness of breath is getting worse quickly. I need prompt assistance because the situation is becoming serious.,MEDICAL,MEDICAL_SPECIALTY,MEDICAL_SYMPTOM_AND_CONDITION,MEDICAL_SYMPTOM,HIGH,NEUTRAL
synthetic_tts/urgency_high_add_4295.wav,One side of my face and arm suddenly feels weak and my speech is slurred. This needs urgent review rather than a routine response.,MEDICAL,MEDICAL_SPECIALTY,MEDICAL_SYMPTOM_AND_CONDITION,MEDICAL_SYMPTOM,HIGH,FEAR
synthetic_tts/urgency_high_add_4296.wav,A serious governance issue has emerged involving a major healthcare contract. Please escalate this quickly because the risk is increasing.,FINANCIAL,HEALTHCARE,FINANCIAL_OPERATIONS_RISK_AND_COMPLIANCE,BUSINESS_GOVERNANCE_AND_RELATIONS,HIGH,ANGER
synthetic_tts/urgency_high_add_4297.wav,Our payment system has stopped processing transactions and customers cannot access their funds. I need an urgent assessment and guidance on the next step.,FINANCIAL,TECHNOLOGY,FINANCIAL_OPERATIONS_RISK_AND_COMPLIANCE,FINANCIAL_STRATEGY_AND_PLANNING,HIGH,FEAR
synthetic_tts/urgency_high_add_4298.wav,I am coughing up blood and feel extremely dizzy and weak. This cannot wait for a normal review; please respond promptly.,MEDICAL,MEDICAL_SPECIALTY,MEDICAL_SYMPTOM_AND_CONDITION,MEDICAL_SYMPTOM,HIGH,NEUTRAL
synthetic_tts/urgency_high_add_4299.wav,My father has collapsed and is barely responding after severe chest pain. The situation is worsening and needs immediate attention.,MEDICAL,MEDICAL_SPECIALTY,MEDICAL_SYMPTOM_AND_CONDITION,MEDICAL_CONDITION_OR_CLINICAL_STATE,HIGH,FEAR
synthetic_tts/urgency_high_add_4300.wav,My heart is beating irregularly and I feel like I may faint. Please flag this as urgent and help me decide what to do next.,MEDICAL,MEDICAL_SPECIALTY,MEDICAL_SYMPTOM_AND_CONDITION,MEDICAL_SYMPTOM,HIGH,ANGER
synthetic_tts/urgency_high_add_4301.wav,A regulatory decision could immediately suspend a major healthcare revenue stream. Please treat this as a high priority and advise as soon as possible.,FINANCIAL,HEALTHCARE,FINANCIAL_OPERATIONS_RISK_AND_COMPLIANCE,FINANCIAL_STRATEGY_AND_PLANNING,HIGH,FEAR
synthetic_tts/urgency_high_add_4302.wav,A factory shutdown is causing a major production shortfall and threatening current orders. I need prompt assistance because the situation is becoming serious.,FINANCIAL,INDUSTRIAL_GOODS,BUSINESS_STRATEGY_AND_PROJECT_PLANNING,BUSINESS_OPERATIONS_AND_LOGISTICS,HIGH,NEUTRAL
synthetic_tts/urgency_high_add_4303.wav,My child is having a seizure that has continued for several minutes. This needs urgent review rather than a routine response.,MEDICAL,MEDICAL_SPECIALTY,MEDICAL_ADVICE_AND_TREATMENT,TREATMENT_OR_HEALTHCARE,HIGH,FEAR
synthetic_tts/urgency_high_add_4304.wav,I have severe swelling of my lips and difficulty breathing after taking a medicine. Please escalate this quickly because the risk is increasing.,MEDICAL,MEDICAL_SPECIALTY,MEDICAL_SYMPTOM_AND_CONDITION,MEDICATION_OR_DRUG,HIGH,ANGER
synthetic_tts/urgency_high_add_4305.wav,My oxygen saturation has suddenly dropped and I am struggling to breathe. I need an urgent assessment and guidance on the next step.,MEDICAL,MEDICAL_SPECIALTY,MEDICATION_DIAGNOSTICS_AND_CLINICAL_RESEARCH,DIAGNOSTIC_TEST_OR_RESULT,HIGH,FEAR
synthetic_tts/urgency_high_add_4306.wav,An unexpected loss in a major business segment threatens our quarterly target. This cannot wait for a normal review; please respond promptly.,FINANCIAL,INDUSTRIAL_GOODS,FINANCIAL_PERFORMANCE_AND_SEGMENT_ANALYSIS,CORPORATE_FINANCIAL_PERFORMANCE,HIGH,NEUTRAL
synthetic_tts/urgency_high_add_4307.wav,A critical technology project has failed and may cause a large unexpected financial loss. The situation is worsening and needs immediate attention.,FINANCIAL,TECHNOLOGY,BUSINESS_STRATEGY_AND_PROJECT_PLANNING,FINANCIAL_STRATEGY_AND_PLANNING,HIGH,FEAR
synthetic_tts/urgency_high_add_4308.wav,My elderly mother has suddenly become confused and cannot recognize anyone. Please flag this as urgent and help me decide what to do next.,MEDICAL,MEDICAL_SPECIALTY,MEDICAL_SYMPTOM_AND_CONDITION,MEDICAL_CONDITION_OR_CLINICAL_STATE,HIGH,ANGER
synthetic_tts/urgency_high_add_4309.wav,I have severe chest pain together with shortness of breath and nausea. Please treat this as a high priority and advise as soon as possible.,MEDICAL,MEDICAL_SPECIALTY,MEDICAL_SYMPTOM_AND_CONDITION,MEDICAL_SYMPTOM,HIGH,FEAR
synthetic_tts/urgency_high_add_4310.wav,I inhaled chemical fumes and now have chest tightness and worsening breathing. I need prompt assistance because the situation is becoming serious.,MEDICAL,MEDICAL_SPECIALTY,MEDICAL_ADVICE_AND_TREATMENT,TREATMENT_OR_HEALTHCARE,HIGH,NEUTRAL
synthetic_tts/urgency_high_add_4311.wav,A security incident has disrupted our financial systems and sensitive data may be exposed. This needs urgent review rather than a routine response.,FINANCIAL,TECHNOLOGY,FINANCIAL_OPERATIONS_RISK_AND_COMPLIANCE,TECHNOLOGY_AND_DIGITAL_INFRASTRUCTURE,HIGH,FEAR
synthetic_tts/urgency_high_add_4312.wav,Our cash position has fallen sharply and we may not meet near-term obligations. Please escalate this quickly because the risk is increasing.,FINANCIAL,HEALTHCARE,FINANCIAL_REPORTING_AND_OUTLOOK,FINANCIAL_METRICS_DETAIL,HIGH,ANGER
synthetic_tts/urgency_high_add_4313.wav,I have sudden crushing pressure in my chest with sweating and severe weakness. I need an urgent assessment and guidance on the next step.,MEDICAL,MEDICAL_SPECIALTY,MEDICAL_SYMPTOM_AND_CONDITION,MEDICAL_SYMPTOM,HIGH,FEAR
synthetic_tts/urgency_high_add_4314.wav,I am struggling to breathe and my shortness of breath is getting worse quickly. This cannot wait for a normal review; please respond promptly.,MEDICAL,MEDICAL_SPECIALTY,MEDICAL_SYMPTOM_AND_CONDITION,MEDICAL_SYMPTOM,HIGH,NEUTRAL
synthetic_tts/urgency_high_add_4315.wav,One side of my face and arm suddenly feels weak and my speech is slurred. The situation is worsening and needs immediate attention.,MEDICAL,MEDICAL_SPECIALTY,MEDICAL_SYMPTOM_AND_CONDITION,MEDICAL_SYMPTOM,HIGH,FEAR
synthetic_tts/urgency_high_add_4316.wav,A major competitor has taken substantial market share and customer losses are accelerating. Please flag this as urgent and help me decide what to do next.,FINANCIAL,TECHNOLOGY,MARKET_AND_COMPETITIVE_OUTLOOK,MARKET_AND_INDUSTRY_ANALYSIS,HIGH,ANGER
synthetic_tts/urgency_high_add_4317.wav,A major healthcare segment has reported an unexpected financial loss. Please treat this as a high priority and advise as soon as possible.,FINANCIAL,HEALTHCARE,FINANCIAL_PERFORMANCE_AND_SEGMENT_ANALYSIS,FINANCIAL_METRICS_DETAIL,HIGH,FEAR
synthetic_tts/urgency_high_add_4318.wav,I am coughing up blood and feel extremely dizzy and weak. I need prompt assistance because the situation is becoming serious.,MEDICAL,MEDICAL_SPECIALTY,MEDICAL_SYMPTOM_AND_CONDITION,MEDICAL_SYMPTOM,HIGH,NEUTRAL
synthetic_tts/urgency_high_add_4319.wav,My father has collapsed and is barely responding after severe chest pain. This needs urgent review rather than a routine response.,MEDICAL,MEDICAL_SPECIALTY,MEDICAL_SYMPTOM_AND_CONDITION,MEDICAL_CONDITION_OR_CLINICAL_STATE,HIGH,FEAR
synthetic_tts/urgency_high_add_4320.wav,My heart is beating irregularly and I feel like I may faint. Please escalate this quickly because the risk is increasing.,MEDICAL,MEDICAL_SPECIALTY,MEDICAL_SYMPTOM_AND_CONDITION,MEDICAL_SYMPTOM,HIGH,ANGER
synthetic_tts/urgency_high_add_4321.wav,Our payment system has stopped processing transactions and customers cannot access their funds. I need an urgent assessment and guidance on the next step.,FINANCIAL,TECHNOLOGY,FINANCIAL_OPERATIONS_RISK_AND_COMPLIANCE,FINANCIAL_STRATEGY_AND_PLANNING,HIGH,FEAR
synthetic_tts/urgency_high_add_4322.wav,We detected a potentially fraudulent transfer involving a major corporate account. This cannot wait for a normal review; please respond promptly.,FINANCIAL,TECHNOLOGY,FINANCIAL_OPERATIONS_RISK_AND_COMPLIANCE,GENERAL_BUSINESS_ADMINISTRATION,HIGH,NEUTRAL
synthetic_tts/urgency_high_add_4323.wav,My child is having a seizure that has continued for several minutes. The situation is worsening and needs immediate attention.,MEDICAL,MEDICAL_SPECIALTY,MEDICAL_ADVICE_AND_TREATMENT,TREATMENT_OR_HEALTHCARE,HIGH,FEAR
synthetic_tts/urgency_high_add_4324.wav,I have severe swelling of my lips and difficulty breathing after taking a medicine. Please flag this as urgent and help me decide what to do next.,MEDICAL,MEDICAL_SPECIALTY,MEDICAL_SYMPTOM_AND_CONDITION,MEDICATION_OR_DRUG,HIGH,ANGER
synthetic_tts/urgency_high_add_4325.wav,My oxygen saturation has suddenly dropped and I am struggling to breathe. Please treat this as a high priority and advise as soon as possible.,MEDICAL,MEDICAL_SPECIALTY,MEDICATION_DIAGNOSTICS_AND_CLINICAL_RESEARCH,DIAGNOSTIC_TEST_OR_RESULT,HIGH,FEAR
synthetic_tts/urgency_high_add_4326.wav,A factory shutdown is causing a major production shortfall and threatening current orders. I need prompt assistance because the situation is becoming serious.,FINANCIAL,INDUSTRIAL_GOODS,BUSINESS_STRATEGY_AND_PROJECT_PLANNING,BUSINESS_OPERATIONS_AND_LOGISTICS,HIGH,NEUTRAL
synthetic_tts/urgency_high_add_4327.wav,A sudden working-capital shortfall could prevent us from paying critical suppliers. This needs urgent review rather than a routine response.,FINANCIAL,INDUSTRIAL_GOODS,FINANCIAL_REPORTING_AND_OUTLOOK,FINANCIAL_METRICS_DETAIL,HIGH,FEAR
synthetic_tts/urgency_high_add_4328.wav,My elderly mother has suddenly become confused and cannot recognize anyone. Please escalate this quickly because the risk is increasing.,MEDICAL,MEDICAL_SPECIALTY,MEDICAL_SYMPTOM_AND_CONDITION,MEDICAL_CONDITION_OR_CLINICAL_STATE,HIGH,ANGER
synthetic_tts/urgency_high_add_4329.wav,I have severe chest pain together with shortness of breath and nausea. I need an urgent assessment and guidance on the next step.,MEDICAL,MEDICAL_SPECIALTY,MEDICAL_SYMPTOM_AND_CONDITION,MEDICAL_SYMPTOM,HIGH,FEAR
synthetic_tts/urgency_high_add_4330.wav,I inhaled chemical fumes and now have chest tightness and worsening breathing. This cannot wait for a normal review; please respond promptly.,MEDICAL,MEDICAL_SPECIALTY,MEDICAL_ADVICE_AND_TREATMENT,TREATMENT_OR_HEALTHCARE,HIGH,NEUTRAL
synthetic_tts/urgency_high_add_4331.wav,A critical technology project has failed and may cause a large unexpected financial loss. The situation is worsening and needs immediate attention.,FINANCIAL,TECHNOLOGY,BUSINESS_STRATEGY_AND_PROJECT_PLANNING,FINANCIAL_STRATEGY_AND_PLANNING,HIGH,FEAR
synthetic_tts/urgency_high_add_4332.wav,A serious governance issue has emerged involving a major healthcare contract. Please flag this as urgent and help me decide what to do next.,FINANCIAL,HEALTHCARE,FINANCIAL_OPERATIONS_RISK_AND_COMPLIANCE,BUSINESS_GOVERNANCE_AND_RELATIONS,HIGH,ANGER
synthetic_tts/urgency_high_add_4333.wav,I have sudden crushing pressure in my chest with sweating and severe weakness. Please treat this as a high priority and advise as soon as possible.,MEDICAL,MEDICAL_SPECIALTY,MEDICAL_SYMPTOM_AND_CONDITION,MEDICAL_SYMPTOM,HIGH,FEAR
synthetic_tts/urgency_high_add_4334.wav,I am struggling to breathe and my shortness of breath is getting worse quickly. I need prompt assistance because the situation is becoming serious.,MEDICAL,MEDICAL_SPECIALTY,MEDICAL_SYMPTOM_AND_CONDITION,MEDICAL_SYMPTOM,HIGH,NEUTRAL
synthetic_tts/urgency_high_add_4335.wav,One side of my face and arm suddenly feels weak and my speech is slurred. This needs urgent review rather than a routine response.,MEDICAL,MEDICAL_SPECIALTY,MEDICAL_SYMPTOM_AND_CONDITION,MEDICAL_SYMPTOM,HIGH,FEAR
synthetic_tts/urgency_high_add_4336.wav,Our cash position has fallen sharply and we may not meet near-term obligations. Please escalate this quickly because the risk is increasing.,FINANCIAL,HEALTHCARE,FINANCIAL_REPORTING_AND_OUTLOOK,FINANCIAL_METRICS_DETAIL,HIGH,ANGER
synthetic_tts/urgency_high_add_4337.wav,A regulatory decision could immediately suspend a major healthcare revenue stream. I need an urgent assessment and guidance on the next step.,FINANCIAL,HEALTHCARE,FINANCIAL_OPERATIONS_RISK_AND_COMPLIANCE,FINANCIAL_STRATEGY_AND_PLANNING,HIGH,FEAR
synthetic_tts/urgency_high_add_4338.wav,I am coughing up blood and feel extremely dizzy and weak. This cannot wait for a normal review; please respond promptly.,MEDICAL,MEDICAL_SPECIALTY,MEDICAL_SYMPTOM_AND_CONDITION,MEDICAL_SYMPTOM,HIGH,NEUTRAL
synthetic_tts/urgency_high_add_4339.wav,My father has collapsed and is barely responding after severe chest pain. The situation is worsening and needs immediate attention.,MEDICAL,MEDICAL_SPECIALTY,MEDICAL_SYMPTOM_AND_CONDITION,MEDICAL_CONDITION_OR_CLINICAL_STATE,HIGH,FEAR
synthetic_tts/urgency_high_add_4340.wav,My heart is beating irregularly and I feel like I may faint. Please flag this as urgent and help me decide what to do next.,MEDICAL,MEDICAL_SPECIALTY,MEDICAL_SYMPTOM_AND_CONDITION,MEDICAL_SYMPTOM,HIGH,ANGER
synthetic_tts/urgency_high_add_4341.wav,A major healthcare segment has reported an unexpected financial loss. Please treat this as a high priority and advise as soon as possible.,FINANCIAL,HEALTHCARE,FINANCIAL_PERFORMANCE_AND_SEGMENT_ANALYSIS,FINANCIAL_METRICS_DETAIL,HIGH,FEAR
synthetic_tts/urgency_high_add_4342.wav,An unexpected loss in a major business segment threatens our quarterly target. I need prompt assistance because the situation is becoming serious.,FINANCIAL,INDUSTRIAL_GOODS,FINANCIAL_PERFORMANCE_AND_SEGMENT_ANALYSIS,CORPORATE_FINANCIAL_PERFORMANCE,HIGH,NEUTRAL
synthetic_tts/urgency_high_add_4343.wav,My child is having a seizure that has continued for several minutes. This needs urgent review rather than a routine response.,MEDICAL,MEDICAL_SPECIALTY,MEDICAL_ADVICE_AND_TREATMENT,TREATMENT_OR_HEALTHCARE,HIGH,FEAR
synthetic_tts/urgency_high_add_4344.wav,I have severe swelling of my lips and difficulty breathing after taking a medicine. Please escalate this quickly because the risk is increasing.,MEDICAL,MEDICAL_SPECIALTY,MEDICAL_SYMPTOM_AND_CONDITION,MEDICATION_OR_DRUG,HIGH,ANGER
synthetic_tts/urgency_high_add_4345.wav,My oxygen saturation has suddenly dropped and I am struggling to breathe. I need an urgent assessment and guidance on the next step.,MEDICAL,MEDICAL_SPECIALTY,MEDICATION_DIAGNOSTICS_AND_CLINICAL_RESEARCH,DIAGNOSTIC_TEST_OR_RESULT,HIGH,FEAR
synthetic_tts/urgency_high_add_4346.wav,We detected a potentially fraudulent transfer involving a major corporate account. This cannot wait for a normal review; please respond promptly.,FINANCIAL,TECHNOLOGY,FINANCIAL_OPERATIONS_RISK_AND_COMPLIANCE,GENERAL_BUSINESS_ADMINISTRATION,HIGH,NEUTRAL
synthetic_tts/urgency_high_add_4347.wav,A security incident has disrupted our financial systems and sensitive data may be exposed. The situation is worsening and needs immediate attention.,FINANCIAL,TECHNOLOGY,FINANCIAL_OPERATIONS_RISK_AND_COMPLIANCE,TECHNOLOGY_AND_DIGITAL_INFRASTRUCTURE,HIGH,FEAR
synthetic_tts/urgency_high_add_4348.wav,My elderly mother has suddenly become confused and cannot recognize anyone. Please flag this as urgent and help me decide what to do next.,MEDICAL,MEDICAL_SPECIALTY,MEDICAL_SYMPTOM_AND_CONDITION,MEDICAL_CONDITION_OR_CLINICAL_STATE,HIGH,ANGER
synthetic_tts/urgency_high_add_4349.wav,I have severe chest pain together with shortness of breath and nausea. Please treat this as a high priority and advise as soon as possible.,MEDICAL,MEDICAL_SPECIALTY,MEDICAL_SYMPTOM_AND_CONDITION,MEDICAL_SYMPTOM,HIGH,FEAR
synthetic_tts/urgency_high_add_4350.wav,I inhaled chemical fumes and now have chest tightness and worsening breathing. I need prompt assistance because the situation is becoming serious.,MEDICAL,MEDICAL_SPECIALTY,MEDICAL_ADVICE_AND_TREATMENT,TREATMENT_OR_HEALTHCARE,HIGH,NEUTRAL
synthetic_tts/urgency_high_add_4351.wav,A sudden working-capital shortfall could prevent us from paying critical suppliers. This needs urgent review rather than a routine response.,FINANCIAL,INDUSTRIAL_GOODS,FINANCIAL_REPORTING_AND_OUTLOOK,FINANCIAL_METRICS_DETAIL,HIGH,FEAR
synthetic_tts/urgency_high_add_4352.wav,A major competitor has taken substantial market share and customer losses are accelerating. Please escalate this quickly because the risk is increasing.,FINANCIAL,TECHNOLOGY,MARKET_AND_COMPETITIVE_OUTLOOK,MARKET_AND_INDUSTRY_ANALYSIS,HIGH,ANGER
synthetic_tts/urgency_high_add_4353.wav,I have sudden crushing pressure in my chest with sweating and severe weakness. I need an urgent assessment and guidance on the next step.,MEDICAL,MEDICAL_SPECIALTY,MEDICAL_SYMPTOM_AND_CONDITION,MEDICAL_SYMPTOM,HIGH,FEAR
synthetic_tts/urgency_high_add_4354.wav,I am struggling to breathe and my shortness of breath is getting worse quickly. This cannot wait for a normal review; please respond promptly.,MEDICAL,MEDICAL_SPECIALTY,MEDICAL_SYMPTOM_AND_CONDITION,MEDICAL_SYMPTOM,HIGH,NEUTRAL
synthetic_tts/urgency_high_add_4355.wav,One side of my face and arm suddenly feels weak and my speech is slurred. The situation is worsening and needs immediate attention.,MEDICAL,MEDICAL_SPECIALTY,MEDICAL_SYMPTOM_AND_CONDITION,MEDICAL_SYMPTOM,HIGH,FEAR
synthetic_tts/urgency_high_add_4356.wav,A serious governance issue has emerged involving a major healthcare contract. Please flag this as urgent and help me decide what to do next.,FINANCIAL,HEALTHCARE,FINANCIAL_OPERATIONS_RISK_AND_COMPLIANCE,BUSINESS_GOVERNANCE_AND_RELATIONS,HIGH,ANGER
synthetic_tts/urgency_high_add_4357.wav,Our payment system has stopped processing transactions and customers cannot access their funds. Please treat this as a high priority and advise as soon as possible.,FINANCIAL,TECHNOLOGY,FINANCIAL_OPERATIONS_RISK_AND_COMPLIANCE,FINANCIAL_STRATEGY_AND_PLANNING,HIGH,FEAR
synthetic_tts/urgency_high_add_4358.wav,I am coughing up blood and feel extremely dizzy and weak. I need prompt assistance because the situation is becoming serious.,MEDICAL,MEDICAL_SPECIALTY,MEDICAL_SYMPTOM_AND_CONDITION,MEDICAL_SYMPTOM,HIGH,NEUTRAL
synthetic_tts/urgency_high_add_4359.wav,My father has collapsed and is barely responding after severe chest pain. This needs urgent review rather than a routine response.,MEDICAL,MEDICAL_SPECIALTY,MEDICAL_SYMPTOM_AND_CONDITION,MEDICAL_CONDITION_OR_CLINICAL_STATE,HIGH,FEAR
synthetic_tts/urgency_high_add_4360.wav,My heart is beating irregularly and I feel like I may faint. Please escalate this quickly because the risk is increasing.,MEDICAL,MEDICAL_SPECIALTY,MEDICAL_SYMPTOM_AND_CONDITION,MEDICAL_SYMPTOM,HIGH,ANGER
synthetic_tts/urgency_high_add_4361.wav,A regulatory decision could immediately suspend a major healthcare revenue stream. I need an urgent assessment and guidance on the next step.,FINANCIAL,HEALTHCARE,FINANCIAL_OPERATIONS_RISK_AND_COMPLIANCE,FINANCIAL_STRATEGY_AND_PLANNING,HIGH,FEAR
synthetic_tts/urgency_high_add_4362.wav,A factory shutdown is causing a major production shortfall and threatening current orders. This cannot wait for a normal review; please respond promptly.,FINANCIAL,INDUSTRIAL_GOODS,BUSINESS_STRATEGY_AND_PROJECT_PLANNING,BUSINESS_OPERATIONS_AND_LOGISTICS,HIGH,NEUTRAL
synthetic_tts/urgency_high_add_4363.wav,My child is having a seizure that has continued for several minutes. The situation is worsening and needs immediate attention.,MEDICAL,MEDICAL_SPECIALTY,MEDICAL_ADVICE_AND_TREATMENT,TREATMENT_OR_HEALTHCARE,HIGH,FEAR
synthetic_tts/urgency_high_add_4364.wav,I have severe swelling of my lips and difficulty breathing after taking a medicine. Please flag this as urgent and help me decide what to do next.,MEDICAL,MEDICAL_SPECIALTY,MEDICAL_SYMPTOM_AND_CONDITION,MEDICATION_OR_DRUG,HIGH,ANGER
synthetic_tts/urgency_high_add_4365.wav,My oxygen saturation has suddenly dropped and I am struggling to breathe. Please treat this as a high priority and advise as soon as possible.,MEDICAL,MEDICAL_SPECIALTY,MEDICATION_DIAGNOSTICS_AND_CLINICAL_RESEARCH,DIAGNOSTIC_TEST_OR_RESULT,HIGH,FEAR
synthetic_tts/urgency_high_add_4366.wav,An unexpected loss in a major business segment threatens our quarterly target. I need prompt assistance because the situation is becoming serious.,FINANCIAL,INDUSTRIAL_GOODS,FINANCIAL_PERFORMANCE_AND_SEGMENT_ANALYSIS,CORPORATE_FINANCIAL_PERFORMANCE,HIGH,NEUTRAL
synthetic_tts/urgency_high_add_4367.wav,A critical technology project has failed and may cause a large unexpected financial loss. This needs urgent review rather than a routine response.,FINANCIAL,TECHNOLOGY,BUSINESS_STRATEGY_AND_PROJECT_PLANNING,FINANCIAL_STRATEGY_AND_PLANNING,HIGH,FEAR
synthetic_tts/urgency_high_add_4368.wav,My elderly mother has suddenly become confused and cannot recognize anyone. Please escalate this quickly because the risk is increasing.,MEDICAL,MEDICAL_SPECIALTY,MEDICAL_SYMPTOM_AND_CONDITION,MEDICAL_CONDITION_OR_CLINICAL_STATE,HIGH,ANGER
synthetic_tts/urgency_high_add_4369.wav,I have severe chest pain together with shortness of breath and nausea. I need an urgent assessment and guidance on the next step.,MEDICAL,MEDICAL_SPECIALTY,MEDICAL_SYMPTOM_AND_CONDITION,MEDICAL_SYMPTOM,HIGH,FEAR
synthetic_tts/urgency_high_add_4370.wav,I inhaled chemical fumes and now have chest tightness and worsening breathing. This cannot wait for a normal review; please respond promptly.,MEDICAL,MEDICAL_SPECIALTY,MEDICAL_ADVICE_AND_TREATMENT,TREATMENT_OR_HEALTHCARE,HIGH,NEUTRAL
synthetic_tts/urgency_high_add_4371.wav,A security incident has disrupted our financial systems and sensitive data may be exposed. The situation is worsening and needs immediate attention.,FINANCIAL,TECHNOLOGY,FINANCIAL_OPERATIONS_RISK_AND_COMPLIANCE,TECHNOLOGY_AND_DIGITAL_INFRASTRUCTURE,HIGH,FEAR
synthetic_tts/urgency_high_add_4372.wav,Our cash position has fallen sharply and we may not meet near-term obligations. Please flag this as urgent and help me decide what to do next.,FINANCIAL,HEALTHCARE,FINANCIAL_REPORTING_AND_OUTLOOK,FINANCIAL_METRICS_DETAIL,HIGH,ANGER
synthetic_tts/urgency_high_add_4373.wav,I have sudden crushing pressure in my chest with sweating and severe weakness. Please treat this as a high priority and advise as soon as possible.,MEDICAL,MEDICAL_SPECIALTY,MEDICAL_SYMPTOM_AND_CONDITION,MEDICAL_SYMPTOM,HIGH,FEAR
synthetic_tts/urgency_high_add_4374.wav,I am struggling to breathe and my shortness of breath is getting worse quickly. I need prompt assistance because the situation is becoming serious.,MEDICAL,MEDICAL_SPECIALTY,MEDICAL_SYMPTOM_AND_CONDITION,MEDICAL_SYMPTOM,HIGH,NEUTRAL
synthetic_tts/urgency_high_add_4375.wav,One side of my face and arm suddenly feels weak and my speech is slurred. This needs urgent review rather than a routine response.,MEDICAL,MEDICAL_SPECIALTY,MEDICAL_SYMPTOM_AND_CONDITION,MEDICAL_SYMPTOM,HIGH,FEAR
synthetic_tts/urgency_high_add_4376.wav,A major competitor has taken substantial market share and customer losses are accelerating. Please escalate this quickly because the risk is increasing.,FINANCIAL,TECHNOLOGY,MARKET_AND_COMPETITIVE_OUTLOOK,MARKET_AND_INDUSTRY_ANALYSIS,HIGH,ANGER
synthetic_tts/urgency_high_add_4377.wav,A major healthcare segment has reported an unexpected financial loss. I need an urgent assessment and guidance on the next step.,FINANCIAL,HEALTHCARE,FINANCIAL_PERFORMANCE_AND_SEGMENT_ANALYSIS,FINANCIAL_METRICS_DETAIL,HIGH,FEAR
synthetic_tts/urgency_high_add_4378.wav,I am coughing up blood and feel extremely dizzy and weak. This cannot wait for a normal review; please respond promptly.,MEDICAL,MEDICAL_SPECIALTY,MEDICAL_SYMPTOM_AND_CONDITION,MEDICAL_SYMPTOM,HIGH,NEUTRAL
synthetic_tts/urgency_high_add_4379.wav,My father has collapsed and is barely responding after severe chest pain. The situation is worsening and needs immediate attention.,MEDICAL,MEDICAL_SPECIALTY,MEDICAL_SYMPTOM_AND_CONDITION,MEDICAL_CONDITION_OR_CLINICAL_STATE,HIGH,FEAR
synthetic_tts/urgency_high_add_4380.wav,My heart is beating irregularly and I feel like I may faint. Please flag this as urgent and help me decide what to do next.,MEDICAL,MEDICAL_SPECIALTY,MEDICAL_SYMPTOM_AND_CONDITION,MEDICAL_SYMPTOM,HIGH,ANGER
synthetic_tts/urgency_high_add_4381.wav,Our payment system has stopped processing transactions and customers cannot access their funds. Please treat this as a high priority and advise as soon as possible.,FINANCIAL,TECHNOLOGY,FINANCIAL_OPERATIONS_RISK_AND_COMPLIANCE,FINANCIAL_STRATEGY_AND_PLANNING,HIGH,FEAR
synthetic_tts/urgency_high_add_4382.wav,We detected a potentially fraudulent transfer involving a major corporate account. I need prompt assistance because the situation is becoming serious.,FINANCIAL,TECHNOLOGY,FINANCIAL_OPERATIONS_RISK_AND_COMPLIANCE,GENERAL_BUSINESS_ADMINISTRATION,HIGH,NEUTRAL
synthetic_tts/urgency_high_add_4383.wav,My child is having a seizure that has continued for several minutes. This needs urgent review rather than a routine response.,MEDICAL,MEDICAL_SPECIALTY,MEDICAL_ADVICE_AND_TREATMENT,TREATMENT_OR_HEALTHCARE,HIGH,FEAR
synthetic_tts/urgency_high_add_4384.wav,I have severe swelling of my lips and difficulty breathing after taking a medicine. Please escalate this quickly because the risk is increasing.,MEDICAL,MEDICAL_SPECIALTY,MEDICAL_SYMPTOM_AND_CONDITION,MEDICATION_OR_DRUG,HIGH,ANGER
synthetic_tts/urgency_high_add_4385.wav,My oxygen saturation has suddenly dropped and I am struggling to breathe. I need an urgent assessment and guidance on the next step.,MEDICAL,MEDICAL_SPECIALTY,MEDICATION_DIAGNOSTICS_AND_CLINICAL_RESEARCH,DIAGNOSTIC_TEST_OR_RESULT,HIGH,FEAR
synthetic_tts/urgency_high_add_4386.wav,A factory shutdown is causing a major production shortfall and threatening current orders. This cannot wait for a normal review; please respond promptly.,FINANCIAL,INDUSTRIAL_GOODS,BUSINESS_STRATEGY_AND_PROJECT_PLANNING,BUSINESS_OPERATIONS_AND_LOGISTICS,HIGH,NEUTRAL
synthetic_tts/urgency_high_add_4387.wav,A sudden working-capital shortfall could prevent us from paying critical suppliers. The situation is worsening and needs immediate attention.,FINANCIAL,INDUSTRIAL_GOODS,FINANCIAL_REPORTING_AND_OUTLOOK,FINANCIAL_METRICS_DETAIL,HIGH,FEAR
synthetic_tts/urgency_high_add_4388.wav,My elderly mother has suddenly become confused and cannot recognize anyone. Please flag this as urgent and help me decide what to do next.,MEDICAL,MEDICAL_SPECIALTY,MEDICAL_SYMPTOM_AND_CONDITION,MEDICAL_CONDITION_OR_CLINICAL_STATE,HIGH,ANGER
synthetic_tts/urgency_high_add_4389.wav,I have severe chest pain together with shortness of breath and nausea. Please treat this as a high priority and advise as soon as possible.,MEDICAL,MEDICAL_SPECIALTY,MEDICAL_SYMPTOM_AND_CONDITION,MEDICAL_SYMPTOM,HIGH,FEAR
synthetic_tts/urgency_high_add_4390.wav,I inhaled chemical fumes and now have chest tightness and worsening breathing. I need prompt assistance because the situation is becoming serious.,MEDICAL,MEDICAL_SPECIALTY,MEDICAL_ADVICE_AND_TREATMENT,TREATMENT_OR_HEALTHCARE,HIGH,NEUTRAL
synthetic_tts/urgency_high_add_4391.wav,A critical technology project has failed and may cause a large unexpected financial loss. This needs urgent review rather than a routine response.,FINANCIAL,TECHNOLOGY,BUSINESS_STRATEGY_AND_PROJECT_PLANNING,FINANCIAL_STRATEGY_AND_PLANNING,HIGH,FEAR
synthetic_tts/urgency_high_add_4392.wav,A serious governance issue has emerged involving a major healthcare contract. Please escalate this quickly because the risk is increasing.,FINANCIAL,HEALTHCARE,FINANCIAL_OPERATIONS_RISK_AND_COMPLIANCE,BUSINESS_GOVERNANCE_AND_RELATIONS,HIGH,ANGER
synthetic_tts/urgency_high_add_4393.wav,I have sudden crushing pressure in my chest with sweating and severe weakness. I need an urgent assessment and guidance on the next step.,MEDICAL,MEDICAL_SPECIALTY,MEDICAL_SYMPTOM_AND_CONDITION,MEDICAL_SYMPTOM,HIGH,FEAR
synthetic_tts/urgency_high_add_4394.wav,I am struggling to breathe and my shortness of breath is getting worse quickly. This cannot wait for a normal review; please respond promptly.,MEDICAL,MEDICAL_SPECIALTY,MEDICAL_SYMPTOM_AND_CONDITION,MEDICAL_SYMPTOM,HIGH,NEUTRAL
synthetic_tts/urgency_high_add_4395.wav,One side of my face and arm suddenly feels weak and my speech is slurred. The situation is worsening and needs immediate attention.,MEDICAL,MEDICAL_SPECIALTY,MEDICAL_SYMPTOM_AND_CONDITION,MEDICAL_SYMPTOM,HIGH,FEAR
synthetic_tts/urgency_high_add_4396.wav,Our cash position has fallen sharply and we may not meet near-term obligations. Please flag this as urgent and help me decide what to do next.,FINANCIAL,HEALTHCARE,FINANCIAL_REPORTING_AND_OUTLOOK,FINANCIAL_METRICS_DETAIL,HIGH,ANGER
synthetic_tts/urgency_high_add_4397.wav,A regulatory decision could immediately suspend a major healthcare revenue stream. Please treat this as a high priority and advise as soon as possible.,FINANCIAL,HEALTHCARE,FINANCIAL_OPERATIONS_RISK_AND_COMPLIANCE,FINANCIAL_STRATEGY_AND_PLANNING,HIGH,FEAR
synthetic_tts/urgency_high_add_4398.wav,I am coughing up blood and feel extremely dizzy and weak. I need prompt assistance because the situation is becoming serious.,MEDICAL,MEDICAL_SPECIALTY,MEDICAL_SYMPTOM_AND_CONDITION,MEDICAL_SYMPTOM,HIGH,NEUTRAL
synthetic_tts/urgency_high_add_4399.wav,My father has collapsed and is barely responding after severe chest pain. This needs urgent review rather than a routine response.,MEDICAL,MEDICAL_SPECIALTY,MEDICAL_SYMPTOM_AND_CONDITION,MEDICAL_CONDITION_OR_CLINICAL_STATE,HIGH,FEAR
synthetic_tts/urgency_high_add_4400.wav,My heart is beating irregularly and I feel like I may faint. Please escalate this quickly because the risk is increasing.,MEDICAL,MEDICAL_SPECIALTY,MEDICAL_SYMPTOM_AND_CONDITION,MEDICAL_SYMPTOM,HIGH,ANGER
synthetic_tts/urgency_high_add_4401.wav,A major healthcare segment has reported an unexpected financial loss. I need an urgent assessment and guidance on the next step.,FINANCIAL,HEALTHCARE,FINANCIAL_PERFORMANCE_AND_SEGMENT_ANALYSIS,FINANCIAL_METRICS_DETAIL,HIGH,FEAR
synthetic_tts/urgency_high_add_4402.wav,An unexpected loss in a major business segment threatens our quarterly target. This cannot wait for a normal review; please respond promptly.,FINANCIAL,INDUSTRIAL_GOODS,FINANCIAL_PERFORMANCE_AND_SEGMENT_ANALYSIS,CORPORATE_FINANCIAL_PERFORMANCE,HIGH,NEUTRAL
synthetic_tts/urgency_high_add_4403.wav,My child is having a seizure that has continued for several minutes. The situation is worsening and needs immediate attention.,MEDICAL,MEDICAL_SPECIALTY,MEDICAL_ADVICE_AND_TREATMENT,TREATMENT_OR_HEALTHCARE,HIGH,FEAR
synthetic_tts/urgency_high_add_4404.wav,I have severe swelling of my lips and difficulty breathing after taking a medicine. Please flag this as urgent and help me decide what to do next.,MEDICAL,MEDICAL_SPECIALTY,MEDICAL_SYMPTOM_AND_CONDITION,MEDICATION_OR_DRUG,HIGH,ANGER
synthetic_tts/urgency_high_add_4405.wav,My oxygen saturation has suddenly dropped and I am struggling to breathe. Please treat this as a high priority and advise as soon as possible.,MEDICAL,MEDICAL_SPECIALTY,MEDICATION_DIAGNOSTICS_AND_CLINICAL_RESEARCH,DIAGNOSTIC_TEST_OR_RESULT,HIGH,FEAR
synthetic_tts/urgency_high_add_4406.wav,We detected a potentially fraudulent transfer involving a major corporate account. I need prompt assistance because the situation is becoming serious.,FINANCIAL,TECHNOLOGY,FINANCIAL_OPERATIONS_RISK_AND_COMPLIANCE,GENERAL_BUSINESS_ADMINISTRATION,HIGH,NEUTRAL
synthetic_tts/urgency_high_add_4407.wav,A security incident has disrupted our financial systems and sensitive data may be exposed. This needs urgent review rather than a routine response.,FINANCIAL,TECHNOLOGY,FINANCIAL_OPERATIONS_RISK_AND_COMPLIANCE,TECHNOLOGY_AND_DIGITAL_INFRASTRUCTURE,HIGH,FEAR
synthetic_tts/urgency_high_add_4408.wav,My elderly mother has suddenly become confused and cannot recognize anyone. Please escalate this quickly because the risk is increasing.,MEDICAL,MEDICAL_SPECIALTY,MEDICAL_SYMPTOM_AND_CONDITION,MEDICAL_CONDITION_OR_CLINICAL_STATE,HIGH,ANGER
synthetic_tts/urgency_high_add_4409.wav,I have severe chest pain together with shortness of breath and nausea. I need an urgent assessment and guidance on the next step.,MEDICAL,MEDICAL_SPECIALTY,MEDICAL_SYMPTOM_AND_CONDITION,MEDICAL_SYMPTOM,HIGH,FEAR
synthetic_tts/urgency_high_add_4410.wav,I inhaled chemical fumes and now have chest tightness and worsening breathing. This cannot wait for a normal review; please respond promptly.,MEDICAL,MEDICAL_SPECIALTY,MEDICAL_ADVICE_AND_TREATMENT,TREATMENT_OR_HEALTHCARE,HIGH,NEUTRAL
synthetic_tts/urgency_high_add_4411.wav,A sudden working-capital shortfall could prevent us from paying critical suppliers. The situation is worsening and needs immediate attention.,FINANCIAL,INDUSTRIAL_GOODS,FINANCIAL_REPORTING_AND_OUTLOOK,FINANCIAL_METRICS_DETAIL,HIGH,FEAR
synthetic_tts/urgency_high_add_4412.wav,A major competitor has taken substantial market share and customer losses are accelerating. Please flag this as urgent and help me decide what to do next.,FINANCIAL,TECHNOLOGY,MARKET_AND_COMPETITIVE_OUTLOOK,MARKET_AND_INDUSTRY_ANALYSIS,HIGH,ANGER
synthetic_tts/urgency_high_add_4413.wav,I have sudden crushing pressure in my chest with sweating and severe weakness. Please treat this as a high priority and advise as soon as possible.,MEDICAL,MEDICAL_SPECIALTY,MEDICAL_SYMPTOM_AND_CONDITION,MEDICAL_SYMPTOM,HIGH,FEAR
synthetic_tts/urgency_high_add_4414.wav,I am struggling to breathe and my shortness of breath is getting worse quickly. I need prompt assistance because the situation is becoming serious.,MEDICAL,MEDICAL_SPECIALTY,MEDICAL_SYMPTOM_AND_CONDITION,MEDICAL_SYMPTOM,HIGH,NEUTRAL
synthetic_tts/urgency_high_add_4415.wav,One side of my face and arm suddenly feels weak and my speech is slurred. This needs urgent review rather than a routine response.,MEDICAL,MEDICAL_SPECIALTY,MEDICAL_SYMPTOM_AND_CONDITION,MEDICAL_SYMPTOM,HIGH,FEAR
synthetic_tts/urgency_high_add_4416.wav,A serious governance issue has emerged involving a major healthcare contract. Please escalate this quickly because the risk is increasing.,FINANCIAL,HEALTHCARE,FINANCIAL_OPERATIONS_RISK_AND_COMPLIANCE,BUSINESS_GOVERNANCE_AND_RELATIONS,HIGH,ANGER
synthetic_tts/urgency_high_add_4417.wav,Our payment system has stopped processing transactions and customers cannot access their funds. I need an urgent assessment and guidance on the next step.,FINANCIAL,TECHNOLOGY,FINANCIAL_OPERATIONS_RISK_AND_COMPLIANCE,FINANCIAL_STRATEGY_AND_PLANNING,HIGH,FEAR
synthetic_tts/urgency_high_add_4418.wav,I am coughing up blood and feel extremely dizzy and weak. This cannot wait for a normal review; please respond promptly.,MEDICAL,MEDICAL_SPECIALTY,MEDICAL_SYMPTOM_AND_CONDITION,MEDICAL_SYMPTOM,HIGH,NEUTRAL
synthetic_tts/urgency_high_add_4419.wav,My father has collapsed and is barely responding after severe chest pain. The situation is worsening and needs immediate attention.,MEDICAL,MEDICAL_SPECIALTY,MEDICAL_SYMPTOM_AND_CONDITION,MEDICAL_CONDITION_OR_CLINICAL_STATE,HIGH,FEAR
synthetic_tts/urgency_high_add_4420.wav,My heart is beating irregularly and I feel like I may faint. Please flag this as urgent and help me decide what to do next.,MEDICAL,MEDICAL_SPECIALTY,MEDICAL_SYMPTOM_AND_CONDITION,MEDICAL_SYMPTOM,HIGH,ANGER
synthetic_tts/urgency_high_add_4421.wav,A regulatory decision could immediately suspend a major healthcare revenue stream. Please treat this as a high priority and advise as soon as possible.,FINANCIAL,HEALTHCARE,FINANCIAL_OPERATIONS_RISK_AND_COMPLIANCE,FINANCIAL_STRATEGY_AND_PLANNING,HIGH,FEAR
synthetic_tts/urgency_high_add_4422.wav,A factory shutdown is causing a major production shortfall and threatening current orders. I need prompt assistance because the situation is becoming serious.,FINANCIAL,INDUSTRIAL_GOODS,BUSINESS_STRATEGY_AND_PROJECT_PLANNING,BUSINESS_OPERATIONS_AND_LOGISTICS,HIGH,NEUTRAL
synthetic_tts/urgency_high_add_4423.wav,My child is having a seizure that has continued for several minutes. This needs urgent review rather than a routine response.,MEDICAL,MEDICAL_SPECIALTY,MEDICAL_ADVICE_AND_TREATMENT,TREATMENT_OR_HEALTHCARE,HIGH,FEAR
synthetic_tts/urgency_high_add_4424.wav,I have severe swelling of my lips and difficulty breathing after taking a medicine. Please escalate this quickly because the risk is increasing.,MEDICAL,MEDICAL_SPECIALTY,MEDICAL_SYMPTOM_AND_CONDITION,MEDICATION_OR_DRUG,HIGH,ANGER
synthetic_tts/urgency_high_add_4425.wav,My oxygen saturation has suddenly dropped and I am struggling to breathe. I need an urgent assessment and guidance on the next step.,MEDICAL,MEDICAL_SPECIALTY,MEDICATION_DIAGNOSTICS_AND_CLINICAL_RESEARCH,DIAGNOSTIC_TEST_OR_RESULT,HIGH,FEAR
synthetic_tts/urgency_high_add_4426.wav,An unexpected loss in a major business segment threatens our quarterly target. This cannot wait for a normal review; please respond promptly.,FINANCIAL,INDUSTRIAL_GOODS,FINANCIAL_PERFORMANCE_AND_SEGMENT_ANALYSIS,CORPORATE_FINANCIAL_PERFORMANCE,HIGH,NEUTRAL
synthetic_tts/urgency_high_add_4427.wav,A critical technology project has failed and may cause a large unexpected financial loss. The situation is worsening and needs immediate attention.,FINANCIAL,TECHNOLOGY,BUSINESS_STRATEGY_AND_PROJECT_PLANNING,FINANCIAL_STRATEGY_AND_PLANNING,HIGH,FEAR
synthetic_tts/urgency_high_add_4428.wav,My elderly mother has suddenly become confused and cannot recognize anyone. Please flag this as urgent and help me decide what to do next.,MEDICAL,MEDICAL_SPECIALTY,MEDICAL_SYMPTOM_AND_CONDITION,MEDICAL_CONDITION_OR_CLINICAL_STATE,HIGH,ANGER
synthetic_tts/urgency_high_add_4429.wav,I have severe chest pain together with shortness of breath and nausea. Please treat this as a high priority and advise as soon as possible.,MEDICAL,MEDICAL_SPECIALTY,MEDICAL_SYMPTOM_AND_CONDITION,MEDICAL_SYMPTOM,HIGH,FEAR
synthetic_tts/urgency_high_add_4430.wav,I inhaled chemical fumes and now have chest tightness and worsening breathing. I need prompt assistance because the situation is becoming serious.,MEDICAL,MEDICAL_SPECIALTY,MEDICAL_ADVICE_AND_TREATMENT,TREATMENT_OR_HEALTHCARE,HIGH,NEUTRAL
synthetic_tts/urgency_high_add_4431.wav,A security incident has disrupted our financial systems and sensitive data may be exposed. This needs urgent review rather than a routine response.,FINANCIAL,TECHNOLOGY,FINANCIAL_OPERATIONS_RISK_AND_COMPLIANCE,TECHNOLOGY_AND_DIGITAL_INFRASTRUCTURE,HIGH,FEAR
synthetic_tts/urgency_high_add_4432.wav,Our cash position has fallen sharply and we may not meet near-term obligations. Please escalate this quickly because the risk is increasing.,FINANCIAL,HEALTHCARE,FINANCIAL_REPORTING_AND_OUTLOOK,FINANCIAL_METRICS_DETAIL,HIGH,ANGER
synthetic_tts/urgency_high_add_4433.wav,I have sudden crushing pressure in my chest with sweating and severe weakness. I need an urgent assessment and guidance on the next step.,MEDICAL,MEDICAL_SPECIALTY,MEDICAL_SYMPTOM_AND_CONDITION,MEDICAL_SYMPTOM,HIGH,FEAR
synthetic_tts/urgency_high_add_4434.wav,I am struggling to breathe and my shortness of breath is getting worse quickly. This cannot wait for a normal review; please respond promptly.,MEDICAL,MEDICAL_SPECIALTY,MEDICAL_SYMPTOM_AND_CONDITION,MEDICAL_SYMPTOM,HIGH,NEUTRAL
synthetic_tts/urgency_high_add_4435.wav,One side of my face and arm suddenly feels weak and my speech is slurred. The situation is worsening and needs immediate attention.,MEDICAL,MEDICAL_SPECIALTY,MEDICAL_SYMPTOM_AND_CONDITION,MEDICAL_SYMPTOM,HIGH,FEAR
synthetic_tts/urgency_high_add_4436.wav,A major competitor has taken substantial market share and customer losses are accelerating. Please flag this as urgent and help me decide what to do next.,FINANCIAL,TECHNOLOGY,MARKET_AND_COMPETITIVE_OUTLOOK,MARKET_AND_INDUSTRY_ANALYSIS,HIGH,ANGER
synthetic_tts/urgency_high_add_4437.wav,A major healthcare segment has reported an unexpected financial loss. Please treat this as a high priority and advise as soon as possible.,FINANCIAL,HEALTHCARE,FINANCIAL_PERFORMANCE_AND_SEGMENT_ANALYSIS,FINANCIAL_METRICS_DETAIL,HIGH,FEAR
synthetic_tts/urgency_high_add_4438.wav,I am coughing up blood and feel extremely dizzy and weak. I need prompt assistance because the situation is becoming serious.,MEDICAL,MEDICAL_SPECIALTY,MEDICAL_SYMPTOM_AND_CONDITION,MEDICAL_SYMPTOM,HIGH,NEUTRAL
synthetic_tts/urgency_high_add_4439.wav,My father has collapsed and is barely responding after severe chest pain. This needs urgent review rather than a routine response.,MEDICAL,MEDICAL_SPECIALTY,MEDICAL_SYMPTOM_AND_CONDITION,MEDICAL_CONDITION_OR_CLINICAL_STATE,HIGH,FEAR
synthetic_tts/urgency_high_add_4440.wav,My heart is beating irregularly and I feel like I may faint. Please escalate this quickly because the risk is increasing.,MEDICAL,MEDICAL_SPECIALTY,MEDICAL_SYMPTOM_AND_CONDITION,MEDICAL_SYMPTOM,HIGH,ANGER
synthetic_tts/urgency_high_add_4441.wav,Our payment system has stopped processing transactions and customers cannot access their funds. I need an urgent assessment and guidance on the next step.,FINANCIAL,TECHNOLOGY,FINANCIAL_OPERATIONS_RISK_AND_COMPLIANCE,FINANCIAL_STRATEGY_AND_PLANNING,HIGH,FEAR
synthetic_tts/urgency_high_add_4442.wav,We detected a potentially fraudulent transfer involving a major corporate account. This cannot wait for a normal review; please respond promptly.,FINANCIAL,TECHNOLOGY,FINANCIAL_OPERATIONS_RISK_AND_COMPLIANCE,GENERAL_BUSINESS_ADMINISTRATION,HIGH,NEUTRAL
synthetic_tts/urgency_high_add_4443.wav,My child is having a seizure that has continued for several minutes. The situation is worsening and needs immediate attention.,MEDICAL,MEDICAL_SPECIALTY,MEDICAL_ADVICE_AND_TREATMENT,TREATMENT_OR_HEALTHCARE,HIGH,FEAR
synthetic_tts/urgency_high_add_4444.wav,I have severe swelling of my lips and difficulty breathing after taking a medicine. Please flag this as urgent and help me decide what to do next.,MEDICAL,MEDICAL_SPECIALTY,MEDICAL_SYMPTOM_AND_CONDITION,MEDICATION_OR_DRUG,HIGH,ANGER
synthetic_tts/urgency_high_add_4445.wav,My oxygen saturation has suddenly dropped and I am struggling to breathe. Please treat this as a high priority and advise as soon as possible.,MEDICAL,MEDICAL_SPECIALTY,MEDICATION_DIAGNOSTICS_AND_CLINICAL_RESEARCH,DIAGNOSTIC_TEST_OR_RESULT,HIGH,FEAR
synthetic_tts/urgency_high_add_4446.wav,A factory shutdown is causing a major production shortfall and threatening current orders. I need prompt assistance because the situation is becoming serious.,FINANCIAL,INDUSTRIAL_GOODS,BUSINESS_STRATEGY_AND_PROJECT_PLANNING,BUSINESS_OPERATIONS_AND_LOGISTICS,HIGH,NEUTRAL
synthetic_tts/urgency_high_add_4447.wav,A sudden working-capital shortfall could prevent us from paying critical suppliers. This needs urgent review rather than a routine response.,FINANCIAL,INDUSTRIAL_GOODS,FINANCIAL_REPORTING_AND_OUTLOOK,FINANCIAL_METRICS_DETAIL,HIGH,FEAR
synthetic_tts/urgency_high_add_4448.wav,My elderly mother has suddenly become confused and cannot recognize anyone. Please escalate this quickly because the risk is increasing.,MEDICAL,MEDICAL_SPECIALTY,MEDICAL_SYMPTOM_AND_CONDITION,MEDICAL_CONDITION_OR_CLINICAL_STATE,HIGH,ANGER
synthetic_tts/urgency_high_add_4449.wav,I have severe chest pain together with shortness of breath and nausea. I need an urgent assessment and guidance on the next step.,MEDICAL,MEDICAL_SPECIALTY,MEDICAL_SYMPTOM_AND_CONDITION,MEDICAL_SYMPTOM,HIGH,FEAR
synthetic_tts/urgency_high_add_4450.wav,I inhaled chemical fumes and now have chest tightness and worsening breathing. This cannot wait for a normal review; please respond promptly.,MEDICAL,MEDICAL_SPECIALTY,MEDICAL_ADVICE_AND_TREATMENT,TREATMENT_OR_HEALTHCARE,HIGH,NEUTRAL
synthetic_tts/urgency_high_add_4451.wav,A critical technology project has failed and may cause a large unexpected financial loss. The situation is worsening and needs immediate attention.,FINANCIAL,TECHNOLOGY,BUSINESS_STRATEGY_AND_PROJECT_PLANNING,FINANCIAL_STRATEGY_AND_PLANNING,HIGH,FEAR
synthetic_tts/urgency_high_add_4452.wav,A serious governance issue has emerged involving a major healthcare contract. Please flag this as urgent and help me decide what to do next.,FINANCIAL,HEALTHCARE,FINANCIAL_OPERATIONS_RISK_AND_COMPLIANCE,BUSINESS_GOVERNANCE_AND_RELATIONS,HIGH,ANGER
synthetic_tts/urgency_high_add_4453.wav,I have sudden crushing pressure in my chest with sweating and severe weakness. Please treat this as a high priority and advise as soon as possible.,MEDICAL,MEDICAL_SPECIALTY,MEDICAL_SYMPTOM_AND_CONDITION,MEDICAL_SYMPTOM,HIGH,FEAR
synthetic_tts/urgency_high_add_4454.wav,I am struggling to breathe and my shortness of breath is getting worse quickly. I need prompt assistance because the situation is becoming serious.,MEDICAL,MEDICAL_SPECIALTY,MEDICAL_SYMPTOM_AND_CONDITION,MEDICAL_SYMPTOM,HIGH,NEUTRAL
synthetic_tts/urgency_high_add_4455.wav,One side of my face and arm suddenly feels weak and my speech is slurred. This needs urgent review rather than a routine response.,MEDICAL,MEDICAL_SPECIALTY,MEDICAL_SYMPTOM_AND_CONDITION,MEDICAL_SYMPTOM,HIGH,FEAR
synthetic_tts/urgency_high_add_4456.wav,Our cash position has fallen sharply and we may not meet near-term obligations. Please escalate this quickly because the risk is increasing.,FINANCIAL,HEALTHCARE,FINANCIAL_REPORTING_AND_OUTLOOK,FINANCIAL_METRICS_DETAIL,HIGH,ANGER
synthetic_tts/urgency_high_add_4457.wav,A regulatory decision could immediately suspend a major healthcare revenue stream. I need an urgent assessment and guidance on the next step.,FINANCIAL,HEALTHCARE,FINANCIAL_OPERATIONS_RISK_AND_COMPLIANCE,FINANCIAL_STRATEGY_AND_PLANNING,HIGH,FEAR
synthetic_tts/urgency_high_add_4458.wav,I am coughing up blood and feel extremely dizzy and weak. This cannot wait for a normal review; please respond promptly.,MEDICAL,MEDICAL_SPECIALTY,MEDICAL_SYMPTOM_AND_CONDITION,MEDICAL_SYMPTOM,HIGH,NEUTRAL
synthetic_tts/urgency_high_add_4459.wav,My father has collapsed and is barely responding after severe chest pain. The situation is worsening and needs immediate attention.,MEDICAL,MEDICAL_SPECIALTY,MEDICAL_SYMPTOM_AND_CONDITION,MEDICAL_CONDITION_OR_CLINICAL_STATE,HIGH,FEAR
synthetic_tts/urgency_high_add_4460.wav,My heart is beating irregularly and I feel like I may faint. Please flag this as urgent and help me decide what to do next.,MEDICAL,MEDICAL_SPECIALTY,MEDICAL_SYMPTOM_AND_CONDITION,MEDICAL_SYMPTOM,HIGH,ANGER
synthetic_tts/urgency_high_add_4461.wav,A major healthcare segment has reported an unexpected financial loss. Please treat this as a high priority and advise as soon as possible.,FINANCIAL,HEALTHCARE,FINANCIAL_PERFORMANCE_AND_SEGMENT_ANALYSIS,FINANCIAL_METRICS_DETAIL,HIGH,FEAR
synthetic_tts/urgency_high_add_4462.wav,An unexpected loss in a major business segment threatens our quarterly target. I need prompt assistance because the situation is becoming serious.,FINANCIAL,INDUSTRIAL_GOODS,FINANCIAL_PERFORMANCE_AND_SEGMENT_ANALYSIS,CORPORATE_FINANCIAL_PERFORMANCE,HIGH,NEUTRAL
synthetic_tts/urgency_critical_add_4463.wav,My child is having a seizure that has continued for several minutes. The situation is deteriorating rapidly and cannot wait.,MEDICAL,MEDICAL_SPECIALTY,MEDICAL_ADVICE_AND_TREATMENT,TREATMENT_OR_HEALTHCARE,CRITICAL,SURPRISE
synthetic_tts/urgency_critical_add_4464.wav,I have severe swelling of my lips and difficulty breathing after taking a medicine. I need emergency-level assistance right now.,MEDICAL,MEDICAL_SPECIALTY,MEDICAL_SYMPTOM_AND_CONDITION,MEDICATION_OR_DRUG,CRITICAL,NEUTRAL
synthetic_tts/urgency_critical_add_4465.wav,"My oxygen saturation has suddenly dropped and I am struggling to breathe. Waiting could cause serious harm, so this needs immediate attention.",MEDICAL,MEDICAL_SPECIALTY,MEDICATION_DIAGNOSTICS_AND_CLINICAL_RESEARCH,DIAGNOSTIC_TEST_OR_RESULT,CRITICAL,FEAR
synthetic_tts/urgency_critical_add_4466.wav,We detected a potentially fraudulent transfer involving a major corporate account. Please escalate this immediately because the risk is now critical.,FINANCIAL,TECHNOLOGY,FINANCIAL_OPERATIONS_RISK_AND_COMPLIANCE,GENERAL_BUSINESS_ADMINISTRATION,CRITICAL,FEAR
synthetic_tts/urgency_critical_add_4467.wav,A security incident has disrupted our financial systems and sensitive data may be exposed. This requires the fastest possible response.,FINANCIAL,TECHNOLOGY,FINANCIAL_OPERATIONS_RISK_AND_COMPLIANCE,TECHNOLOGY_AND_DIGITAL_INFRASTRUCTURE,CRITICAL,SURPRISE
synthetic_tts/urgency_critical_add_4468.wav,My elderly mother has suddenly become confused and cannot recognize anyone. Do not treat this as routine; I need immediate intervention.,MEDICAL,MEDICAL_SPECIALTY,MEDICAL_SYMPTOM_AND_CONDITION,MEDICAL_CONDITION_OR_CLINICAL_STATE,CRITICAL,NEUTRAL
synthetic_tts/urgency_critical_add_4469.wav,I have severe chest pain together with shortness of breath and nausea. This is an emergency and needs immediate escalation.,MEDICAL,MEDICAL_SPECIALTY,MEDICAL_SYMPTOM_AND_CONDITION,MEDICAL_SYMPTOM,CRITICAL,FEAR
synthetic_tts/urgency_critical_add_4470.wav,I inhaled chemical fumes and now have chest tightness and worsening breathing. Please treat this as critical and respond without delay.,MEDICAL,MEDICAL_SPECIALTY,MEDICAL_ADVICE_AND_TREATMENT,TREATMENT_OR_HEALTHCARE,CRITICAL,FEAR
synthetic_tts/urgency_critical_add_4471.wav,A sudden working-capital shortfall could prevent us from paying critical suppliers. The situation is deteriorating rapidly and cannot wait.,FINANCIAL,INDUSTRIAL_GOODS,FINANCIAL_REPORTING_AND_OUTLOOK,FINANCIAL_METRICS_DETAIL,CRITICAL,SURPRISE
synthetic_tts/urgency_critical_add_4472.wav,A major competitor has taken substantial market share and customer losses are accelerating. I need emergency-level assistance right now.,FINANCIAL,TECHNOLOGY,MARKET_AND_COMPETITIVE_OUTLOOK,MARKET_AND_INDUSTRY_ANALYSIS,CRITICAL,NEUTRAL
synthetic_tts/urgency_critical_add_4473.wav,"I have sudden crushing pressure in my chest with sweating and severe weakness. Waiting could cause serious harm, so this needs immediate attention.",MEDICAL,MEDICAL_SPECIALTY,MEDICAL_SYMPTOM_AND_CONDITION,MEDICAL_SYMPTOM,CRITICAL,FEAR
synthetic_tts/urgency_critical_add_4474.wav,I am struggling to breathe and my shortness of breath is getting worse quickly. Please escalate this immediately because the risk is now critical.,MEDICAL,MEDICAL_SPECIALTY,MEDICAL_SYMPTOM_AND_CONDITION,MEDICAL_SYMPTOM,CRITICAL,FEAR
synthetic_tts/urgency_critical_add_4475.wav,One side of my face and arm suddenly feels weak and my speech is slurred. This requires the fastest possible response.,MEDICAL,MEDICAL_SPECIALTY,MEDICAL_SYMPTOM_AND_CONDITION,MEDICAL_SYMPTOM,CRITICAL,SURPRISE
synthetic_tts/urgency_critical_add_4476.wav,A serious governance issue has emerged involving a major healthcare contract. Do not treat this as routine; I need immediate intervention.,FINANCIAL,HEALTHCARE,FINANCIAL_OPERATIONS_RISK_AND_COMPLIANCE,BUSINESS_GOVERNANCE_AND_RELATIONS,CRITICAL,NEUTRAL
synthetic_tts/urgency_critical_add_4477.wav,Our payment system has stopped processing transactions and customers cannot access their funds. This is an emergency and needs immediate escalation.,FINANCIAL,TECHNOLOGY,FINANCIAL_OPERATIONS_RISK_AND_COMPLIANCE,FINANCIAL_STRATEGY_AND_PLANNING,CRITICAL,FEAR
synthetic_tts/urgency_critical_add_4478.wav,I am coughing up blood and feel extremely dizzy and weak. Please treat this as critical and respond without delay.,MEDICAL,MEDICAL_SPECIALTY,MEDICAL_SYMPTOM_AND_CONDITION,MEDICAL_SYMPTOM,CRITICAL,FEAR
synthetic_tts/urgency_critical_add_4479.wav,My father has collapsed and is barely responding after severe chest pain. The situation is deteriorating rapidly and cannot wait.,MEDICAL,MEDICAL_SPECIALTY,MEDICAL_SYMPTOM_AND_CONDITION,MEDICAL_CONDITION_OR_CLINICAL_STATE,CRITICAL,SURPRISE
synthetic_tts/urgency_critical_add_4480.wav,My heart is beating irregularly and I feel like I may faint. I need emergency-level assistance right now.,MEDICAL,MEDICAL_SPECIALTY,MEDICAL_SYMPTOM_AND_CONDITION,MEDICAL_SYMPTOM,CRITICAL,NEUTRAL
synthetic_tts/urgency_critical_add_4481.wav,"A regulatory decision could immediately suspend a major healthcare revenue stream. Waiting could cause serious harm, so this needs immediate attention.",FINANCIAL,HEALTHCARE,FINANCIAL_OPERATIONS_RISK_AND_COMPLIANCE,FINANCIAL_STRATEGY_AND_PLANNING,CRITICAL,FEAR
synthetic_tts/urgency_critical_add_4482.wav,A factory shutdown is causing a major production shortfall and threatening current orders. Please escalate this immediately because the risk is now critical.,FINANCIAL,INDUSTRIAL_GOODS,BUSINESS_STRATEGY_AND_PROJECT_PLANNING,BUSINESS_OPERATIONS_AND_LOGISTICS,CRITICAL,FEAR
synthetic_tts/urgency_critical_add_4483.wav,My child is having a seizure that has continued for several minutes. This requires the fastest possible response.,MEDICAL,MEDICAL_SPECIALTY,MEDICAL_ADVICE_AND_TREATMENT,TREATMENT_OR_HEALTHCARE,CRITICAL,SURPRISE
synthetic_tts/urgency_critical_add_4484.wav,I have severe swelling of my lips and difficulty breathing after taking a medicine. Do not treat this as routine; I need immediate intervention.,MEDICAL,MEDICAL_SPECIALTY,MEDICAL_SYMPTOM_AND_CONDITION,MEDICATION_OR_DRUG,CRITICAL,NEUTRAL
synthetic_tts/urgency_critical_add_4485.wav,My oxygen saturation has suddenly dropped and I am struggling to breathe. This is an emergency and needs immediate escalation.,MEDICAL,MEDICAL_SPECIALTY,MEDICATION_DIAGNOSTICS_AND_CLINICAL_RESEARCH,DIAGNOSTIC_TEST_OR_RESULT,CRITICAL,FEAR
synthetic_tts/urgency_critical_add_4486.wav,An unexpected loss in a major business segment threatens our quarterly target. Please treat this as critical and respond without delay.,FINANCIAL,INDUSTRIAL_GOODS,FINANCIAL_PERFORMANCE_AND_SEGMENT_ANALYSIS,CORPORATE_FINANCIAL_PERFORMANCE,CRITICAL,FEAR
synthetic_tts/urgency_critical_add_4487.wav,A critical technology project has failed and may cause a large unexpected financial loss. The situation is deteriorating rapidly and cannot wait.,FINANCIAL,TECHNOLOGY,BUSINESS_STRATEGY_AND_PROJECT_PLANNING,FINANCIAL_STRATEGY_AND_PLANNING,CRITICAL,SURPRISE
synthetic_tts/urgency_critical_add_4488.wav,My elderly mother has suddenly become confused and cannot recognize anyone. I need emergency-level assistance right now.,MEDICAL,MEDICAL_SPECIALTY,MEDICAL_SYMPTOM_AND_CONDITION,MEDICAL_CONDITION_OR_CLINICAL_STATE,CRITICAL,NEUTRAL
synthetic_tts/urgency_critical_add_4489.wav,"I have severe chest pain together with shortness of breath and nausea. Waiting could cause serious harm, so this needs immediate attention.",MEDICAL,MEDICAL_SPECIALTY,MEDICAL_SYMPTOM_AND_CONDITION,MEDICAL_SYMPTOM,CRITICAL,FEAR
synthetic_tts/urgency_critical_add_4490.wav,I inhaled chemical fumes and now have chest tightness and worsening breathing. Please escalate this immediately because the risk is now critical.,MEDICAL,MEDICAL_SPECIALTY,MEDICAL_ADVICE_AND_TREATMENT,TREATMENT_OR_HEALTHCARE,CRITICAL,FEAR
synthetic_tts/urgency_critical_add_4491.wav,A security incident has disrupted our financial systems and sensitive data may be exposed. This requires the fastest possible response.,FINANCIAL,TECHNOLOGY,FINANCIAL_OPERATIONS_RISK_AND_COMPLIANCE,TECHNOLOGY_AND_DIGITAL_INFRASTRUCTURE,CRITICAL,SURPRISE
synthetic_tts/urgency_critical_add_4492.wav,Our cash position has fallen sharply and we may not meet near-term obligations. Do not treat this as routine; I need immediate intervention.,FINANCIAL,HEALTHCARE,FINANCIAL_REPORTING_AND_OUTLOOK,FINANCIAL_METRICS_DETAIL,CRITICAL,NEUTRAL
synthetic_tts/urgency_critical_add_4493.wav,I have sudden crushing pressure in my chest with sweating and severe weakness. This is an emergency and needs immediate escalation.,MEDICAL,MEDICAL_SPECIALTY,MEDICAL_SYMPTOM_AND_CONDITION,MEDICAL_SYMPTOM,CRITICAL,FEAR
synthetic_tts/urgency_critical_add_4494.wav,I am struggling to breathe and my shortness of breath is getting worse quickly. Please treat this as critical and respond without delay.,MEDICAL,MEDICAL_SPECIALTY,MEDICAL_SYMPTOM_AND_CONDITION,MEDICAL_SYMPTOM,CRITICAL,FEAR
synthetic_tts/urgency_critical_add_4495.wav,One side of my face and arm suddenly feels weak and my speech is slurred. The situation is deteriorating rapidly and cannot wait.,MEDICAL,MEDICAL_SPECIALTY,MEDICAL_SYMPTOM_AND_CONDITION,MEDICAL_SYMPTOM,CRITICAL,SURPRISE
synthetic_tts/urgency_critical_add_4496.wav,A major competitor has taken substantial market share and customer losses are accelerating. I need emergency-level assistance right now.,FINANCIAL,TECHNOLOGY,MARKET_AND_COMPETITIVE_OUTLOOK,MARKET_AND_INDUSTRY_ANALYSIS,CRITICAL,NEUTRAL
synthetic_tts/urgency_critical_add_4497.wav,"A major healthcare segment has reported an unexpected financial loss. Waiting could cause serious harm, so this needs immediate attention.",FINANCIAL,HEALTHCARE,FINANCIAL_PERFORMANCE_AND_SEGMENT_ANALYSIS,FINANCIAL_METRICS_DETAIL,CRITICAL,FEAR
synthetic_tts/urgency_critical_add_4498.wav,I am coughing up blood and feel extremely dizzy and weak. Please escalate this immediately because the risk is now critical.,MEDICAL,MEDICAL_SPECIALTY,MEDICAL_SYMPTOM_AND_CONDITION,MEDICAL_SYMPTOM,CRITICAL,FEAR
synthetic_tts/urgency_critical_add_4499.wav,My father has collapsed and is barely responding after severe chest pain. This requires the fastest possible response.,MEDICAL,MEDICAL_SPECIALTY,MEDICAL_SYMPTOM_AND_CONDITION,MEDICAL_CONDITION_OR_CLINICAL_STATE,CRITICAL,SURPRISE
synthetic_tts/urgency_critical_add_4500.wav,My heart is beating irregularly and I feel like I may faint. Do not treat this as routine; I need immediate intervention.,MEDICAL,MEDICAL_SPECIALTY,MEDICAL_SYMPTOM_AND_CONDITION,MEDICAL_SYMPTOM,CRITICAL,NEUTRAL
synthetic_tts/urgency_critical_add_4501.wav,Our payment system has stopped processing transactions and customers cannot access their funds. This is an emergency and needs immediate escalation.,FINANCIAL,TECHNOLOGY,FINANCIAL_OPERATIONS_RISK_AND_COMPLIANCE,FINANCIAL_STRATEGY_AND_PLANNING,CRITICAL,FEAR
synthetic_tts/urgency_critical_add_4502.wav,We detected a potentially fraudulent transfer involving a major corporate account. Please treat this as critical and respond without delay.,FINANCIAL,TECHNOLOGY,FINANCIAL_OPERATIONS_RISK_AND_COMPLIANCE,GENERAL_BUSINESS_ADMINISTRATION,CRITICAL,FEAR
synthetic_tts/urgency_critical_add_4503.wav,My child is having a seizure that has continued for several minutes. The situation is deteriorating rapidly and cannot wait.,MEDICAL,MEDICAL_SPECIALTY,MEDICAL_ADVICE_AND_TREATMENT,TREATMENT_OR_HEALTHCARE,CRITICAL,SURPRISE
synthetic_tts/urgency_critical_add_4504.wav,I have severe swelling of my lips and difficulty breathing after taking a medicine. I need emergency-level assistance right now.,MEDICAL,MEDICAL_SPECIALTY,MEDICAL_SYMPTOM_AND_CONDITION,MEDICATION_OR_DRUG,CRITICAL,NEUTRAL
synthetic_tts/urgency_critical_add_4505.wav,"My oxygen saturation has suddenly dropped and I am struggling to breathe. Waiting could cause serious harm, so this needs immediate attention.",MEDICAL,MEDICAL_SPECIALTY,MEDICATION_DIAGNOSTICS_AND_CLINICAL_RESEARCH,DIAGNOSTIC_TEST_OR_RESULT,CRITICAL,FEAR
synthetic_tts/urgency_critical_add_4506.wav,A factory shutdown is causing a major production shortfall and threatening current orders. Please escalate this immediately because the risk is now critical.,FINANCIAL,INDUSTRIAL_GOODS,BUSINESS_STRATEGY_AND_PROJECT_PLANNING,BUSINESS_OPERATIONS_AND_LOGISTICS,CRITICAL,FEAR
synthetic_tts/urgency_critical_add_4507.wav,A sudden working-capital shortfall could prevent us from paying critical suppliers. This requires the fastest possible response.,FINANCIAL,INDUSTRIAL_GOODS,FINANCIAL_REPORTING_AND_OUTLOOK,FINANCIAL_METRICS_DETAIL,CRITICAL,SURPRISE
synthetic_tts/urgency_critical_add_4508.wav,My elderly mother has suddenly become confused and cannot recognize anyone. Do not treat this as routine; I need immediate intervention.,MEDICAL,MEDICAL_SPECIALTY,MEDICAL_SYMPTOM_AND_CONDITION,MEDICAL_CONDITION_OR_CLINICAL_STATE,CRITICAL,NEUTRAL
synthetic_tts/urgency_critical_add_4509.wav,I have severe chest pain together with shortness of breath and nausea. This is an emergency and needs immediate escalation.,MEDICAL,MEDICAL_SPECIALTY,MEDICAL_SYMPTOM_AND_CONDITION,MEDICAL_SYMPTOM,CRITICAL,FEAR
synthetic_tts/urgency_critical_add_4510.wav,I inhaled chemical fumes and now have chest tightness and worsening breathing. Please treat this as critical and respond without delay.,MEDICAL,MEDICAL_SPECIALTY,MEDICAL_ADVICE_AND_TREATMENT,TREATMENT_OR_HEALTHCARE,CRITICAL,FEAR
synthetic_tts/urgency_critical_add_4511.wav,A critical technology project has failed and may cause a large unexpected financial loss. The situation is deteriorating rapidly and cannot wait.,FINANCIAL,TECHNOLOGY,BUSINESS_STRATEGY_AND_PROJECT_PLANNING,FINANCIAL_STRATEGY_AND_PLANNING,CRITICAL,SURPRISE
synthetic_tts/urgency_critical_add_4512.wav,A serious governance issue has emerged involving a major healthcare contract. I need emergency-level assistance right now.,FINANCIAL,HEALTHCARE,FINANCIAL_OPERATIONS_RISK_AND_COMPLIANCE,BUSINESS_GOVERNANCE_AND_RELATIONS,CRITICAL,NEUTRAL
synthetic_tts/urgency_critical_add_4513.wav,"I have sudden crushing pressure in my chest with sweating and severe weakness. Waiting could cause serious harm, so this needs immediate attention.",MEDICAL,MEDICAL_SPECIALTY,MEDICAL_SYMPTOM_AND_CONDITION,MEDICAL_SYMPTOM,CRITICAL,FEAR
synthetic_tts/urgency_critical_add_4514.wav,I am struggling to breathe and my shortness of breath is getting worse quickly. Please escalate this immediately because the risk is now critical.,MEDICAL,MEDICAL_SPECIALTY,MEDICAL_SYMPTOM_AND_CONDITION,MEDICAL_SYMPTOM,CRITICAL,FEAR
synthetic_tts/urgency_critical_add_4515.wav,One side of my face and arm suddenly feels weak and my speech is slurred. This requires the fastest possible response.,MEDICAL,MEDICAL_SPECIALTY,MEDICAL_SYMPTOM_AND_CONDITION,MEDICAL_SYMPTOM,CRITICAL,SURPRISE
synthetic_tts/urgency_critical_add_4516.wav,Our cash position has fallen sharply and we may not meet near-term obligations. Do not treat this as routine; I need immediate intervention.,FINANCIAL,HEALTHCARE,FINANCIAL_REPORTING_AND_OUTLOOK,FINANCIAL_METRICS_DETAIL,CRITICAL,NEUTRAL
synthetic_tts/urgency_critical_add_4517.wav,A regulatory decision could immediately suspend a major healthcare revenue stream. This is an emergency and needs immediate escalation.,FINANCIAL,HEALTHCARE,FINANCIAL_OPERATIONS_RISK_AND_COMPLIANCE,FINANCIAL_STRATEGY_AND_PLANNING,CRITICAL,FEAR
synthetic_tts/urgency_critical_add_4518.wav,I am coughing up blood and feel extremely dizzy and weak. Please treat this as critical and respond without delay.,MEDICAL,MEDICAL_SPECIALTY,MEDICAL_SYMPTOM_AND_CONDITION,MEDICAL_SYMPTOM,CRITICAL,FEAR
synthetic_tts/urgency_critical_add_4519.wav,My father has collapsed and is barely responding after severe chest pain. The situation is deteriorating rapidly and cannot wait.,MEDICAL,MEDICAL_SPECIALTY,MEDICAL_SYMPTOM_AND_CONDITION,MEDICAL_CONDITION_OR_CLINICAL_STATE,CRITICAL,SURPRISE
synthetic_tts/urgency_critical_add_4520.wav,My heart is beating irregularly and I feel like I may faint. I need emergency-level assistance right now.,MEDICAL,MEDICAL_SPECIALTY,MEDICAL_SYMPTOM_AND_CONDITION,MEDICAL_SYMPTOM,CRITICAL,NEUTRAL
synthetic_tts/urgency_critical_add_4521.wav,"A major healthcare segment has reported an unexpected financial loss. Waiting could cause serious harm, so this needs immediate attention.",FINANCIAL,HEALTHCARE,FINANCIAL_PERFORMANCE_AND_SEGMENT_ANALYSIS,FINANCIAL_METRICS_DETAIL,CRITICAL,FEAR
synthetic_tts/urgency_critical_add_4522.wav,An unexpected loss in a major business segment threatens our quarterly target. Please escalate this immediately because the risk is now critical.,FINANCIAL,INDUSTRIAL_GOODS,FINANCIAL_PERFORMANCE_AND_SEGMENT_ANALYSIS,CORPORATE_FINANCIAL_PERFORMANCE,CRITICAL,FEAR
synthetic_tts/urgency_critical_add_4523.wav,My child is having a seizure that has continued for several minutes. This requires the fastest possible response.,MEDICAL,MEDICAL_SPECIALTY,MEDICAL_ADVICE_AND_TREATMENT,TREATMENT_OR_HEALTHCARE,CRITICAL,SURPRISE
synthetic_tts/urgency_critical_add_4524.wav,I have severe swelling of my lips and difficulty breathing after taking a medicine. Do not treat this as routine; I need immediate intervention.,MEDICAL,MEDICAL_SPECIALTY,MEDICAL_SYMPTOM_AND_CONDITION,MEDICATION_OR_DRUG,CRITICAL,NEUTRAL
synthetic_tts/urgency_critical_add_4525.wav,My oxygen saturation has suddenly dropped and I am struggling to breathe. This is an emergency and needs immediate escalation.,MEDICAL,MEDICAL_SPECIALTY,MEDICATION_DIAGNOSTICS_AND_CLINICAL_RESEARCH,DIAGNOSTIC_TEST_OR_RESULT,CRITICAL,FEAR
synthetic_tts/urgency_critical_add_4526.wav,We detected a potentially fraudulent transfer involving a major corporate account. Please treat this as critical and respond without delay.,FINANCIAL,TECHNOLOGY,FINANCIAL_OPERATIONS_RISK_AND_COMPLIANCE,GENERAL_BUSINESS_ADMINISTRATION,CRITICAL,FEAR
synthetic_tts/urgency_critical_add_4527.wav,A security incident has disrupted our financial systems and sensitive data may be exposed. The situation is deteriorating rapidly and cannot wait.,FINANCIAL,TECHNOLOGY,FINANCIAL_OPERATIONS_RISK_AND_COMPLIANCE,TECHNOLOGY_AND_DIGITAL_INFRASTRUCTURE,CRITICAL,SURPRISE
synthetic_tts/urgency_critical_add_4528.wav,My elderly mother has suddenly become confused and cannot recognize anyone. I need emergency-level assistance right now.,MEDICAL,MEDICAL_SPECIALTY,MEDICAL_SYMPTOM_AND_CONDITION,MEDICAL_CONDITION_OR_CLINICAL_STATE,CRITICAL,NEUTRAL
synthetic_tts/urgency_critical_add_4529.wav,"I have severe chest pain together with shortness of breath and nausea. Waiting could cause serious harm, so this needs immediate attention.",MEDICAL,MEDICAL_SPECIALTY,MEDICAL_SYMPTOM_AND_CONDITION,MEDICAL_SYMPTOM,CRITICAL,FEAR
synthetic_tts/urgency_critical_add_4530.wav,I inhaled chemical fumes and now have chest tightness and worsening breathing. Please escalate this immediately because the risk is now critical.,MEDICAL,MEDICAL_SPECIALTY,MEDICAL_ADVICE_AND_TREATMENT,TREATMENT_OR_HEALTHCARE,CRITICAL,FEAR
synthetic_tts/urgency_critical_add_4531.wav,A sudden working-capital shortfall could prevent us from paying critical suppliers. This requires the fastest possible response.,FINANCIAL,INDUSTRIAL_GOODS,FINANCIAL_REPORTING_AND_OUTLOOK,FINANCIAL_METRICS_DETAIL,CRITICAL,SURPRISE
synthetic_tts/urgency_critical_add_4532.wav,A major competitor has taken substantial market share and customer losses are accelerating. Do not treat this as routine; I need immediate intervention.,FINANCIAL,TECHNOLOGY,MARKET_AND_COMPETITIVE_OUTLOOK,MARKET_AND_INDUSTRY_ANALYSIS,CRITICAL,NEUTRAL
synthetic_tts/urgency_critical_add_4533.wav,I have sudden crushing pressure in my chest with sweating and severe weakness. This is an emergency and needs immediate escalation.,MEDICAL,MEDICAL_SPECIALTY,MEDICAL_SYMPTOM_AND_CONDITION,MEDICAL_SYMPTOM,CRITICAL,FEAR
synthetic_tts/urgency_critical_add_4534.wav,I am struggling to breathe and my shortness of breath is getting worse quickly. Please treat this as critical and respond without delay.,MEDICAL,MEDICAL_SPECIALTY,MEDICAL_SYMPTOM_AND_CONDITION,MEDICAL_SYMPTOM,CRITICAL,FEAR
synthetic_tts/urgency_critical_add_4535.wav,One side of my face and arm suddenly feels weak and my speech is slurred. The situation is deteriorating rapidly and cannot wait.,MEDICAL,MEDICAL_SPECIALTY,MEDICAL_SYMPTOM_AND_CONDITION,MEDICAL_SYMPTOM,CRITICAL,SURPRISE
synthetic_tts/urgency_critical_add_4536.wav,A serious governance issue has emerged involving a major healthcare contract. I need emergency-level assistance right now.,FINANCIAL,HEALTHCARE,FINANCIAL_OPERATIONS_RISK_AND_COMPLIANCE,BUSINESS_GOVERNANCE_AND_RELATIONS,CRITICAL,NEUTRAL
synthetic_tts/urgency_critical_add_4537.wav,"Our payment system has stopped processing transactions and customers cannot access their funds. Waiting could cause serious harm, so this needs immediate attention.",FINANCIAL,TECHNOLOGY,FINANCIAL_OPERATIONS_RISK_AND_COMPLIANCE,FINANCIAL_STRATEGY_AND_PLANNING,CRITICAL,FEAR
synthetic_tts/urgency_critical_add_4538.wav,I am coughing up blood and feel extremely dizzy and weak. Please escalate this immediately because the risk is now critical.,MEDICAL,MEDICAL_SPECIALTY,MEDICAL_SYMPTOM_AND_CONDITION,MEDICAL_SYMPTOM,CRITICAL,FEAR
synthetic_tts/urgency_critical_add_4539.wav,My father has collapsed and is barely responding after severe chest pain. This requires the fastest possible response.,MEDICAL,MEDICAL_SPECIALTY,MEDICAL_SYMPTOM_AND_CONDITION,MEDICAL_CONDITION_OR_CLINICAL_STATE,CRITICAL,SURPRISE
synthetic_tts/urgency_critical_add_4540.wav,My heart is beating irregularly and I feel like I may faint. Do not treat this as routine; I need immediate intervention.,MEDICAL,MEDICAL_SPECIALTY,MEDICAL_SYMPTOM_AND_CONDITION,MEDICAL_SYMPTOM,CRITICAL,NEUTRAL
synthetic_tts/urgency_critical_add_4541.wav,A regulatory decision could immediately suspend a major healthcare revenue stream. This is an emergency and needs immediate escalation.,FINANCIAL,HEALTHCARE,FINANCIAL_OPERATIONS_RISK_AND_COMPLIANCE,FINANCIAL_STRATEGY_AND_PLANNING,CRITICAL,FEAR
synthetic_tts/urgency_critical_add_4542.wav,A factory shutdown is causing a major production shortfall and threatening current orders. Please treat this as critical and respond without delay.,FINANCIAL,INDUSTRIAL_GOODS,BUSINESS_STRATEGY_AND_PROJECT_PLANNING,BUSINESS_OPERATIONS_AND_LOGISTICS,CRITICAL,FEAR
synthetic_tts/urgency_critical_add_4543.wav,My child is having a seizure that has continued for several minutes. The situation is deteriorating rapidly and cannot wait.,MEDICAL,MEDICAL_SPECIALTY,MEDICAL_ADVICE_AND_TREATMENT,TREATMENT_OR_HEALTHCARE,CRITICAL,SURPRISE
synthetic_tts/urgency_critical_add_4544.wav,I have severe swelling of my lips and difficulty breathing after taking a medicine. I need emergency-level assistance right now.,MEDICAL,MEDICAL_SPECIALTY,MEDICAL_SYMPTOM_AND_CONDITION,MEDICATION_OR_DRUG,CRITICAL,NEUTRAL
synthetic_tts/urgency_critical_add_4545.wav,"My oxygen saturation has suddenly dropped and I am struggling to breathe. Waiting could cause serious harm, so this needs immediate attention.",MEDICAL,MEDICAL_SPECIALTY,MEDICATION_DIAGNOSTICS_AND_CLINICAL_RESEARCH,DIAGNOSTIC_TEST_OR_RESULT,CRITICAL,FEAR
synthetic_tts/urgency_critical_add_4546.wav,An unexpected loss in a major business segment threatens our quarterly target. Please escalate this immediately because the risk is now critical.,FINANCIAL,INDUSTRIAL_GOODS,FINANCIAL_PERFORMANCE_AND_SEGMENT_ANALYSIS,CORPORATE_FINANCIAL_PERFORMANCE,CRITICAL,FEAR
synthetic_tts/urgency_critical_add_4547.wav,A critical technology project has failed and may cause a large unexpected financial loss. This requires the fastest possible response.,FINANCIAL,TECHNOLOGY,BUSINESS_STRATEGY_AND_PROJECT_PLANNING,FINANCIAL_STRATEGY_AND_PLANNING,CRITICAL,SURPRISE
synthetic_tts/urgency_critical_add_4548.wav,My elderly mother has suddenly become confused and cannot recognize anyone. Do not treat this as routine; I need immediate intervention.,MEDICAL,MEDICAL_SPECIALTY,MEDICAL_SYMPTOM_AND_CONDITION,MEDICAL_CONDITION_OR_CLINICAL_STATE,CRITICAL,NEUTRAL
synthetic_tts/urgency_critical_add_4549.wav,I have severe chest pain together with shortness of breath and nausea. This is an emergency and needs immediate escalation.,MEDICAL,MEDICAL_SPECIALTY,MEDICAL_SYMPTOM_AND_CONDITION,MEDICAL_SYMPTOM,CRITICAL,FEAR
synthetic_tts/urgency_critical_add_4550.wav,I inhaled chemical fumes and now have chest tightness and worsening breathing. Please treat this as critical and respond without delay.,MEDICAL,MEDICAL_SPECIALTY,MEDICAL_ADVICE_AND_TREATMENT,TREATMENT_OR_HEALTHCARE,CRITICAL,FEAR
synthetic_tts/urgency_critical_add_4551.wav,A security incident has disrupted our financial systems and sensitive data may be exposed. The situation is deteriorating rapidly and cannot wait.,FINANCIAL,TECHNOLOGY,FINANCIAL_OPERATIONS_RISK_AND_COMPLIANCE,TECHNOLOGY_AND_DIGITAL_INFRASTRUCTURE,CRITICAL,SURPRISE
synthetic_tts/urgency_critical_add_4552.wav,Our cash position has fallen sharply and we may not meet near-term obligations. I need emergency-level assistance right now.,FINANCIAL,HEALTHCARE,FINANCIAL_REPORTING_AND_OUTLOOK,FINANCIAL_METRICS_DETAIL,CRITICAL,NEUTRAL
synthetic_tts/urgency_critical_add_4553.wav,"I have sudden crushing pressure in my chest with sweating and severe weakness. Waiting could cause serious harm, so this needs immediate attention.",MEDICAL,MEDICAL_SPECIALTY,MEDICAL_SYMPTOM_AND_CONDITION,MEDICAL_SYMPTOM,CRITICAL,FEAR
synthetic_tts/urgency_critical_add_4554.wav,I am struggling to breathe and my shortness of breath is getting worse quickly. Please escalate this immediately because the risk is now critical.,MEDICAL,MEDICAL_SPECIALTY,MEDICAL_SYMPTOM_AND_CONDITION,MEDICAL_SYMPTOM,CRITICAL,FEAR
synthetic_tts/urgency_critical_add_4555.wav,One side of my face and arm suddenly feels weak and my speech is slurred. This requires the fastest possible response.,MEDICAL,MEDICAL_SPECIALTY,MEDICAL_SYMPTOM_AND_CONDITION,MEDICAL_SYMPTOM,CRITICAL,SURPRISE
synthetic_tts/urgency_critical_add_4556.wav,A major competitor has taken substantial market share and customer losses are accelerating. Do not treat this as routine; I need immediate intervention.,FINANCIAL,TECHNOLOGY,MARKET_AND_COMPETITIVE_OUTLOOK,MARKET_AND_INDUSTRY_ANALYSIS,CRITICAL,NEUTRAL
synthetic_tts/urgency_critical_add_4557.wav,A major healthcare segment has reported an unexpected financial loss. This is an emergency and needs immediate escalation.,FINANCIAL,HEALTHCARE,FINANCIAL_PERFORMANCE_AND_SEGMENT_ANALYSIS,FINANCIAL_METRICS_DETAIL,CRITICAL,FEAR
synthetic_tts/urgency_critical_add_4558.wav,I am coughing up blood and feel extremely dizzy and weak. Please treat this as critical and respond without delay.,MEDICAL,MEDICAL_SPECIALTY,MEDICAL_SYMPTOM_AND_CONDITION,MEDICAL_SYMPTOM,CRITICAL,FEAR
synthetic_tts/urgency_critical_add_4559.wav,My father has collapsed and is barely responding after severe chest pain. The situation is deteriorating rapidly and cannot wait.,MEDICAL,MEDICAL_SPECIALTY,MEDICAL_SYMPTOM_AND_CONDITION,MEDICAL_CONDITION_OR_CLINICAL_STATE,CRITICAL,SURPRISE
synthetic_tts/urgency_critical_add_4560.wav,My heart is beating irregularly and I feel like I may faint. I need emergency-level assistance right now.,MEDICAL,MEDICAL_SPECIALTY,MEDICAL_SYMPTOM_AND_CONDITION,MEDICAL_SYMPTOM,CRITICAL,NEUTRAL
synthetic_tts/urgency_critical_add_4561.wav,"Our payment system has stopped processing transactions and customers cannot access their funds. Waiting could cause serious harm, so this needs immediate attention.",FINANCIAL,TECHNOLOGY,FINANCIAL_OPERATIONS_RISK_AND_COMPLIANCE,FINANCIAL_STRATEGY_AND_PLANNING,CRITICAL,FEAR
synthetic_tts/urgency_critical_add_4562.wav,We detected a potentially fraudulent transfer involving a major corporate account. Please escalate this immediately because the risk is now critical.,FINANCIAL,TECHNOLOGY,FINANCIAL_OPERATIONS_RISK_AND_COMPLIANCE,GENERAL_BUSINESS_ADMINISTRATION,CRITICAL,FEAR
synthetic_tts/urgency_critical_add_4563.wav,My child is having a seizure that has continued for several minutes. This requires the fastest possible response.,MEDICAL,MEDICAL_SPECIALTY,MEDICAL_ADVICE_AND_TREATMENT,TREATMENT_OR_HEALTHCARE,CRITICAL,SURPRISE
synthetic_tts/urgency_critical_add_4564.wav,I have severe swelling of my lips and difficulty breathing after taking a medicine. Do not treat this as routine; I need immediate intervention.,MEDICAL,MEDICAL_SPECIALTY,MEDICAL_SYMPTOM_AND_CONDITION,MEDICATION_OR_DRUG,CRITICAL,NEUTRAL
synthetic_tts/urgency_critical_add_4565.wav,My oxygen saturation has suddenly dropped and I am struggling to breathe. This is an emergency and needs immediate escalation.,MEDICAL,MEDICAL_SPECIALTY,MEDICATION_DIAGNOSTICS_AND_CLINICAL_RESEARCH,DIAGNOSTIC_TEST_OR_RESULT,CRITICAL,FEAR
synthetic_tts/urgency_critical_add_4566.wav,A factory shutdown is causing a major production shortfall and threatening current orders. Please treat this as critical and respond without delay.,FINANCIAL,INDUSTRIAL_GOODS,BUSINESS_STRATEGY_AND_PROJECT_PLANNING,BUSINESS_OPERATIONS_AND_LOGISTICS,CRITICAL,FEAR
synthetic_tts/urgency_critical_add_4567.wav,A sudden working-capital shortfall could prevent us from paying critical suppliers. The situation is deteriorating rapidly and cannot wait.,FINANCIAL,INDUSTRIAL_GOODS,FINANCIAL_REPORTING_AND_OUTLOOK,FINANCIAL_METRICS_DETAIL,CRITICAL,SURPRISE
synthetic_tts/urgency_critical_add_4568.wav,My elderly mother has suddenly become confused and cannot recognize anyone. I need emergency-level assistance right now.,MEDICAL,MEDICAL_SPECIALTY,MEDICAL_SYMPTOM_AND_CONDITION,MEDICAL_CONDITION_OR_CLINICAL_STATE,CRITICAL,NEUTRAL
synthetic_tts/urgency_critical_add_4569.wav,"I have severe chest pain together with shortness of breath and nausea. Waiting could cause serious harm, so this needs immediate attention.",MEDICAL,MEDICAL_SPECIALTY,MEDICAL_SYMPTOM_AND_CONDITION,MEDICAL_SYMPTOM,CRITICAL,FEAR
synthetic_tts/urgency_critical_add_4570.wav,I inhaled chemical fumes and now have chest tightness and worsening breathing. Please escalate this immediately because the risk is now critical.,MEDICAL,MEDICAL_SPECIALTY,MEDICAL_ADVICE_AND_TREATMENT,TREATMENT_OR_HEALTHCARE,CRITICAL,FEAR
synthetic_tts/urgency_critical_add_4571.wav,A critical technology project has failed and may cause a large unexpected financial loss. This requires the fastest possible response.,FINANCIAL,TECHNOLOGY,BUSINESS_STRATEGY_AND_PROJECT_PLANNING,FINANCIAL_STRATEGY_AND_PLANNING,CRITICAL,SURPRISE
synthetic_tts/urgency_critical_add_4572.wav,A serious governance issue has emerged involving a major healthcare contract. Do not treat this as routine; I need immediate intervention.,FINANCIAL,HEALTHCARE,FINANCIAL_OPERATIONS_RISK_AND_COMPLIANCE,BUSINESS_GOVERNANCE_AND_RELATIONS,CRITICAL,NEUTRAL
synthetic_tts/urgency_critical_add_4573.wav,I have sudden crushing pressure in my chest with sweating and severe weakness. This is an emergency and needs immediate escalation.,MEDICAL,MEDICAL_SPECIALTY,MEDICAL_SYMPTOM_AND_CONDITION,MEDICAL_SYMPTOM,CRITICAL,FEAR
synthetic_tts/urgency_critical_add_4574.wav,I am struggling to breathe and my shortness of breath is getting worse quickly. Please treat this as critical and respond without delay.,MEDICAL,MEDICAL_SPECIALTY,MEDICAL_SYMPTOM_AND_CONDITION,MEDICAL_SYMPTOM,CRITICAL,FEAR
synthetic_tts/urgency_critical_add_4575.wav,One side of my face and arm suddenly feels weak and my speech is slurred. The situation is deteriorating rapidly and cannot wait.,MEDICAL,MEDICAL_SPECIALTY,MEDICAL_SYMPTOM_AND_CONDITION,MEDICAL_SYMPTOM,CRITICAL,SURPRISE
synthetic_tts/urgency_critical_add_4576.wav,Our cash position has fallen sharply and we may not meet near-term obligations. I need emergency-level assistance right now.,FINANCIAL,HEALTHCARE,FINANCIAL_REPORTING_AND_OUTLOOK,FINANCIAL_METRICS_DETAIL,CRITICAL,NEUTRAL
synthetic_tts/urgency_critical_add_4577.wav,"A regulatory decision could immediately suspend a major healthcare revenue stream. Waiting could cause serious harm, so this needs immediate attention.",FINANCIAL,HEALTHCARE,FINANCIAL_OPERATIONS_RISK_AND_COMPLIANCE,FINANCIAL_STRATEGY_AND_PLANNING,CRITICAL,FEAR
synthetic_tts/urgency_critical_add_4578.wav,I am coughing up blood and feel extremely dizzy and weak. Please escalate this immediately because the risk is now critical.,MEDICAL,MEDICAL_SPECIALTY,MEDICAL_SYMPTOM_AND_CONDITION,MEDICAL_SYMPTOM,CRITICAL,FEAR
synthetic_tts/urgency_critical_add_4579.wav,My father has collapsed and is barely responding after severe chest pain. This requires the fastest possible response.,MEDICAL,MEDICAL_SPECIALTY,MEDICAL_SYMPTOM_AND_CONDITION,MEDICAL_CONDITION_OR_CLINICAL_STATE,CRITICAL,SURPRISE
synthetic_tts/urgency_critical_add_4580.wav,My heart is beating irregularly and I feel like I may faint. Do not treat this as routine; I need immediate intervention.,MEDICAL,MEDICAL_SPECIALTY,MEDICAL_SYMPTOM_AND_CONDITION,MEDICAL_SYMPTOM,CRITICAL,NEUTRAL
synthetic_tts/urgency_critical_add_4581.wav,A major healthcare segment has reported an unexpected financial loss. This is an emergency and needs immediate escalation.,FINANCIAL,HEALTHCARE,FINANCIAL_PERFORMANCE_AND_SEGMENT_ANALYSIS,FINANCIAL_METRICS_DETAIL,CRITICAL,FEAR
synthetic_tts/urgency_critical_add_4582.wav,An unexpected loss in a major business segment threatens our quarterly target. Please treat this as critical and respond without delay.,FINANCIAL,INDUSTRIAL_GOODS,FINANCIAL_PERFORMANCE_AND_SEGMENT_ANALYSIS,CORPORATE_FINANCIAL_PERFORMANCE,CRITICAL,FEAR
synthetic_tts/urgency_critical_add_4583.wav,My child is having a seizure that has continued for several minutes. The situation is deteriorating rapidly and cannot wait.,MEDICAL,MEDICAL_SPECIALTY,MEDICAL_ADVICE_AND_TREATMENT,TREATMENT_OR_HEALTHCARE,CRITICAL,SURPRISE
synthetic_tts/urgency_critical_add_4584.wav,I have severe swelling of my lips and difficulty breathing after taking a medicine. I need emergency-level assistance right now.,MEDICAL,MEDICAL_SPECIALTY,MEDICAL_SYMPTOM_AND_CONDITION,MEDICATION_OR_DRUG,CRITICAL,NEUTRAL
synthetic_tts/urgency_critical_add_4585.wav,"My oxygen saturation has suddenly dropped and I am struggling to breathe. Waiting could cause serious harm, so this needs immediate attention.",MEDICAL,MEDICAL_SPECIALTY,MEDICATION_DIAGNOSTICS_AND_CLINICAL_RESEARCH,DIAGNOSTIC_TEST_OR_RESULT,CRITICAL,FEAR
synthetic_tts/urgency_critical_add_4586.wav,We detected a potentially fraudulent transfer involving a major corporate account. Please escalate this immediately because the risk is now critical.,FINANCIAL,TECHNOLOGY,FINANCIAL_OPERATIONS_RISK_AND_COMPLIANCE,GENERAL_BUSINESS_ADMINISTRATION,CRITICAL,FEAR
synthetic_tts/urgency_critical_add_4587.wav,A security incident has disrupted our financial systems and sensitive data may be exposed. This requires the fastest possible response.,FINANCIAL,TECHNOLOGY,FINANCIAL_OPERATIONS_RISK_AND_COMPLIANCE,TECHNOLOGY_AND_DIGITAL_INFRASTRUCTURE,CRITICAL,SURPRISE
synthetic_tts/urgency_critical_add_4588.wav,My elderly mother has suddenly become confused and cannot recognize anyone. Do not treat this as routine; I need immediate intervention.,MEDICAL,MEDICAL_SPECIALTY,MEDICAL_SYMPTOM_AND_CONDITION,MEDICAL_CONDITION_OR_CLINICAL_STATE,CRITICAL,NEUTRAL
synthetic_tts/urgency_critical_add_4589.wav,I have severe chest pain together with shortness of breath and nausea. This is an emergency and needs immediate escalation.,MEDICAL,MEDICAL_SPECIALTY,MEDICAL_SYMPTOM_AND_CONDITION,MEDICAL_SYMPTOM,CRITICAL,FEAR
synthetic_tts/urgency_critical_add_4590.wav,I inhaled chemical fumes and now have chest tightness and worsening breathing. Please treat this as critical and respond without delay.,MEDICAL,MEDICAL_SPECIALTY,MEDICAL_ADVICE_AND_TREATMENT,TREATMENT_OR_HEALTHCARE,CRITICAL,FEAR
synthetic_tts/urgency_critical_add_4591.wav,A sudden working-capital shortfall could prevent us from paying critical suppliers. The situation is deteriorating rapidly and cannot wait.,FINANCIAL,INDUSTRIAL_GOODS,FINANCIAL_REPORTING_AND_OUTLOOK,FINANCIAL_METRICS_DETAIL,CRITICAL,SURPRISE
synthetic_tts/urgency_critical_add_4592.wav,A major competitor has taken substantial market share and customer losses are accelerating. I need emergency-level assistance right now.,FINANCIAL,TECHNOLOGY,MARKET_AND_COMPETITIVE_OUTLOOK,MARKET_AND_INDUSTRY_ANALYSIS,CRITICAL,NEUTRAL
synthetic_tts/urgency_critical_add_4593.wav,"I have sudden crushing pressure in my chest with sweating and severe weakness. Waiting could cause serious harm, so this needs immediate attention.",MEDICAL,MEDICAL_SPECIALTY,MEDICAL_SYMPTOM_AND_CONDITION,MEDICAL_SYMPTOM,CRITICAL,FEAR
synthetic_tts/urgency_critical_add_4594.wav,I am struggling to breathe and my shortness of breath is getting worse quickly. Please escalate this immediately because the risk is now critical.,MEDICAL,MEDICAL_SPECIALTY,MEDICAL_SYMPTOM_AND_CONDITION,MEDICAL_SYMPTOM,CRITICAL,FEAR
synthetic_tts/urgency_critical_add_4595.wav,One side of my face and arm suddenly feels weak and my speech is slurred. This requires the fastest possible response.,MEDICAL,MEDICAL_SPECIALTY,MEDICAL_SYMPTOM_AND_CONDITION,MEDICAL_SYMPTOM,CRITICAL,SURPRISE
synthetic_tts/urgency_critical_add_4596.wav,A serious governance issue has emerged involving a major healthcare contract. Do not treat this as routine; I need immediate intervention.,FINANCIAL,HEALTHCARE,FINANCIAL_OPERATIONS_RISK_AND_COMPLIANCE,BUSINESS_GOVERNANCE_AND_RELATIONS,CRITICAL,NEUTRAL
synthetic_tts/urgency_critical_add_4597.wav,Our payment system has stopped processing transactions and customers cannot access their funds. This is an emergency and needs immediate escalation.,FINANCIAL,TECHNOLOGY,FINANCIAL_OPERATIONS_RISK_AND_COMPLIANCE,FINANCIAL_STRATEGY_AND_PLANNING,CRITICAL,FEAR
synthetic_tts/urgency_critical_add_4598.wav,I am coughing up blood and feel extremely dizzy and weak. Please treat this as critical and respond without delay.,MEDICAL,MEDICAL_SPECIALTY,MEDICAL_SYMPTOM_AND_CONDITION,MEDICAL_SYMPTOM,CRITICAL,FEAR
synthetic_tts/urgency_critical_add_4599.wav,My father has collapsed and is barely responding after severe chest pain. The situation is deteriorating rapidly and cannot wait.,MEDICAL,MEDICAL_SPECIALTY,MEDICAL_SYMPTOM_AND_CONDITION,MEDICAL_CONDITION_OR_CLINICAL_STATE,CRITICAL,SURPRISE
synthetic_tts/urgency_critical_add_4600.wav,My heart is beating irregularly and I feel like I may faint. I need emergency-level assistance right now.,MEDICAL,MEDICAL_SPECIALTY,MEDICAL_SYMPTOM_AND_CONDITION,MEDICAL_SYMPTOM,CRITICAL,NEUTRAL
synthetic_tts/urgency_critical_add_4601.wav,"A regulatory decision could immediately suspend a major healthcare revenue stream. Waiting could cause serious harm, so this needs immediate attention.",FINANCIAL,HEALTHCARE,FINANCIAL_OPERATIONS_RISK_AND_COMPLIANCE,FINANCIAL_STRATEGY_AND_PLANNING,CRITICAL,FEAR
synthetic_tts/urgency_critical_add_4602.wav,A factory shutdown is causing a major production shortfall and threatening current orders. Please escalate this immediately because the risk is now critical.,FINANCIAL,INDUSTRIAL_GOODS,BUSINESS_STRATEGY_AND_PROJECT_PLANNING,BUSINESS_OPERATIONS_AND_LOGISTICS,CRITICAL,FEAR
synthetic_tts/urgency_critical_add_4603.wav,My child is having a seizure that has continued for several minutes. This requires the fastest possible response.,MEDICAL,MEDICAL_SPECIALTY,MEDICAL_ADVICE_AND_TREATMENT,TREATMENT_OR_HEALTHCARE,CRITICAL,SURPRISE
synthetic_tts/urgency_critical_add_4604.wav,I have severe swelling of my lips and difficulty breathing after taking a medicine. Do not treat this as routine; I need immediate intervention.,MEDICAL,MEDICAL_SPECIALTY,MEDICAL_SYMPTOM_AND_CONDITION,MEDICATION_OR_DRUG,CRITICAL,NEUTRAL
synthetic_tts/urgency_critical_add_4605.wav,My oxygen saturation has suddenly dropped and I am struggling to breathe. This is an emergency and needs immediate escalation.,MEDICAL,MEDICAL_SPECIALTY,MEDICATION_DIAGNOSTICS_AND_CLINICAL_RESEARCH,DIAGNOSTIC_TEST_OR_RESULT,CRITICAL,FEAR
synthetic_tts/urgency_critical_add_4606.wav,An unexpected loss in a major business segment threatens our quarterly target. Please treat this as critical and respond without delay.,FINANCIAL,INDUSTRIAL_GOODS,FINANCIAL_PERFORMANCE_AND_SEGMENT_ANALYSIS,CORPORATE_FINANCIAL_PERFORMANCE,CRITICAL,FEAR
synthetic_tts/urgency_critical_add_4607.wav,A critical technology project has failed and may cause a large unexpected financial loss. The situation is deteriorating rapidly and cannot wait.,FINANCIAL,TECHNOLOGY,BUSINESS_STRATEGY_AND_PROJECT_PLANNING,FINANCIAL_STRATEGY_AND_PLANNING,CRITICAL,SURPRISE
synthetic_tts/urgency_critical_add_4608.wav,My elderly mother has suddenly become confused and cannot recognize anyone. I need emergency-level assistance right now.,MEDICAL,MEDICAL_SPECIALTY,MEDICAL_SYMPTOM_AND_CONDITION,MEDICAL_CONDITION_OR_CLINICAL_STATE,CRITICAL,NEUTRAL
synthetic_tts/urgency_critical_add_4609.wav,"I have severe chest pain together with shortness of breath and nausea. Waiting could cause serious harm, so this needs immediate attention.",MEDICAL,MEDICAL_SPECIALTY,MEDICAL_SYMPTOM_AND_CONDITION,MEDICAL_SYMPTOM,CRITICAL,FEAR
synthetic_tts/urgency_critical_add_4610.wav,I inhaled chemical fumes and now have chest tightness and worsening breathing. Please escalate this immediately because the risk is now critical.,MEDICAL,MEDICAL_SPECIALTY,MEDICAL_ADVICE_AND_TREATMENT,TREATMENT_OR_HEALTHCARE,CRITICAL,FEAR
synthetic_tts/urgency_critical_add_4611.wav,A security incident has disrupted our financial systems and sensitive data may be exposed. This requires the fastest possible response.,FINANCIAL,TECHNOLOGY,FINANCIAL_OPERATIONS_RISK_AND_COMPLIANCE,TECHNOLOGY_AND_DIGITAL_INFRASTRUCTURE,CRITICAL,SURPRISE
synthetic_tts/urgency_critical_add_4612.wav,Our cash position has fallen sharply and we may not meet near-term obligations. Do not treat this as routine; I need immediate intervention.,FINANCIAL,HEALTHCARE,FINANCIAL_REPORTING_AND_OUTLOOK,FINANCIAL_METRICS_DETAIL,CRITICAL,NEUTRAL
synthetic_tts/urgency_critical_add_4613.wav,I have sudden crushing pressure in my chest with sweating and severe weakness. This is an emergency and needs immediate escalation.,MEDICAL,MEDICAL_SPECIALTY,MEDICAL_SYMPTOM_AND_CONDITION,MEDICAL_SYMPTOM,CRITICAL,FEAR
synthetic_tts/urgency_critical_add_4614.wav,I am struggling to breathe and my shortness of breath is getting worse quickly. Please treat this as critical and respond without delay.,MEDICAL,MEDICAL_SPECIALTY,MEDICAL_SYMPTOM_AND_CONDITION,MEDICAL_SYMPTOM,CRITICAL,FEAR
synthetic_tts/urgency_critical_add_4615.wav,One side of my face and arm suddenly feels weak and my speech is slurred. The situation is deteriorating rapidly and cannot wait.,MEDICAL,MEDICAL_SPECIALTY,MEDICAL_SYMPTOM_AND_CONDITION,MEDICAL_SYMPTOM,CRITICAL,SURPRISE
synthetic_tts/urgency_critical_add_4616.wav,A major competitor has taken substantial market share and customer losses are accelerating. I need emergency-level assistance right now.,FINANCIAL,TECHNOLOGY,MARKET_AND_COMPETITIVE_OUTLOOK,MARKET_AND_INDUSTRY_ANALYSIS,CRITICAL,NEUTRAL
synthetic_tts/urgency_critical_add_4617.wav,"A major healthcare segment has reported an unexpected financial loss. Waiting could cause serious harm, so this needs immediate attention.",FINANCIAL,HEALTHCARE,FINANCIAL_PERFORMANCE_AND_SEGMENT_ANALYSIS,FINANCIAL_METRICS_DETAIL,CRITICAL,FEAR
synthetic_tts/urgency_critical_add_4618.wav,I am coughing up blood and feel extremely dizzy and weak. Please escalate this immediately because the risk is now critical.,MEDICAL,MEDICAL_SPECIALTY,MEDICAL_SYMPTOM_AND_CONDITION,MEDICAL_SYMPTOM,CRITICAL,FEAR
synthetic_tts/urgency_critical_add_4619.wav,My father has collapsed and is barely responding after severe chest pain. This requires the fastest possible response.,MEDICAL,MEDICAL_SPECIALTY,MEDICAL_SYMPTOM_AND_CONDITION,MEDICAL_CONDITION_OR_CLINICAL_STATE,CRITICAL,SURPRISE
synthetic_tts/urgency_critical_add_4620.wav,My heart is beating irregularly and I feel like I may faint. Do not treat this as routine; I need immediate intervention.,MEDICAL,MEDICAL_SPECIALTY,MEDICAL_SYMPTOM_AND_CONDITION,MEDICAL_SYMPTOM,CRITICAL,NEUTRAL
synthetic_tts/urgency_critical_add_4621.wav,Our payment system has stopped processing transactions and customers cannot access their funds. This is an emergency and needs immediate escalation.,FINANCIAL,TECHNOLOGY,FINANCIAL_OPERATIONS_RISK_AND_COMPLIANCE,FINANCIAL_STRATEGY_AND_PLANNING,CRITICAL,FEAR
synthetic_tts/urgency_critical_add_4622.wav,We detected a potentially fraudulent transfer involving a major corporate account. Please treat this as critical and respond without delay.,FINANCIAL,TECHNOLOGY,FINANCIAL_OPERATIONS_RISK_AND_COMPLIANCE,GENERAL_BUSINESS_ADMINISTRATION,CRITICAL,FEAR
synthetic_tts/urgency_critical_add_4623.wav,My child is having a seizure that has continued for several minutes. The situation is deteriorating rapidly and cannot wait.,MEDICAL,MEDICAL_SPECIALTY,MEDICAL_ADVICE_AND_TREATMENT,TREATMENT_OR_HEALTHCARE,CRITICAL,SURPRISE
synthetic_tts/urgency_critical_add_4624.wav,I have severe swelling of my lips and difficulty breathing after taking a medicine. I need emergency-level assistance right now.,MEDICAL,MEDICAL_SPECIALTY,MEDICAL_SYMPTOM_AND_CONDITION,MEDICATION_OR_DRUG,CRITICAL,NEUTRAL
synthetic_tts/urgency_critical_add_4625.wav,"My oxygen saturation has suddenly dropped and I am struggling to breathe. Waiting could cause serious harm, so this needs immediate attention.",MEDICAL,MEDICAL_SPECIALTY,MEDICATION_DIAGNOSTICS_AND_CLINICAL_RESEARCH,DIAGNOSTIC_TEST_OR_RESULT,CRITICAL,FEAR
synthetic_tts/urgency_critical_add_4626.wav,A factory shutdown is causing a major production shortfall and threatening current orders. Please escalate this immediately because the risk is now critical.,FINANCIAL,INDUSTRIAL_GOODS,BUSINESS_STRATEGY_AND_PROJECT_PLANNING,BUSINESS_OPERATIONS_AND_LOGISTICS,CRITICAL,FEAR
synthetic_tts/urgency_critical_add_4627.wav,A sudden working-capital shortfall could prevent us from paying critical suppliers. This requires the fastest possible response.,FINANCIAL,INDUSTRIAL_GOODS,FINANCIAL_REPORTING_AND_OUTLOOK,FINANCIAL_METRICS_DETAIL,CRITICAL,SURPRISE
synthetic_tts/urgency_critical_add_4628.wav,My elderly mother has suddenly become confused and cannot recognize anyone. Do not treat this as routine; I need immediate intervention.,MEDICAL,MEDICAL_SPECIALTY,MEDICAL_SYMPTOM_AND_CONDITION,MEDICAL_CONDITION_OR_CLINICAL_STATE,CRITICAL,NEUTRAL
synthetic_tts/urgency_critical_add_4629.wav,I have severe chest pain together with shortness of breath and nausea. This is an emergency and needs immediate escalation.,MEDICAL,MEDICAL_SPECIALTY,MEDICAL_SYMPTOM_AND_CONDITION,MEDICAL_SYMPTOM,CRITICAL,FEAR
synthetic_tts/urgency_critical_add_4630.wav,I inhaled chemical fumes and now have chest tightness and worsening breathing. Please treat this as critical and respond without delay.,MEDICAL,MEDICAL_SPECIALTY,MEDICAL_ADVICE_AND_TREATMENT,TREATMENT_OR_HEALTHCARE,CRITICAL,FEAR
synthetic_tts/urgency_critical_add_4631.wav,A critical technology project has failed and may cause a large unexpected financial loss. The situation is deteriorating rapidly and cannot wait.,FINANCIAL,TECHNOLOGY,BUSINESS_STRATEGY_AND_PROJECT_PLANNING,FINANCIAL_STRATEGY_AND_PLANNING,CRITICAL,SURPRISE
synthetic_tts/urgency_critical_add_4632.wav,A serious governance issue has emerged involving a major healthcare contract. I need emergency-level assistance right now.,FINANCIAL,HEALTHCARE,FINANCIAL_OPERATIONS_RISK_AND_COMPLIANCE,BUSINESS_GOVERNANCE_AND_RELATIONS,CRITICAL,NEUTRAL
synthetic_tts/urgency_critical_add_4633.wav,"I have sudden crushing pressure in my chest with sweating and severe weakness. Waiting could cause serious harm, so this needs immediate attention.",MEDICAL,MEDICAL_SPECIALTY,MEDICAL_SYMPTOM_AND_CONDITION,MEDICAL_SYMPTOM,CRITICAL,FEAR
synthetic_tts/urgency_critical_add_4634.wav,I am struggling to breathe and my shortness of breath is getting worse quickly. Please escalate this immediately because the risk is now critical.,MEDICAL,MEDICAL_SPECIALTY,MEDICAL_SYMPTOM_AND_CONDITION,MEDICAL_SYMPTOM,CRITICAL,FEAR
synthetic_tts/urgency_critical_add_4635.wav,One side of my face and arm suddenly feels weak and my speech is slurred. This requires the fastest possible response.,MEDICAL,MEDICAL_SPECIALTY,MEDICAL_SYMPTOM_AND_CONDITION,MEDICAL_SYMPTOM,CRITICAL,SURPRISE
synthetic_tts/urgency_critical_add_4636.wav,Our cash position has fallen sharply and we may not meet near-term obligations. Do not treat this as routine; I need immediate intervention.,FINANCIAL,HEALTHCARE,FINANCIAL_REPORTING_AND_OUTLOOK,FINANCIAL_METRICS_DETAIL,CRITICAL,NEUTRAL
synthetic_tts/urgency_critical_add_4637.wav,A regulatory decision could immediately suspend a major healthcare revenue stream. This is an emergency and needs immediate escalation.,FINANCIAL,HEALTHCARE,FINANCIAL_OPERATIONS_RISK_AND_COMPLIANCE,FINANCIAL_STRATEGY_AND_PLANNING,CRITICAL,FEAR
synthetic_tts/urgency_critical_add_4638.wav,I am coughing up blood and feel extremely dizzy and weak. Please treat this as critical and respond without delay.,MEDICAL,MEDICAL_SPECIALTY,MEDICAL_SYMPTOM_AND_CONDITION,MEDICAL_SYMPTOM,CRITICAL,FEAR
synthetic_tts/urgency_critical_add_4639.wav,My father has collapsed and is barely responding after severe chest pain. The situation is deteriorating rapidly and cannot wait.,MEDICAL,MEDICAL_SPECIALTY,MEDICAL_SYMPTOM_AND_CONDITION,MEDICAL_CONDITION_OR_CLINICAL_STATE,CRITICAL,SURPRISE
synthetic_tts/urgency_critical_add_4640.wav,My heart is beating irregularly and I feel like I may faint. I need emergency-level assistance right now.,MEDICAL,MEDICAL_SPECIALTY,MEDICAL_SYMPTOM_AND_CONDITION,MEDICAL_SYMPTOM,CRITICAL,NEUTRAL
synthetic_tts/urgency_critical_add_4641.wav,"A major healthcare segment has reported an unexpected financial loss. Waiting could cause serious harm, so this needs immediate attention.",FINANCIAL,HEALTHCARE,FINANCIAL_PERFORMANCE_AND_SEGMENT_ANALYSIS,FINANCIAL_METRICS_DETAIL,CRITICAL,FEAR
synthetic_tts/urgency_critical_add_4642.wav,An unexpected loss in a major business segment threatens our quarterly target. Please escalate this immediately because the risk is now critical.,FINANCIAL,INDUSTRIAL_GOODS,FINANCIAL_PERFORMANCE_AND_SEGMENT_ANALYSIS,CORPORATE_FINANCIAL_PERFORMANCE,CRITICAL,FEAR
synthetic_tts/urgency_critical_add_4643.wav,My child is having a seizure that has continued for several minutes. This requires the fastest possible response.,MEDICAL,MEDICAL_SPECIALTY,MEDICAL_ADVICE_AND_TREATMENT,TREATMENT_OR_HEALTHCARE,CRITICAL,SURPRISE
synthetic_tts/urgency_critical_add_4644.wav,I have severe swelling of my lips and difficulty breathing after taking a medicine. Do not treat this as routine; I need immediate intervention.,MEDICAL,MEDICAL_SPECIALTY,MEDICAL_SYMPTOM_AND_CONDITION,MEDICATION_OR_DRUG,CRITICAL,NEUTRAL
synthetic_tts/urgency_critical_add_4645.wav,My oxygen saturation has suddenly dropped and I am struggling to breathe. This is an emergency and needs immediate escalation.,MEDICAL,MEDICAL_SPECIALTY,MEDICATION_DIAGNOSTICS_AND_CLINICAL_RESEARCH,DIAGNOSTIC_TEST_OR_RESULT,CRITICAL,FEAR
synthetic_tts/urgency_critical_add_4646.wav,We detected a potentially fraudulent transfer involving a major corporate account. Please treat this as critical and respond without delay.,FINANCIAL,TECHNOLOGY,FINANCIAL_OPERATIONS_RISK_AND_COMPLIANCE,GENERAL_BUSINESS_ADMINISTRATION,CRITICAL,FEAR
synthetic_tts/urgency_critical_add_4647.wav,A security incident has disrupted our financial systems and sensitive data may be exposed. The situation is deteriorating rapidly and cannot wait.,FINANCIAL,TECHNOLOGY,FINANCIAL_OPERATIONS_RISK_AND_COMPLIANCE,TECHNOLOGY_AND_DIGITAL_INFRASTRUCTURE,CRITICAL,SURPRISE
synthetic_tts/urgency_critical_add_4648.wav,My elderly mother has suddenly become confused and cannot recognize anyone. I need emergency-level assistance right now.,MEDICAL,MEDICAL_SPECIALTY,MEDICAL_SYMPTOM_AND_CONDITION,MEDICAL_CONDITION_OR_CLINICAL_STATE,CRITICAL,NEUTRAL
synthetic_tts/urgency_critical_add_4649.wav,"I have severe chest pain together with shortness of breath and nausea. Waiting could cause serious harm, so this needs immediate attention.",MEDICAL,MEDICAL_SPECIALTY,MEDICAL_SYMPTOM_AND_CONDITION,MEDICAL_SYMPTOM,CRITICAL,FEAR
synthetic_tts/urgency_critical_add_4650.wav,I inhaled chemical fumes and now have chest tightness and worsening breathing. Please escalate this immediately because the risk is now critical.,MEDICAL,MEDICAL_SPECIALTY,MEDICAL_ADVICE_AND_TREATMENT,TREATMENT_OR_HEALTHCARE,CRITICAL,FEAR
synthetic_tts/urgency_critical_add_4651.wav,A sudden working-capital shortfall could prevent us from paying critical suppliers. This requires the fastest possible response.,FINANCIAL,INDUSTRIAL_GOODS,FINANCIAL_REPORTING_AND_OUTLOOK,FINANCIAL_METRICS_DETAIL,CRITICAL,SURPRISE
synthetic_tts/urgency_critical_add_4652.wav,A major competitor has taken substantial market share and customer losses are accelerating. Do not treat this as routine; I need immediate intervention.,FINANCIAL,TECHNOLOGY,MARKET_AND_COMPETITIVE_OUTLOOK,MARKET_AND_INDUSTRY_ANALYSIS,CRITICAL,NEUTRAL
synthetic_tts/urgency_critical_add_4653.wav,I have sudden crushing pressure in my chest with sweating and severe weakness. This is an emergency and needs immediate escalation.,MEDICAL,MEDICAL_SPECIALTY,MEDICAL_SYMPTOM_AND_CONDITION,MEDICAL_SYMPTOM,CRITICAL,FEAR
synthetic_tts/urgency_critical_add_4654.wav,I am struggling to breathe and my shortness of breath is getting worse quickly. Please treat this as critical and respond without delay.,MEDICAL,MEDICAL_SPECIALTY,MEDICAL_SYMPTOM_AND_CONDITION,MEDICAL_SYMPTOM,CRITICAL,FEAR
synthetic_tts/urgency_critical_add_4655.wav,One side of my face and arm suddenly feels weak and my speech is slurred. The situation is deteriorating rapidly and cannot wait.,MEDICAL,MEDICAL_SPECIALTY,MEDICAL_SYMPTOM_AND_CONDITION,MEDICAL_SYMPTOM,CRITICAL,SURPRISE
synthetic_tts/urgency_critical_add_4656.wav,A serious governance issue has emerged involving a major healthcare contract. I need emergency-level assistance right now.,FINANCIAL,HEALTHCARE,FINANCIAL_OPERATIONS_RISK_AND_COMPLIANCE,BUSINESS_GOVERNANCE_AND_RELATIONS,CRITICAL,NEUTRAL
synthetic_tts/urgency_critical_add_4657.wav,"Our payment system has stopped processing transactions and customers cannot access their funds. Waiting could cause serious harm, so this needs immediate attention.",FINANCIAL,TECHNOLOGY,FINANCIAL_OPERATIONS_RISK_AND_COMPLIANCE,FINANCIAL_STRATEGY_AND_PLANNING,CRITICAL,FEAR
synthetic_tts/urgency_critical_add_4658.wav,I am coughing up blood and feel extremely dizzy and weak. Please escalate this immediately because the risk is now critical.,MEDICAL,MEDICAL_SPECIALTY,MEDICAL_SYMPTOM_AND_CONDITION,MEDICAL_SYMPTOM,CRITICAL,FEAR
synthetic_tts/urgency_critical_add_4659.wav,My father has collapsed and is barely responding after severe chest pain. This requires the fastest possible response.,MEDICAL,MEDICAL_SPECIALTY,MEDICAL_SYMPTOM_AND_CONDITION,MEDICAL_CONDITION_OR_CLINICAL_STATE,CRITICAL,SURPRISE
synthetic_tts/urgency_critical_add_4660.wav,My heart is beating irregularly and I feel like I may faint. Do not treat this as routine; I need immediate intervention.,MEDICAL,MEDICAL_SPECIALTY,MEDICAL_SYMPTOM_AND_CONDITION,MEDICAL_SYMPTOM,CRITICAL,NEUTRAL
synthetic_tts/urgency_critical_add_4661.wav,A regulatory decision could immediately suspend a major healthcare revenue stream. This is an emergency and needs immediate escalation.,FINANCIAL,HEALTHCARE,FINANCIAL_OPERATIONS_RISK_AND_COMPLIANCE,FINANCIAL_STRATEGY_AND_PLANNING,CRITICAL,FEAR
synthetic_tts/urgency_critical_add_4662.wav,A factory shutdown is causing a major production shortfall and threatening current orders. Please treat this as critical and respond without delay.,FINANCIAL,INDUSTRIAL_GOODS,BUSINESS_STRATEGY_AND_PROJECT_PLANNING,BUSINESS_OPERATIONS_AND_LOGISTICS,CRITICAL,FEAR
synthetic_tts/urgency_critical_add_4663.wav,My child is having a seizure that has continued for several minutes. The situation is deteriorating rapidly and cannot wait.,MEDICAL,MEDICAL_SPECIALTY,MEDICAL_ADVICE_AND_TREATMENT,TREATMENT_OR_HEALTHCARE,CRITICAL,SURPRISE
synthetic_tts/urgency_critical_add_4664.wav,I have severe swelling of my lips and difficulty breathing after taking a medicine. I need emergency-level assistance right now.,MEDICAL,MEDICAL_SPECIALTY,MEDICAL_SYMPTOM_AND_CONDITION,MEDICATION_OR_DRUG,CRITICAL,NEUTRAL
synthetic_tts/urgency_critical_add_4665.wav,"My oxygen saturation has suddenly dropped and I am struggling to breathe. Waiting could cause serious harm, so this needs immediate attention.",MEDICAL,MEDICAL_SPECIALTY,MEDICATION_DIAGNOSTICS_AND_CLINICAL_RESEARCH,DIAGNOSTIC_TEST_OR_RESULT,CRITICAL,FEAR
synthetic_tts/urgency_critical_add_4666.wav,An unexpected loss in a major business segment threatens our quarterly target. Please escalate this immediately because the risk is now critical.,FINANCIAL,INDUSTRIAL_GOODS,FINANCIAL_PERFORMANCE_AND_SEGMENT_ANALYSIS,CORPORATE_FINANCIAL_PERFORMANCE,CRITICAL,FEAR
synthetic_tts/urgency_critical_add_4667.wav,A critical technology project has failed and may cause a large unexpected financial loss. This requires the fastest possible response.,FINANCIAL,TECHNOLOGY,BUSINESS_STRATEGY_AND_PROJECT_PLANNING,FINANCIAL_STRATEGY_AND_PLANNING,CRITICAL,SURPRISE
synthetic_tts/urgency_critical_add_4668.wav,My elderly mother has suddenly become confused and cannot recognize anyone. Do not treat this as routine; I need immediate intervention.,MEDICAL,MEDICAL_SPECIALTY,MEDICAL_SYMPTOM_AND_CONDITION,MEDICAL_CONDITION_OR_CLINICAL_STATE,CRITICAL,NEUTRAL
synthetic_tts/urgency_critical_add_4669.wav,I have severe chest pain together with shortness of breath and nausea. This is an emergency and needs immediate escalation.,MEDICAL,MEDICAL_SPECIALTY,MEDICAL_SYMPTOM_AND_CONDITION,MEDICAL_SYMPTOM,CRITICAL,FEAR
synthetic_tts/urgency_critical_add_4670.wav,I inhaled chemical fumes and now have chest tightness and worsening breathing. Please treat this as critical and respond without delay.,MEDICAL,MEDICAL_SPECIALTY,MEDICAL_ADVICE_AND_TREATMENT,TREATMENT_OR_HEALTHCARE,CRITICAL,FEAR
synthetic_tts/urgency_critical_add_4671.wav,A security incident has disrupted our financial systems and sensitive data may be exposed. The situation is deteriorating rapidly and cannot wait.,FINANCIAL,TECHNOLOGY,FINANCIAL_OPERATIONS_RISK_AND_COMPLIANCE,TECHNOLOGY_AND_DIGITAL_INFRASTRUCTURE,CRITICAL,SURPRISE
synthetic_tts/urgency_critical_add_4672.wav,Our cash position has fallen sharply and we may not meet near-term obligations. I need emergency-level assistance right now.,FINANCIAL,HEALTHCARE,FINANCIAL_REPORTING_AND_OUTLOOK,FINANCIAL_METRICS_DETAIL,CRITICAL,NEUTRAL
synthetic_tts/urgency_critical_add_4673.wav,"I have sudden crushing pressure in my chest with sweating and severe weakness. Waiting could cause serious harm, so this needs immediate attention.",MEDICAL,MEDICAL_SPECIALTY,MEDICAL_SYMPTOM_AND_CONDITION,MEDICAL_SYMPTOM,CRITICAL,FEAR
synthetic_tts/urgency_critical_add_4674.wav,I am struggling to breathe and my shortness of breath is getting worse quickly. Please escalate this immediately because the risk is now critical.,MEDICAL,MEDICAL_SPECIALTY,MEDICAL_SYMPTOM_AND_CONDITION,MEDICAL_SYMPTOM,CRITICAL,FEAR
synthetic_tts/urgency_critical_add_4675.wav,One side of my face and arm suddenly feels weak and my speech is slurred. This requires the fastest possible response.,MEDICAL,MEDICAL_SPECIALTY,MEDICAL_SYMPTOM_AND_CONDITION,MEDICAL_SYMPTOM,CRITICAL,SURPRISE
synthetic_tts/urgency_critical_add_4676.wav,A major competitor has taken substantial market share and customer losses are accelerating. Do not treat this as routine; I need immediate intervention.,FINANCIAL,TECHNOLOGY,MARKET_AND_COMPETITIVE_OUTLOOK,MARKET_AND_INDUSTRY_ANALYSIS,CRITICAL,NEUTRAL
synthetic_tts/urgency_critical_add_4677.wav,A major healthcare segment has reported an unexpected financial loss. This is an emergency and needs immediate escalation.,FINANCIAL,HEALTHCARE,FINANCIAL_PERFORMANCE_AND_SEGMENT_ANALYSIS,FINANCIAL_METRICS_DETAIL,CRITICAL,FEAR
synthetic_tts/urgency_critical_add_4678.wav,I am coughing up blood and feel extremely dizzy and weak. Please treat this as critical and respond without delay.,MEDICAL,MEDICAL_SPECIALTY,MEDICAL_SYMPTOM_AND_CONDITION,MEDICAL_SYMPTOM,CRITICAL,FEAR
synthetic_tts/urgency_critical_add_4679.wav,My father has collapsed and is barely responding after severe chest pain. The situation is deteriorating rapidly and cannot wait.,MEDICAL,MEDICAL_SPECIALTY,MEDICAL_SYMPTOM_AND_CONDITION,MEDICAL_CONDITION_OR_CLINICAL_STATE,CRITICAL,SURPRISE
synthetic_tts/urgency_critical_add_4680.wav,My heart is beating irregularly and I feel like I may faint. I need emergency-level assistance right now.,MEDICAL,MEDICAL_SPECIALTY,MEDICAL_SYMPTOM_AND_CONDITION,MEDICAL_SYMPTOM,CRITICAL,NEUTRAL
synthetic_tts/urgency_critical_add_4681.wav,"Our payment system has stopped processing transactions and customers cannot access their funds. Waiting could cause serious harm, so this needs immediate attention.",FINANCIAL,TECHNOLOGY,FINANCIAL_OPERATIONS_RISK_AND_COMPLIANCE,FINANCIAL_STRATEGY_AND_PLANNING,CRITICAL,FEAR
synthetic_tts/urgency_critical_add_4682.wav,We detected a potentially fraudulent transfer involving a major corporate account. Please escalate this immediately because the risk is now critical.,FINANCIAL,TECHNOLOGY,FINANCIAL_OPERATIONS_RISK_AND_COMPLIANCE,GENERAL_BUSINESS_ADMINISTRATION,CRITICAL,FEAR
synthetic_tts/urgency_critical_add_4683.wav,My child is having a seizure that has continued for several minutes. This requires the fastest possible response.,MEDICAL,MEDICAL_SPECIALTY,MEDICAL_ADVICE_AND_TREATMENT,TREATMENT_OR_HEALTHCARE,CRITICAL,SURPRISE
synthetic_tts/urgency_critical_add_4684.wav,I have severe swelling of my lips and difficulty breathing after taking a medicine. Do not treat this as routine; I need immediate intervention.,MEDICAL,MEDICAL_SPECIALTY,MEDICAL_SYMPTOM_AND_CONDITION,MEDICATION_OR_DRUG,CRITICAL,NEUTRAL
synthetic_tts/urgency_critical_add_4685.wav,My oxygen saturation has suddenly dropped and I am struggling to breathe. This is an emergency and needs immediate escalation.,MEDICAL,MEDICAL_SPECIALTY,MEDICATION_DIAGNOSTICS_AND_CLINICAL_RESEARCH,DIAGNOSTIC_TEST_OR_RESULT,CRITICAL,FEAR
synthetic_tts/urgency_critical_add_4686.wav,A factory shutdown is causing a major production shortfall and threatening current orders. Please treat this as critical and respond without delay.,FINANCIAL,INDUSTRIAL_GOODS,BUSINESS_STRATEGY_AND_PROJECT_PLANNING,BUSINESS_OPERATIONS_AND_LOGISTICS,CRITICAL,FEAR
synthetic_tts/urgency_critical_add_4687.wav,A sudden working-capital shortfall could prevent us from paying critical suppliers. The situation is deteriorating rapidly and cannot wait.,FINANCIAL,INDUSTRIAL_GOODS,FINANCIAL_REPORTING_AND_OUTLOOK,FINANCIAL_METRICS_DETAIL,CRITICAL,SURPRISE
synthetic_tts/urgency_critical_add_4688.wav,My elderly mother has suddenly become confused and cannot recognize anyone. I need emergency-level assistance right now.,MEDICAL,MEDICAL_SPECIALTY,MEDICAL_SYMPTOM_AND_CONDITION,MEDICAL_CONDITION_OR_CLINICAL_STATE,CRITICAL,NEUTRAL
synthetic_tts/urgency_critical_add_4689.wav,"I have severe chest pain together with shortness of breath and nausea. Waiting could cause serious harm, so this needs immediate attention.",MEDICAL,MEDICAL_SPECIALTY,MEDICAL_SYMPTOM_AND_CONDITION,MEDICAL_SYMPTOM,CRITICAL,FEAR
synthetic_tts/urgency_critical_add_4690.wav,I inhaled chemical fumes and now have chest tightness and worsening breathing. Please escalate this immediately because the risk is now critical.,MEDICAL,MEDICAL_SPECIALTY,MEDICAL_ADVICE_AND_TREATMENT,TREATMENT_OR_HEALTHCARE,CRITICAL,FEAR
synthetic_tts/urgency_critical_add_4691.wav,A critical technology project has failed and may cause a large unexpected financial loss. This requires the fastest possible response.,FINANCIAL,TECHNOLOGY,BUSINESS_STRATEGY_AND_PROJECT_PLANNING,FINANCIAL_STRATEGY_AND_PLANNING,CRITICAL,SURPRISE
synthetic_tts/urgency_critical_add_4692.wav,A serious governance issue has emerged involving a major healthcare contract. Do not treat this as routine; I need immediate intervention.,FINANCIAL,HEALTHCARE,FINANCIAL_OPERATIONS_RISK_AND_COMPLIANCE,BUSINESS_GOVERNANCE_AND_RELATIONS,CRITICAL,NEUTRAL
synthetic_tts/urgency_critical_add_4693.wav,I have sudden crushing pressure in my chest with sweating and severe weakness. This is an emergency and needs immediate escalation.,MEDICAL,MEDICAL_SPECIALTY,MEDICAL_SYMPTOM_AND_CONDITION,MEDICAL_SYMPTOM,CRITICAL,FEAR
synthetic_tts/urgency_critical_add_4694.wav,I am struggling to breathe and my shortness of breath is getting worse quickly. Please treat this as critical and respond without delay.,MEDICAL,MEDICAL_SPECIALTY,MEDICAL_SYMPTOM_AND_CONDITION,MEDICAL_SYMPTOM,CRITICAL,FEAR
synthetic_tts/urgency_critical_add_4695.wav,One side of my face and arm suddenly feels weak and my speech is slurred. The situation is deteriorating rapidly and cannot wait.,MEDICAL,MEDICAL_SPECIALTY,MEDICAL_SYMPTOM_AND_CONDITION,MEDICAL_SYMPTOM,CRITICAL,SURPRISE
synthetic_tts/urgency_critical_add_4696.wav,Our cash position has fallen sharply and we may not meet near-term obligations. I need emergency-level assistance right now.,FINANCIAL,HEALTHCARE,FINANCIAL_REPORTING_AND_OUTLOOK,FINANCIAL_METRICS_DETAIL,CRITICAL,NEUTRAL
synthetic_tts/urgency_critical_add_4697.wav,"A regulatory decision could immediately suspend a major healthcare revenue stream. Waiting could cause serious harm, so this needs immediate attention.",FINANCIAL,HEALTHCARE,FINANCIAL_OPERATIONS_RISK_AND_COMPLIANCE,FINANCIAL_STRATEGY_AND_PLANNING,CRITICAL,FEAR
synthetic_tts/urgency_critical_add_4698.wav,I am coughing up blood and feel extremely dizzy and weak. Please escalate this immediately because the risk is now critical.,MEDICAL,MEDICAL_SPECIALTY,MEDICAL_SYMPTOM_AND_CONDITION,MEDICAL_SYMPTOM,CRITICAL,FEAR
synthetic_tts/urgency_critical_add_4699.wav,My father has collapsed and is barely responding after severe chest pain. This requires the fastest possible response.,MEDICAL,MEDICAL_SPECIALTY,MEDICAL_SYMPTOM_AND_CONDITION,MEDICAL_CONDITION_OR_CLINICAL_STATE,CRITICAL,SURPRISE
synthetic_tts/urgency_critical_add_4700.wav,My heart is beating irregularly and I feel like I may faint. Do not treat this as routine; I need immediate intervention.,MEDICAL,MEDICAL_SPECIALTY,MEDICAL_SYMPTOM_AND_CONDITION,MEDICAL_SYMPTOM,CRITICAL,NEUTRAL
synthetic_tts/urgency_critical_add_4701.wav,A major healthcare segment has reported an unexpected financial loss. This is an emergency and needs immediate escalation.,FINANCIAL,HEALTHCARE,FINANCIAL_PERFORMANCE_AND_SEGMENT_ANALYSIS,FINANCIAL_METRICS_DETAIL,CRITICAL,FEAR
synthetic_tts/urgency_critical_add_4702.wav,An unexpected loss in a major business segment threatens our quarterly target. Please treat this as critical and respond without delay.,FINANCIAL,INDUSTRIAL_GOODS,FINANCIAL_PERFORMANCE_AND_SEGMENT_ANALYSIS,CORPORATE_FINANCIAL_PERFORMANCE,CRITICAL,FEAR
synthetic_tts/urgency_critical_add_4703.wav,My child is having a seizure that has continued for several minutes. The situation is deteriorating rapidly and cannot wait.,MEDICAL,MEDICAL_SPECIALTY,MEDICAL_ADVICE_AND_TREATMENT,TREATMENT_OR_HEALTHCARE,CRITICAL,SURPRISE
synthetic_tts/urgency_critical_add_4704.wav,I have severe swelling of my lips and difficulty breathing after taking a medicine. I need emergency-level assistance right now.,MEDICAL,MEDICAL_SPECIALTY,MEDICAL_SYMPTOM_AND_CONDITION,MEDICATION_OR_DRUG,CRITICAL,NEUTRAL
synthetic_tts/urgency_critical_add_4705.wav,"My oxygen saturation has suddenly dropped and I am struggling to breathe. Waiting could cause serious harm, so this needs immediate attention.",MEDICAL,MEDICAL_SPECIALTY,MEDICATION_DIAGNOSTICS_AND_CLINICAL_RESEARCH,DIAGNOSTIC_TEST_OR_RESULT,CRITICAL,FEAR
synthetic_tts/urgency_critical_add_4706.wav,We detected a potentially fraudulent transfer involving a major corporate account. Please escalate this immediately because the risk is now critical.,FINANCIAL,TECHNOLOGY,FINANCIAL_OPERATIONS_RISK_AND_COMPLIANCE,GENERAL_BUSINESS_ADMINISTRATION,CRITICAL,FEAR
synthetic_tts/urgency_critical_add_4707.wav,A security incident has disrupted our financial systems and sensitive data may be exposed. This requires the fastest possible response.,FINANCIAL,TECHNOLOGY,FINANCIAL_OPERATIONS_RISK_AND_COMPLIANCE,TECHNOLOGY_AND_DIGITAL_INFRASTRUCTURE,CRITICAL,SURPRISE
synthetic_tts/urgency_critical_add_4708.wav,My elderly mother has suddenly become confused and cannot recognize anyone. Do not treat this as routine; I need immediate intervention.,MEDICAL,MEDICAL_SPECIALTY,MEDICAL_SYMPTOM_AND_CONDITION,MEDICAL_CONDITION_OR_CLINICAL_STATE,CRITICAL,NEUTRAL
synthetic_tts/urgency_critical_add_4709.wav,I have severe chest pain together with shortness of breath and nausea. This is an emergency and needs immediate escalation.,MEDICAL,MEDICAL_SPECIALTY,MEDICAL_SYMPTOM_AND_CONDITION,MEDICAL_SYMPTOM,CRITICAL,FEAR
synthetic_tts/urgency_critical_add_4710.wav,I inhaled chemical fumes and now have chest tightness and worsening breathing. Please treat this as critical and respond without delay.,MEDICAL,MEDICAL_SPECIALTY,MEDICAL_ADVICE_AND_TREATMENT,TREATMENT_OR_HEALTHCARE,CRITICAL,FEAR
synthetic_tts/urgency_critical_add_4711.wav,A sudden working-capital shortfall could prevent us from paying critical suppliers. The situation is deteriorating rapidly and cannot wait.,FINANCIAL,INDUSTRIAL_GOODS,FINANCIAL_REPORTING_AND_OUTLOOK,FINANCIAL_METRICS_DETAIL,CRITICAL,SURPRISE
synthetic_tts/urgency_critical_add_4712.wav,A major competitor has taken substantial market share and customer losses are accelerating. I need emergency-level assistance right now.,FINANCIAL,TECHNOLOGY,MARKET_AND_COMPETITIVE_OUTLOOK,MARKET_AND_INDUSTRY_ANALYSIS,CRITICAL,NEUTRAL
