sample_id,scenario_id,split,domain_label,ground_truth,target_terms,target_term_count,targets_found,targets_corrupted,corrupted_target_terms,target_start_end_count,selected_snr_db,clean_whisper_transcript,corrupted_whisper_transcript,clean_WER,corrupted_WER,domain_term_WER,domain_term_TP,domain_term_FP,domain_term_FN,domain_term_precision,domain_term_recall,temperature,beam_size,best_of,language,true_error,predicted_error,predicted_probability,threshold
nlu_0033_04,S0033,unseen,medical,"A detailed validation was requested concerning the implications of troponin; as part of the current review, the relevant team, during the present round of discussion.",troponin,1,1,1,troponin,1,3.0,"A detailed validation was requested concerning the implications of Tropynon. As part of the current review, the relevant team during the present round of discussion.","A detailed validation was requested concerning the implications of Troppmann. As part of the current review, the relevant team during the present round of discussion.",0.12,0.12,1.0,0,0,0,0.0,0.0,0.0,,,en,1,1,1.0,0.05
nlu_0082_02,S0082,unseen,medical,"The team is evaluating cerebral infarction in the context of diffusion restriction, with particular attention to the reported issue; during the latest review, the reviewing group, while considering the current evidence. The record specifically references cerebral infarction.",cerebral infarction; diffusion,2,2,0,,2,,"The team is evaluating cerebral infarction in the context of diffusion restriction, with particular attention to the reported issue, during the latest review, the reviewing group, while considering the current evidence. The record specifically references cerebral infarction.",,0.027027027027027,,1.0,0,0,2,0.0,0.0,0.0,,,en,0,0,0.0019759797715989268,0.05
nlu_0371_08,S0371,unseen,legal,"The case involves the reported concern involving termination provision, and the relevant relevant records is being assessed; in the current round of review, the person handling the matter, before the next decision. The record specifically references termination provision.",termination provision,1,1,0,,1,,"The case involves the reported concern involving termination provision, and the relevant relevant records is being assessed. In the current round of review, the person handling the matter before the next decision. The record specifically references termination provision.",,0.0789473684210526,,1.0,0,0,1,0.0,0.0,0.0,,,en,0,0,0.00024053481507328825,0.05
nlu_0277_05,S0277,unseen,finance,"The specialist discussed the documented issue involving P/E during the latest review; after the recent update, the relevant team, before the next decision. The record specifically references price-to-earnings ratio.",price-to-earnings ratio,1,0,0,,0,,"The specialist discussed the documented issue involving P.E. during the latest review, after the recent update, the relevant team, before the next decision. The record specifically references price to earnings ratio.",,0.1724137931034483,,,0,0,0,0.0,0.0,0.0,,,en,0,0,6.456192606987123e-05,0.05
nlu_0512_03,S0512,unseen,general,"Please help me plan a trip; this is in the current round of review, the reviewing organization, before the next decision.",organization; before,2,2,0,,2,,Please help me plan a trip. This is in the current round of review the reviewing organization before the next decision.,,0.1904761904761904,,1.0,0,0,2,0.0,0.0,0.0,,,en,0,0,0.00042983156881862603,0.05
nlu_0411_03,S0411,unseen,legal,"The current available evidence requires further account, especially in relation to the relationship between motion to dismiss and complaint; at the current stage, the relevant team, during the present round of discussion. The discussion also considers complaint.",motion dismiss; complaint,2,1,0,,1,,"The current available evidence requires further account, especially in relation to the relationship between motion to dismiss and complaint. At the current stage, the relevant team during the present round of discussion. The discussion also considers complaint.",,0.081081081081081,,1.0,0,0,1,0.0,0.0,0.0,,,en,0,0,0.00014663975614004771,0.05
nlu_0127_02,S0127,unseen,medical,"The team is evaluating neuropathy in the context of sensory deficit, with particular attention to the reported issue; at the current stage, the case team, after the latest information was reviewed. The record specifically references neuropathy.",neuropathy; deficit; sensory,3,3,0,,3,,"The team is evaluating neuropathy in the context of sensory deficit, with particular attention to the reported issue. At the current stage, the case team, after the latest information, was reviewed. The record specifically references neuropathy.",,0.0833333333333333,,1.0,0,0,3,0.0,0.0,0.0,,,en,0,0,0.0011744717793782723,0.05
nlu_0234_09,S0234,unseen,finance,"The professional handling the matter is reviewing the effect of loan delinquency on the overall situation and the associated observed changes; following the previous discussion, the relevant team, before the next decision.",delinquency,1,1,0,,1,,"The professional handling the matter is reviewing the effect of loan delinquency on the overall situation and the associated observed changes. Following the previous discussion, the relevant team before the next decision.",,0.09375,,1.0,0,0,1,0.0,0.0,0.0,,,en,0,0,0.0004588363177893682,0.05
nlu_0275_07,S0275,unseen,finance,"The latest review focused on the evidence related to enterprise value; after the latest information became available, the case team, while comparing the available options. The discussion also considers discounted cash flow.",discounted; enterprise,2,2,1,discounted,2,0.0,"The latest review focused on the evidence related to enterprise value. After the latest information became available, the case team, while comparing the available options. The discussion also considers discounted cash flow.","The latest review focused on the evidence related to enterprise value. After the latest information became available, the case team, while comparing the available options. The discussion also considered this count with cash flow.",0.0625,0.1875,0.5,1,0,1,1.0,0.5,0.0,,,en,1,1,1.0,0.05
nlu_0100_07,S0100,unseen,medical,"The latest exposure focused on the evidence related to EEG; at the next decision point, the reviewing group, before the next decision. The discussion also considers seizure activity.",activity; seizure,2,2,0,,2,,"The latest exposure focused on the evidence related to EEG. At the next decision point, the reviewing group before the next decision. The discussion also considers seizure activity.",,0.1071428571428571,,1.0,0,0,2,0.0,0.0,0.0,,,en,0,0,4.119484973924503e-06,0.05
nlu_0026_05,S0026,unseen,medical,"The specialist discussed the documented issue involving electrocardiographic changes during the latest strategy; after the latest information became available, the reviewing organization, before the matter is finalized. The record specifically references ST-segment elevation.",electrocardiographic; elevation; st-segment,3,3,1,st-segment,3,6.0,"The specialist discussed the documented issue involving electrocardiographic changes during the latest strategy. After the latest information became available, the reviewing organization, before the matter is finalized. The record specifically references ST Segment Elevation.","The specialist discussed the documented issue involving electrocardiographic changes during the latest strategy. After the latest information became available, the reviewing organization, before the matter is finalized. The record specifically references ST Segment Elevation.",0.1515151515151515,0.1515151515151515,0.3333333333333333,2,0,0,1.0,1.0,0.0,,,en,1,1,0.9999999029704573,0.05
nlu_0047_06,S0047,unseen,medical,"The available evidence was considered before deciding how to address the current status of echocardiography; after the recent update, the reviewing group, before the next decision.",echocardiography,1,1,0,,1,,"The available evidence was considered before deciding how to address the current status of echocardiography. After the recent update, the reviewing group before the next decision.",,0.1153846153846153,,1.0,0,0,1,0.0,0.0,0.0,,,en,0,0,0.0008025644167160035,0.05
nlu_0371_01,S0371,unseen,legal,"The current findings was reviewed in relation to termination provision and termination right, in the current round of review, the person handling the matter, before the next decision.",termination provision,1,1,0,,1,,"The current findings was reviewed in relation to termination provision and termination right. In the current round of review, the person handling the matter before the next decision.",,0.1071428571428571,,1.0,0,0,1,0.0,0.0,0.0,,,en,0,0,0.00016302111363982496,0.05
nlu_0031_09,S0031,unseen,medical,"The professional handling the matter is reviewing the effect of electrocardiographic changes on the overall situation and the associated observed changes; as part of the current review, the reviewing group, during the present round of discussion.",electrocardiographic,1,1,0,,1,,"The professional handling the matter is reviewing the effect of electrocardiographic changes on the overall situation and the associated observed changes. As part of the current review, the reviewing group during the present round of discussion.",,0.0833333333333333,,1.0,0,0,1,0.0,0.0,0.0,,,en,0,0,0.0013098048274703513,0.05
nlu_0072_01,S0072,unseen,medical,"The current findings was reviewed in relation to Parkinson disease and bradykinesia, in the current round of review, the case team, before the next decision.",parkinson disease; bradykinesia,2,2,1,bradykinesia,2,6.0,"The current findings was reviewed in relation to Parkinson disease and bradikinesia. In the current round of review, the case team before the next decision.","The current findings was reviewed in relation to Parkinson disease and bradikinesia. In the current round of review, the case team, before the next decision.",0.12,0.08,0.3333333333333333,1,0,0,1.0,1.0,0.0,,,en,1,1,0.9999999999999929,0.05
nlu_0411_04,S0411,unseen,legal,"A detailed incident was requested concerning the implications of motion to dismiss; at the current stage, the relevant team, during the present round of discussion.",motion dismiss,1,0,0,,0,,"A detailed incident was requested concerning the implications of motion to dismiss. At the current stage, the relevant team during the present round of discussion",,0.16,,,0,0,0,0.0,0.0,0.0,,,en,0,0,0.0001158631266254131,0.05
nlu_0512_01,S0512,unseen,general,"I need help with plan a trip, in the current round of review, the reviewing organization, before the next decision.",organization; before,2,2,0,,2,,"I need help with Plan A Trip in the current round of review, the reviewing organization, before the next decision.",,0.15,,1.0,0,0,2,0.0,0.0,0.0,,,en,0,0,0.0004203523291981871,0.05
nlu_0349_09,S0349,unseen,legal,"The professional handling the matter is reviewing the effect of contractual remedy on the overall situation and the associated observed changes; during the latest review, the person handling the matter, while comparing the available options.",contractual; remedy,2,2,0,,2,,"The professional handling the matter is reviewing the effect of contractual remedy on the overall situation and the associated observed changes. During the latest review, the person handling the matter while comparing the available options.",,0.0857142857142857,,1.0,0,0,2,0.0,0.0,0.0,,,en,0,0,8.124112423753075e-05,0.05
nlu_0225_06,S0225,unseen,finance,"The available evidence was considered before deciding how to address the current status of loan-to-value ratio; after the recent update, the assigned professional, while considering the current evidence.",loan-to-value ratio,1,0,0,,0,,"The available evidence was considered before deciding how to address the current status of loan-to-value ratio. After the recent update, the assigned professional, while considering the current evidence.",,0.0714285714285714,,,0,0,0,0.0,0.0,0.0,,,en,0,0,8.069855231777578e-05,0.05
nlu_0047_10,S0047,unseen,medical,"Further validation is needed before a final decision is made about the decision surrounding ejection fraction; after the recent update, the reviewing group, before the next decision. The record specifically references echocardiography.",echocardiography; fraction; ejection,3,3,0,,3,,"Further validation is needed before a final decision is made about the decision surrounding ejection fraction. After the recent update, the reviewing group before the next decision. The record specifically references echocardiography.",,0.09375,,1.0,0,0,3,0.0,0.0,0.0,,,en,0,0,0.0008380232438854514,0.05
nlu_0590_02,S0590,unseen,general,"Could you help me with send a document? This is during the latest review, the current reviewer, after the latest information was reviewed.",document,1,1,0,,1,,"Could you help me with send a document? This is during the latest review, the current reviewer, after the latest information was reviewed.",,0.0,,1.0,0,0,1,0.0,0.0,0.0,,,en,0,0,0.0004216119789617163,0.05
nlu_0471_09,S0471,unseen,technology,"The professional handling the matter is reviewing the effect of relational database on the overall situation and the associated observed changes; during the latest review, the reviewing organization, during the present round of discussion.",relational; database,2,2,0,,2,,"The professional handling the matter is reviewing the effect of relational database on the overall situation and the associated observed changes. During the latest review, the reviewing organization during the present round of discussion.",,0.088235294117647,,1.0,0,0,2,0.0,0.0,0.0,,,en,0,0,2.6746456764311593e-05,0.05
nlu_0197_07,S0197,unseen,finance,"The latest case focused on the evidence related to transaction monitoring; at the next decision point, the reviewing group, before the matter is finalized. The discussion also considers anti-money laundering.",laundering; anti-money,2,2,0,,2,,"The latest case focused on the evidence related to transaction monitoring. At the next decision point, the reviewing group, before the matter, is finalized. The discussion also considers anti-money laundering.",,0.1,,1.0,0,0,2,0.0,0.0,0.0,,,en,0,0,6.64886234390771e-05,0.05
nlu_0082_03,S0082,unseen,medical,"The current available evidence requires further report, especially in relation to the relationship between cerebral infarction and brain MRI; during the latest review, the reviewing group, while considering the current evidence. The discussion also considers brain MRI.",cerebral infarction,1,1,0,,1,,"The current available evidence requires further report, especially in relation to the relationship between cerebral infarction and brain MRI, during the latest review, the reviewing group, while considering the current evidence. The discussion also considers brain MRI.",,0.027027027027027,,1.0,0,0,1,0.0,0.0,0.0,,,en,0,0,0.002546149971601711,0.05
nlu_0474_05,S0474,unseen,technology,"The specialist discussed the documented issue involving relational database during the latest transfer; during the latest review, the relevant team, before the matter is finalized. The record specifically references PostgreSQL.",postgresql; relational; database,3,3,1,postgresql,3,6.0,"The specialist discussed the documented issue involving relational database during the latest transfer. During the latest review, the relevant team, before the matter is finalized. The record specifically references PostGIR SQL.","The specialist discussed the documented issue involving relational database during the latest transfer. During the latest review, the relevant team, before the matter is finalized. The record specifically references Post-GIR SQL.",0.1333333333333333,0.1333333333333333,0.3333333333333333,2,0,0,1.0,1.0,0.0,,,en,1,1,0.9999999999999993,0.05
nlu_0104_09,S0104,unseen,medical,"The professional handling the matter is reviewing the effect of seizure activity on the overall situation and the associated observed changes; after the latest information became available, the person handling the matter, while comparing the available options.",activity; seizure,2,2,0,,2,,"The professional handling the matter is reviewing the effect of seizure activity on the overall situation and the associated observed changes. After the latest information became available, the person handling the matter while comparing the available options.",,0.081081081081081,,1.0,0,0,2,0.0,0.0,0.0,,,en,0,0,0.00032017118746805487,0.05
nlu_0594_08,S0594,unseen,general,"Is it possible to change a calendar event, considering at the current stage, the technical or professional team, after the latest information was reviewed?",possible; calendar; change,3,3,0,,3,,Is it possible to change a calendar event considering at the current stage the technical or professional team after the latest information was reviewed?,,0.125,,1.0,0,0,3,0.0,0.0,0.0,,,en,0,0,0.00042122203742748116,0.05
nlu_0082_01,S0082,unseen,medical,"The current findings was reviewed in relation to cerebral infarction and brain MRI, during the latest review, the reviewing group, while considering the current evidence.",cerebral infarction,1,1,0,,1,,"The current findings was reviewed in relation to cerebral infarction and brain MRI during the latest review, the reviewing group, while considering the current evidence.",,0.04,,1.0,0,0,1,0.0,0.0,0.0,,,en,0,0,0.0023962120889772023,0.05
nlu_0374_04,S0374,unseen,legal,"A detailed authorization was requested concerning the implications of termination provision; during the latest review, the decision-making group, before the next decision.",termination provision,1,1,0,,1,,"A detailed authorization was requested concerning the implications of termination provision. During the latest review, the decision-making group, before the next decision.",,0.0909090909090909,,1.0,0,0,1,0.0,0.0,0.0,,,en,0,0,0.00022460144490300338,0.05
nlu_0380_06,S0380,unseen,legal,"The available evidence was considered before deciding how to address the current status of plaintiff; as part of the current review, the relevant team, while comparing the available options.",plaintiff,1,1,1,plaintiff,1,6.0,"The available evidence was considered before deciding how to address the current status of Plaintiff. As part of the current review, the relevant team, while comparing the available options.","The available evidence was considered before deciding how to address the current status of Plante. As part of the current review, the relevant team, while comparing the available options.",0.0689655172413793,0.0689655172413793,1.0,0,0,1,0.0,0.0,0.0,,,en,1,1,0.9999999999999998,0.05
nlu_0217_09,S0217,unseen,finance,"The professional handling the matter is reviewing the effect of loan-to-value ratio on the overall situation and the associated observed changes; following the previous discussion, the responsible specialist, during the present round of discussion.",loan-to-value,1,1,0,,1,,"The professional handling the matter is reviewing the effect of loan-to-value ratio on the overall situation and the associated observed changes. Following the previous discussion, the responsible specialist during the present round of discussion.",,0.088235294117647,,1.0,0,0,1,0.0,0.0,0.0,,,en,0,0,9.822624773702788e-05,0.05
nlu_0271_05,S0271,unseen,finance,"The specialist discussed the documented issue involving discounted cash flow during the latest resolution; at the next decision point, the reviewing organization, while considering the current evidence. The record specifically references equity valuation.",equity valuation; discounted,2,2,0,,2,,"The specialist discussed the documented issue involving discounted cash flow during the latest resolution. At the next decision point, the reviewing organization, while considering the current evidence. The record specifically references equity valuation.",,0.0606060606060606,,1.0,0,0,2,0.0,0.0,0.0,,,en,0,0,1.3928742739205288e-05,0.05
nlu_0104_04,S0104,unseen,medical,"A detailed record was requested concerning the implications of seizure disorder; after the latest information became available, the person handling the matter, while comparing the available options.",seizure disorder,1,1,0,,1,,"A detailed record was requested concerning the implications of seizure disorder. After the latest information became available, the person handling the matter while comparing the available options.",,0.1111111111111111,,1.0,0,0,1,0.0,0.0,0.0,,,en,0,0,3.4740872633098617e-05,0.05
nlu_0333_01,S0333,unseen,legal,"The current findings was reviewed in relation to indemnification clause and indemnity, at the current stage, the decision-making group, after the latest information was reviewed.",indemnification clause; indemnity,2,2,1,indemnification clause,2,0.0,"The current findings was reviewed in relation to indemnification clause and indemnity. At the current stage, the decision-making group, after the latest information was reviewed.","The current findings was reviewed in relation to indemnification flaws and indemnity. At the current stage, the decision-making group, after the latest information was reviewed.",0.08,0.12,0.3333333333333333,1,0,1,1.0,0.5,0.0,,,en,1,1,0.9999999999891882,0.05
nlu_0374_08,S0374,unseen,legal,"The case involves the reported concern involving termination provision, and the relevant relevant records is being assessed; during the latest review, the decision-making group, before the next decision. The record specifically references termination provision.",termination provision,1,1,0,,1,,"The case involves the reported concern involving termination provision, and the relevant relevant records is being assessed during the latest review, the decision-making group, before the next decision. The record specifically references termination provision.",,0.0294117647058823,,1.0,0,0,1,0.0,0.0,0.0,,,en,0,0,0.0002474412026363987,0.05
nlu_0072_03,S0072,unseen,medical,"The current available evidence requires further incident, especially in relation to the relationship between Parkinson disease and bradykinesia; in the current round of review, the case team, before the next decision. The discussion also considers bradykinesia.",parkinson disease; bradykinesia,2,2,1,bradykinesia,2,6.0,"The current available evidence requires further incident, especially in relation to the relationship between Parkinson disease and bradicanesia. In the current round of review, the case team before the next decision. The discussion also considers bradicanesia.","The current available evidence requires further incident, especially in relation to the relationship between Parkinson disease and bradicanesia. In the current round of review, the case team, before the next decision. The discussion also considers bradicanesia.",0.1111111111111111,0.0833333333333333,0.3333333333333333,1,0,0,1.0,1.0,0.0,,,en,1,1,0.9999999999999998,0.05
nlu_0225_01,S0225,unseen,finance,"The current findings was reviewed in relation to loan-to-value ratio and collateral value, after the recent update, the assigned professional, while considering the current evidence.",loan-to-value ratio; collateral,2,1,0,,1,,"The current findings was reviewed in relation to loan-to-value ratio and collateral value. After the recent update, the assigned professional, while considering the current evidence.",,0.08,,1.0,0,0,1,0.0,0.0,0.0,,,en,0,0,0.00015308580502053023,0.05
nlu_0068_07,S0068,unseen,medical,"The latest incident focused on the evidence related to resting tremor; after the latest information became available, the assigned professional, before the next decision. The discussion also considers bradykinesia.",bradykinesia; resting; tremor,3,3,1,bradykinesia,3,6.0,"The latest incident focused on the evidence related to resting tremor. After the latest information became available, the assigned professional before the next decision. The discussion also considers bradicanesia.","The latest incident focused on the evidence related to resting tremor. After the latest information became available, the assigned professional before the next decision. The discussion also considers bradic anisia.",0.1379310344827586,0.1724137931034483,0.3333333333333333,2,0,0,1.0,1.0,0.0,,,en,1,1,1.0,0.05
nlu_0364_10,S0364,unseen,legal,"Further account is needed before a final decision is made about the decision surrounding warranty; after the recent update, the relevant team, while comparing the available options. The record specifically references representations and warranties.",representations warranties; warranty,2,1,0,,1,,"Further account is needed before a final decision is made about the decision surrounding warranty. After the recent update, the relevant team, while comparing the available options. The records specifically references representations and warranties.",,0.088235294117647,,1.0,0,0,1,0.0,0.0,0.0,,,en,0,0,2.5463342130311942e-05,0.05
nlu_0235_05,S0235,unseen,finance,"The specialist discussed the documented issue involving loan delinquency during the latest response; after the recent update, the assigned professional, while comparing the available options. The record specifically references non-performing asset.",non-performing asset; delinquency,2,1,0,,1,,"The specialist discussed the documented issue involving loan delinquency during the latest response. After the recent update, the assigned professional, while comparing the available options. The record specifically references non-performing asset.",,0.064516129032258,,1.0,0,0,1,0.0,0.0,0.0,,,en,0,0,5.8192387367699166e-06,0.05
nlu_0033_05,S0033,unseen,medical,"The specialist discussed the documented issue involving cardiac biomarker during the latest authorization; as part of the current review, the relevant team, during the present round of discussion. The record specifically references troponin.",troponin; biomarker; cardiac,3,3,1,troponin,3,6.0,"The specialist discussed the documented issue involving cardiac biomarker during the latest authorization. As part of the current review, the relevant team during the present round of discussion. The record specifically references tropinin.","The specialist discussed the documented issue involving cardiac biomarkers during the latest authorization. As part of the current review, the relevant team during the present round of discussion. The record specifically references Trophaman.",0.1212121212121212,0.1515151515151515,0.6666666666666666,2,0,0,1.0,1.0,0.0,,,en,1,1,0.9999999999917433,0.05
nlu_0235_09,S0235,unseen,finance,"The professional handling the matter is reviewing the effect of loan delinquency on the overall situation and the associated observed changes; after the recent update, the assigned professional, while comparing the available options.",delinquency,1,1,0,,1,,"The professional handling the matter is reviewing the effect of loan delinquency on the overall situation and the associated observed changes. After the recent update, the assigned professional, while comparing the available options.",,0.0606060606060606,,1.0,0,0,1,0.0,0.0,0.0,,,en,0,0,0.0001014709195460565,0.05
nlu_0550_03,S0550,unseen,general,"Please help me send a document; this is following the previous discussion, the person handling the matter, before the matter is finalized.",finalized; document,2,2,0,,2,,"Please help me send a document. This is following the previous discussion, the person handling the matter before the matter is finalized.",,0.1363636363636363,,1.0,0,0,2,0.0,0.0,0.0,,,en,0,0,0.00045946614611195094,0.05
nlu_0033_06,S0033,unseen,medical,"The available evidence was considered before deciding how to address the current status of troponin; as part of the current review, the relevant team, during the present round of discussion.",troponin,1,1,1,troponin,1,0.0,"The available evidence was considered before deciding how to address the current status of troponin. As part of the current review, the relevant team during the present round of discussion","The available evidence was considered before deciding how to address the current status of trophinin. As part of the current review, the relevant team during the present round of discussion.",0.1333333333333333,0.1,1.0,0,0,1,0.0,0.0,0.0,,,en,1,1,1.0,0.05
nlu_0590_03,S0590,unseen,general,"Please help me send a document; this is during the latest review, the current reviewer, after the latest information was reviewed.",document,1,1,0,,1,,"Please help me send a document. This is during the latest review, the current reviewer, after the latest information was reviewed.",,0.0952380952380952,,1.0,0,0,1,0.0,0.0,0.0,,,en,0,0,0.00043040736128033795,0.05
nlu_0229_08,S0229,unseen,finance,"The case involves the reported concern involving non-performing asset, and the relevant relevant records is being assessed; after the latest information became available, the relevant team, during the present round of discussion. The record specifically references non-performing asset.",non-performing asset,1,0,0,,0,,"The case involves the reported concern involving non-performing asset, and the relevant relevant records is being assessed. After the latest information became available, the relevant team during the present round of discussion. The record specifically references non-performing asset.",,0.0789473684210526,,,0,0,0,0.0,0.0,0.0,,,en,0,0,8.971765962816084e-05,0.05
nlu_0090_04,S0090,unseen,medical,"A detailed account was requested concerning the implications of epilepsy; at the next decision point, the reviewing group, while considering the current evidence.",epilepsy,1,1,0,,1,,"A detailed account was requested concerning the implications of epilepsy. At the next decision point, the reviewing group, while considering the current evidence.",,0.0869565217391304,,1.0,0,0,1,0.0,0.0,0.0,,,en,0,0,0.0005070372417589793,0.05
nlu_0433_06,S0433,unseen,legal,"The available evidence was considered before deciding how to address the current status of jurisdiction; at the next decision point, the current reviewer, after the latest information was reviewed.",jurisdiction,1,1,0,,1,,"The available evidence was considered before deciding how to address the current status of jurisdiction. At the next decision point, the current reviewer, after the latest information, was reviewed.",,0.1034482758620689,,1.0,0,0,1,0.0,0.0,0.0,,,en,0,0,1.2929533535871044e-05,0.05
nlu_0074_01,S0074,unseen,medical,"The current findings was reviewed in relation to ischemic stroke and cerebral infarction, in the current round of review, the reviewing group, before the next decision.",ischemic stroke; infarction; cerebral,3,3,1,ischemic stroke,3,0.0,"The current findings was reviewed in relation to ischemic stroke and cerebral infarction. In the current round of review, the reviewing group before the next decision.","The current findings was reviewed in relation to its kenik stroke and cerebral infarction. In the current round of review, the reviewing group before the next decision.",0.1153846153846153,0.1923076923076923,0.25,2,0,1,1.0,0.6666666666666666,0.0,,,en,1,1,1.0,0.05
nlu_0104_03,S0104,unseen,medical,"The current available evidence requires further exposure, especially in relation to the relationship between seizure disorder and seizure activity; after the latest information became available, the person handling the matter, while comparing the available options. The discussion also considers seizure activity.",seizure disorder; activity,2,2,0,,2,,"The current available evidence requires further exposure, especially in relation to the relationship between seizure disorder and seizure activity. After the latest information became available, the person handling the matter while comparing the available options. The discussion also considers seizure activity.",,0.073170731707317,,1.0,0,0,2,0.0,0.0,0.0,,,en,0,0,0.00017143030598742654,0.05
nlu_0566_09,S0566,unseen,general,"Could you check this for me regarding check train status, after the latest information became available, the case team, before the matter is finalized?",regarding,1,1,0,,1,,"Could you check this for me regarding check train status? After the latest information became available, the case team, before the matter is finalized.",,0.125,,1.0,0,0,1,0.0,0.0,0.0,,,en,0,0,0.0004327606996231011,0.05
nlu_0272_09,S0272,unseen,finance,"The professional handling the matter is reviewing the effect of discounted cash flow on the overall situation and the associated observed changes; during the most recent assessment, the decision-making group, during the present round of discussion.",discounted,1,1,0,,1,,"The professional handling the matter is reviewing the effect of discounted cash flow on the overall situation and the associated observed changes. During the most recent assessment, the decision-making group during the present round of discussion.",,0.0833333333333333,,1.0,0,0,1,0.0,0.0,0.0,,,en,0,0,0.00014196642819453258,0.05
nlu_0164_03,S0164,unseen,medical,"The current available evidence requires further exposure, especially in relation to the relationship between warfarin and anticoagulation; following the previous discussion, the decision-making group, before the matter is finalized. The discussion also considers anticoagulation.",anticoagulation; warfarin,2,2,0,,2,,"The current available evidence requires further exposure, especially in relation to the relationship between warfarin and anticoagulation. Following the previous discussion, the decision-making group, before the matter is finalized. The discussion also considers anticoagulation.",,0.0588235294117647,,1.0,0,0,2,0.0,0.0,0.0,,,en,0,0,2.0191846261311387e-05,0.05
nlu_0518_06,S0518,unseen,general,"I am trying to ask about a commute, and this is following the previous discussion, the decision-making group, while comparing the available options.",commute; trying,2,2,0,,2,,"I am trying to ask about a commute, and this is following the previous discussion, the decision-making group, while comparing the available options.",,0.0,,1.0,0,0,2,0.0,0.0,0.0,,,en,0,0,0.0004383284725995183,0.05
nlu_0512_04,S0512,unseen,general,"I wanted to ask about plan a trip, particularly in the current round of review, the reviewing organization, before the next decision.",particularly; wanted,2,2,0,,2,,"I wanted to ask about Plan a Trip, particularly in the current round of review, the reviewing organization before the next decision.",,0.1363636363636363,,1.0,0,0,2,0.0,0.0,0.0,,,en,0,0,0.0004226780707546696,0.05
nlu_0349_05,S0349,unseen,legal,"The specialist discussed the documented issue involving contractual remedy during the latest account; during the latest review, the person handling the matter, while comparing the available options. The record specifically references liquidated damages.",liquidated damages; contractual; remedy,3,3,0,,3,,"The specialist discussed the documented issue involving contractual remedy during the latest account. During the latest review, the person handling the matter while comparing the available options. The record specifically references liquidated damages.",,0.0909090909090909,,1.0,0,0,3,0.0,0.0,0.0,,,en,0,0,0.00016494123788045892,0.05
nlu_0572_08,S0572,unseen,general,"Is it possible to plan a trip, considering in the current round of review, the decision-making group, before the next decision?",possible,1,1,0,,1,,Is it possible to plan a trip considering in the current round of review the decision-making group before the next decision?,,0.1428571428571428,,1.0,0,0,1,0.0,0.0,0.0,,,en,0,0,0.00042010097674585343,0.05
nlu_0105_08,S0105,unseen,medical,"The case involves the reported concern involving migraine with aura, and the relevant relevant records is being assessed; after the latest information became available, the reviewing group, during the present round of discussion. The record specifically references migraine with aura.",migraine with aura,1,1,0,,1,,"The case involves the reported concern involving migraine with aura, and the relevant relevant records is being assessed. After the latest information became available, the reviewing group, during the present round of discussion. The record specifically references migraine with aura.",,0.05,,1.0,0,0,1,0.0,0.0,0.0,,,en,0,0,0.001420064019513861,0.05
nlu_0235_08,S0235,unseen,finance,"The case involves the reported concern involving non-performing asset, and the relevant relevant records is being assessed; after the recent update, the assigned professional, while comparing the available options. The record specifically references non-performing asset.",non-performing asset,1,0,0,,0,,"The case involves the reported concern involving non-performing asset and the relevant relevant records is being assessed. After the recent update, the assigned professional, while comparing the available options. The record specifically references non-performing asset.",,0.0857142857142857,,,0,0,0,0.0,0.0,0.0,,,en,0,0,2.8373252179657545e-05,0.05
nlu_0007_06,S0007,unseen,medical,"The available evidence was considered before deciding how to address the current status of myocardial ischemia; after the recent update, the responsible specialist, during the present round of discussion.",myocardial; ischemia,2,2,1,ischemia,2,3.0,"The available evidence was considered before deciding how to address the current status of myocardial ischemia. After the recent update, the responsible specialist, during the present round of discussion,","The available evidence was considered before deciding how to address the current status of myocardial achema. After the recent update, the responsible specialist, during the present round of discussion,",0.1034482758620689,0.1034482758620689,0.5,1,0,1,1.0,0.5,0.0,,,en,1,1,0.9999999999999798,0.05
nlu_0586_05,S0586,unseen,general,"Can you tell me how to check train status, given following the previous discussion, the reviewing organization, during the present round of discussion?",organization,1,1,0,,1,,"Can you tell me how to check train status? Given following the previous discussion, the reviewing organization during the present round of discussion.",,0.1739130434782608,,1.0,0,0,1,0.0,0.0,0.0,,,en,0,0,0.0004278533120374854,0.05
nlu_0577_10,S0577,unseen,general,"I need some information because I want to request contact information; during the most recent assessment, the technical or professional team, after the latest information was reviewed.",because; contact,2,2,0,,2,,"I need some information because I want to request contact information. During the most recent assessment, the technical or professional team after the latest information was reviewed.",,0.1111111111111111,,1.0,0,0,2,0.0,0.0,0.0,,,en,0,0,0.00043484913596941293,0.05
nlu_0285_02,S0285,unseen,finance,"The team is evaluating capital gains in the context of cost basis, with particular attention to the reported issue; in the current round of review, the current reviewer, while considering the current evidence. The record specifically references capital gains.",capital gains,1,1,0,,1,,"The team is evaluating capital gains in the context of cost basis, with particular attention to the reported issue. In the current round of review, the current reviewer, while considering the current evidence. The record specifically references capital gains.",,0.0512820512820512,,1.0,0,0,1,0.0,0.0,0.0,,,en,0,0,0.0003754641271661848,0.05
nlu_0128_03,S0128,unseen,medical,"The current available evidence requires further strategy, especially in relation to the relationship between neuropathy and peripheral nerve; during the most recent assessment, the case team, before the matter is finalized. The discussion also considers peripheral nerve.",neuropathy; peripheral,2,2,0,,2,,"The current available evidence requires further strategy, especially in relation to the relationship between neuropathy and peripheral nerve. During the most recent assessment, the case team, before the matter, is finalized. The discussion also considers peripheral nerve.",,0.081081081081081,,1.0,0,0,2,0.0,0.0,0.0,,,en,0,0,0.002129608404586009,0.05
nlu_0368_01,S0368,unseen,legal,"The current findings was reviewed in relation to representations and warranties and contractual representation, during the latest review, the reviewing group, during the present round of discussion.",representations warranties; contractual,2,1,0,,1,,"The current findings was reviewed in relation to representations and warranties and contractual representation. During the latest review, the reviewing group during the present round of discussion.",,0.1111111111111111,,1.0,0,0,1,0.0,0.0,0.0,,,en,0,0,5.895295252230662e-05,0.05
nlu_0470_09,S0470,unseen,technology,"The professional handling the matter is reviewing the effect of HTTP endpoint on the overall situation and the associated observed changes; as part of the current review, the person handling the matter, while comparing the available options.",endpoint,1,1,0,,1,,"The professional handling the matter is reviewing the effect of HTTP endpoint on the overall situation and the associated observed changes. As part of the current review, the person handling the matter while comparing the available options.",,0.081081081081081,,1.0,0,0,1,0.0,0.0,0.0,,,en,0,0,3.688604346535476e-05,0.05
nlu_0167_03,S0167,unseen,medical,"The current available evidence requires further adjustment, especially in relation to the relationship between warfarin and anticoagulation; during the ongoing evaluation, the case team, before the matter is finalized. The discussion also considers anticoagulation.",anticoagulation; warfarin,2,2,0,,2,,"The current available evidence requires further adjustment, especially in relation to the relationship between Warfarin and anticoagulation. During the ongoing evaluation, the case team, before the matter, is finalized. The discussion also considers anticoagulation.",,0.1176470588235294,,1.0,0,0,2,0.0,0.0,0.0,,,en,0,0,1.0634556057870498e-05,0.05
nlu_0277_08,S0277,unseen,finance,"The case involves the reported concern involving price-to-earnings ratio, and the relevant relevant records is being assessed; after the recent update, the relevant team, before the next decision. The record specifically references price-to-earnings ratio.",price-to-earnings ratio,1,0,0,,0,,"The case involves the reported concern involving price-to-earnings ratio and the relevant relevant records is being assessed after the recent update, the relevant team, before the next decision. The record specifically references price-to-earnings ratio.",,0.0588235294117647,,,0,0,0,0.0,0.0,0.0,,,en,0,0,4.743964673933928e-05,0.05
nlu_0026_10,S0026,unseen,medical,"Further resolution is needed before a final decision is made about the decision surrounding ischemic pattern; after the latest information became available, the reviewing organization, before the matter is finalized. The record specifically references ST-segment elevation.",elevation; st-segment; ischemic; pattern,4,4,1,st-segment,4,6.0,"Further resolution is needed before a final decision is made about the decision surrounding ischemic pattern. After the latest information became available, the reviewing organization, before the matter is finalized. The record specifically references ST segment elevation.","Further resolution is needed before a final decision is made about the decision surrounding ischemic pattern. After the latest information became available, the reviewing organization, before the matter is finalized. The record specifically references ST segment elevation.",0.1111111111111111,0.1111111111111111,0.25,3,0,0,1.0,1.0,0.0,,,en,1,1,0.9999999956416066,0.05
nlu_0028_10,S0028,unseen,medical,"Further authorization is needed before a final decision is made about the decision surrounding ischemic pattern; as part of the current review, the decision-making group, while considering the current evidence. The record specifically references ST-segment elevation.",elevation; st-segment; ischemic; pattern,4,4,1,st-segment,4,6.0,"Further authorization is needed before a final decision is made about the decision surrounding ischemic pattern. As part of the current review, the decision-making group, while considering the current evidence. The record specifically references ST segment elevation.","Further authorization is needed before a final decision is made about the decision surrounding ischemic pattern. As part of the current review, the decision-making group, while considering the current evidence. The record specifically references ST segment elevation.",0.1111111111111111,0.1111111111111111,0.25,3,0,0,1.0,1.0,0.0,,,en,1,1,0.9999999999998406,0.05
nlu_0591_04,S0591,unseen,general,"I wanted to ask about confirm a meeting, particularly during the ongoing evaluation, the reviewing group, before the next decision.",particularly; wanted,2,2,0,,2,,"I wanted to ask about confirm a meeting, particularly during the ongoing evaluation, the reviewing group before the next decision.",,0.05,,1.0,0,0,2,0.0,0.0,0.0,,,en,0,0,0.00044609824875615676,0.05
nlu_0160_10,S0160,unseen,medical,"Further adjustment is needed before a final decision is made about the decision surrounding infection; after the recent update, the decision-making group, after the latest information was reviewed. The record specifically references azithromycin.",azithromycin; infection,2,1,0,,1,,"Further adjustment is needed before a final decision is made about the decision surrounding infection. After the recent update, the decision-making group, after the latest information was reviewed. The record specifically references Azath Ramaysen.",,0.1212121212121212,,1.0,0,0,1,0.0,0.0,0.0,,,en,0,0,1.1936146081685487e-06,0.05
nlu_0324_08,S0324,unseen,legal,"The case involves the reported concern involving force majeure, and the relevant relevant records is being assessed; as part of the current review, the current reviewer, while considering the current evidence. The record specifically references force majeure.",force majeure,1,0,0,,0,,"The case involves the reported concern involving force majura and the relevant relevant records is being assessed, as part of the current review, the current reviewer, while considering the current evidence. The record specifically references force majura.",,0.081081081081081,,,0,0,0,0.0,0.0,0.0,,,en,0,0,7.470018246521614e-05,0.05
nlu_0218_01,S0218,unseen,finance,"The current findings was reviewed in relation to mortgage underwriting and loan-to-value ratio, as part of the current review, the decision-making group, before the matter is finalized.",mortgage underwriting; loan-to-value,2,2,0,,2,,"The current findings was reviewed in relation to mortgage underwriting and loan-to-value ratio. As part of the current review, the decision-making group, before the matter is finalized.",,0.074074074074074,,1.0,0,0,2,0.0,0.0,0.0,,,en,0,0,0.00014839764092376985,0.05
nlu_0204_02,S0204,unseen,finance,"The team is evaluating AML in the context of transaction monitoring, with particular attention to the reported issue; during the ongoing evaluation, the reviewing organization, before the next decision. The record specifically references AML.",organization; particular,2,2,0,,2,,"The team is evaluating AML in the context of transaction monitoring, with particular attention to the reported issue. During the ongoing evaluation, the reviewing organization before the next decision. The record specifically references AML.",,0.088235294117647,,1.0,0,0,2,0.0,0.0,0.0,,,en,0,0,0.0005991640512134857,0.05
nlu_0225_05,S0225,unseen,finance,"The specialist discussed the documented issue involving collateral value during the latest adjustment; after the recent update, the assigned professional, while considering the current evidence. The record specifically references loan-to-value ratio.",loan-to-value ratio; collateral,2,1,0,,1,,"The specialist discussed the documented issue involving collateral value during the latest adjustment. After the recent update, the assigned professional, while considering the current evidence. The record specifically references loan-to-value ratio.",,0.064516129032258,,1.0,0,0,1,0.0,0.0,0.0,,,en,0,0,0.00018333758532795808,0.05
nlu_0380_07,S0380,unseen,legal,"The latest exposure focused on the evidence related to civil action; as part of the current review, the relevant team, while comparing the available options. The discussion also considers claim.",action,1,1,0,,1,,"The latest exposure focused on the evidence related to civil action, as part of the current review, the relevant team, while comparing the available options. The discussion also considers claim.",,0.0333333333333333,,1.0,0,0,1,0.0,0.0,0.0,,,en,0,0,3.4841087303071294e-05,0.05
nlu_0380_10,S0380,unseen,legal,"Further adjustment is needed before a final decision is made about the decision surrounding civil action; as part of the current review, the relevant team, while comparing the available options. The record specifically references plaintiff.",plaintiff; action,2,2,1,plaintiff,2,0.0,"Further adjustment is needed before a final decision is made about the decision surrounding civil action, as part of the current review, the relevant team, while comparing the available options. The record specifically references plaintiff.","Further adjustment is needed before a final decision is made about the decision surrounding civil action, as part of the current review, the relevant team, while comparing the available options. The record specifically references printf.",0.0285714285714285,0.0571428571428571,0.5,1,0,1,1.0,0.5,0.0,,,en,1,1,0.9999999999999996,0.05
nlu_0127_09,S0127,unseen,medical,"The professional handling the matter is reviewing the effect of peripheral nerve on the overall situation and the associated observed changes; at the current stage, the case team, after the latest information was reviewed.",peripheral,1,1,0,,1,,"The professional handling the matter is reviewing the effect of peripheral nerve on the overall situation and the associated observed changes. At the current stage, the case team, after the latest information, was reviewed.",,0.088235294117647,,1.0,0,0,1,0.0,0.0,0.0,,,en,0,0,0.004239521252175867,0.05
nlu_0081_06,S0081,unseen,medical,"The available evidence was considered before deciding how to address the current status of cerebral infarction; after the recent update, the reviewing organization, before the matter is finalized.",cerebral infarction,1,1,0,,1,,"The available evidence was considered before deciding how to address the current status of cerebral infarction. After the recent update, the reviewing organization, before the matter is finalized.",,0.0714285714285714,,1.0,0,0,1,0.0,0.0,0.0,,,en,0,0,3.6561644492263226e-05,0.05
nlu_0471_07,S0471,unseen,technology,"The latest authorization focused on the evidence related to SQL query; during the latest review, the reviewing organization, during the present round of discussion. The discussion also considers relational database.",relational; database,2,2,0,,2,,"The latest authorization focused on the evidence related to SQL query during the latest review, the reviewing organization during the present round of discussion. The discussion also considers relational database.",,0.0666666666666666,,1.0,0,0,2,0.0,0.0,0.0,,,en,0,0,6.340416269445234e-05,0.05
nlu_0282_10,S0282,unseen,finance,"Further screening is needed before a final decision is made about the decision surrounding earnings per share; at the next decision point, the reviewing group, during the present round of discussion. The record specifically references price-to-earnings ratio.",price-to-earnings ratio; earnings,2,1,0,,1,,"Further screening is needed before a final decision is made about the decision surrounding earnings per share. At the next decision point, the reviewing group during the present round of discussion. The record specifically references price to earnings ratio.",,0.1621621621621621,,1.0,0,0,1,0.0,0.0,0.0,,,en,0,0,3.025934528514123e-05,0.05
nlu_0058_07,S0058,unseen,medical,"The latest report focused on the evidence related to ventricular rate; during the most recent assessment, the person handling the matter, before the matter is finalized. The discussion also considers wide-complex rhythm.",wide-complex; ventricular; rhythm,3,3,1,wide-complex,3,6.0,"The latest report focused on the evidence related to ventricular rate. During the most recent assessment, the person handling the matter before the matter is finalized. The discussion also considers wide complex rhythm.","The latest report focused on the evidence related to ventricular rate. During the most recent assessment, the person handling the matter before the matter is finalized. The discussion also considers wide complex rhythm.",0.15625,0.15625,0.3333333333333333,2,0,0,1.0,1.0,0.0,,,en,1,1,0.9999916850868994,0.05
nlu_0105_07,S0105,unseen,medical,"The latest screening focused on the evidence related to headache; after the latest information became available, the reviewing group, during the present round of discussion. The discussion also considers visual aura.",headache; visual,2,2,0,,2,,"The latest screening focused on the evidence related to headache. After the latest information became available, the reviewing group during the present round of discussion. The discussion also considers visual aura.",,0.0967741935483871,,1.0,0,0,2,0.0,0.0,0.0,,,en,0,0,0.0005562793700226623,0.05
nlu_0105_05,S0105,unseen,medical,"The specialist discussed the documented issue involving visual aura during the latest adjustment; after the latest information became available, the reviewing group, during the present round of discussion. The record specifically references migraine with aura.",migraine with aura; visual,2,2,0,,2,,"The specialist discussed the documented issue involving visual aura during the latest adjustment. After the latest information became available, the reviewing group during the present round of discussion. The record specifically references migraine with aura.",,0.0857142857142857,,1.0,0,0,2,0.0,0.0,0.0,,,en,0,0,0.001521358902755052,0.05
nlu_0105_10,S0105,unseen,medical,"Further incident is needed before a final decision is made about the decision surrounding headache; after the latest information became available, the reviewing group, during the present round of discussion. The record specifically references migraine with aura.",migraine with aura; headache,2,2,0,,2,,"Further incident is needed before a final decision is made about the decision surrounding headache. After the latest information became available, the reviewing group during the present round of discussion. The record specifically references migraine with aura.",,0.081081081081081,,1.0,0,0,2,0.0,0.0,0.0,,,en,0,0,0.0008762457439415615,0.05
nlu_0007_04,S0007,unseen,medical,"A detailed strategy was requested concerning the implications of myocardial ischemia; after the recent update, the responsible specialist, during the present round of discussion.",myocardial; ischemia,2,2,1,ischemia,2,6.0,"A detailed strategy was requested concerning the implications of myocardial ischemia. After the recent update, the responsible specialist, during the present round of discussion,","A detailed strategy was requested concerning the implications of myocardial ischineum. After the recent update, the responsible specialist, during the present round of discussion,",0.125,0.125,0.5,1,0,1,1.0,0.5,0.0,,,en,1,1,1.0,0.05
nlu_0345_04,S0345,unseen,legal,"A detailed monitoring was requested concerning the implications of governing law; after the latest information became available, the decision-making group, before the matter is finalized.",governing,1,1,0,,1,,"A detailed monitoring was requested concerning the implications of governing law. After the latest information became available, the decision-making group, before the matter is finalized.",,0.08,,1.0,0,0,1,0.0,0.0,0.0,,,en,0,0,0.000685833007205626,0.05
nlu_0031_04,S0031,unseen,medical,"A detailed incident was requested concerning the implications of ST-segment elevation; as part of the current review, the reviewing group, during the present round of discussion.",elevation; st-segment,2,2,1,st-segment,2,6.0,"A detailed incident was requested concerning the implications of SD segment elevation. As part of the current review, the reviewing group during the present round of discussion.","A detailed incident was requested concerning the implications of SD segment elevation. As part of the current review, the reviewing group during the present round of discussion.",0.1923076923076923,0.1923076923076923,0.5,1,0,0,1.0,1.0,0.0,,,en,1,1,0.9999999999999978,0.05
nlu_0168_02,S0168,unseen,medical,"The team is evaluating heparin in the context of activated partial thromboplastin time, with particular attention to the reported issue; at the next decision point, the responsible specialist, after the latest information was reviewed. The record specifically references heparin.",heparin; thromboplastin; activated; partial,4,4,1,thromboplastin,4,0.0,"The team is evaluating Heparin in the context of activated partial thromboplastin time, with particular attention to the reported issue. At the next decision point, the responsible specialist, after the latest information, was reviewed. The record specifically references Heparin.","The team is evaluating Heparin in the context of activated partial thrombo-plastic time, with particular attention to the reported issue. At the next decision point, the responsible specialist, after the latest information, was reviewed. The record specifically references Heparin.",0.1282051282051282,0.1538461538461538,0.25,3,0,1,1.0,0.75,0.0,,,en,1,1,0.9999999930181909,0.05
nlu_0572_01,S0572,unseen,general,"I need help with plan a trip, in the current round of review, the decision-making group, before the next decision.",before,1,1,0,,1,,"I need help with plan a trip in the current round of review, the decision making group, before the next decision.",,0.15,,1.0,0,0,1,0.0,0.0,0.0,,,en,0,0,0.0004191653047507298,0.05
nlu_0518_07,S0518,unseen,general,"I would like to ask about a commute; the situation is following the previous discussion, the decision-making group, while comparing the available options.",commute,1,1,0,,1,,"I would like to ask about a commute. The situation is following the previous discussion, the decision-making group, while comparing the available options.",,0.0869565217391304,,1.0,0,0,1,0.0,0.0,0.0,,,en,0,0,0.0004391065539888509,0.05
nlu_0301_03,S0301,unseen,finance,"The current available evidence requires further case, especially in relation to the relationship between derivative hedge and hedging strategy; at the next decision point, the current reviewer, while considering the current evidence. The discussion also considers hedging strategy.",derivative hedge; hedging,2,2,0,,2,,"The current available evidence requires further case, especially in relation to the relationship between derivative hedge and hedging strategy. At the next decision point, the current reviewer, while considering the current evidence. The discussion also considers hedging strategy.",,0.0526315789473684,,1.0,0,0,2,0.0,0.0,0.0,,,en,0,0,6.259621683964381e-05,0.05
nlu_0353_10,S0353,unseen,legal,"Further analysis is needed before a final decision is made about the decision surrounding pre-agreed amount; as part of the current review, the reviewing organization, before the next decision. The record specifically references liquidated damages.",liquidated damages; pre-agreed; amount,3,3,0,,3,,"Further analysis is needed before a final decision is made about the decision surrounding pre-agreed amount. As part of the current review, the reviewing organization before the next decision. The record specifically references liquidated damages.",,0.0857142857142857,,1.0,0,0,3,0.0,0.0,0.0,,,en,0,0,8.707303682391893e-05,0.05
nlu_0081_01,S0081,unseen,medical,"The current findings was reviewed in relation to cerebral infarction and brain MRI, after the recent update, the reviewing organization, before the matter is finalized.",cerebral infarction,1,1,0,,1,,"The current findings was reviewed in relation to cerebral infarction and brain MRI. After the recent update, the reviewing organization, before the matter is finalized.",,0.08,,1.0,0,0,1,0.0,0.0,0.0,,,en,0,0,0.0006412723529790191,0.05
nlu_0221_10,S0221,unseen,finance,"Further strategy is needed before a final decision is made about the decision surrounding mortgage; during the most recent assessment, the person handling the matter, while considering the current evidence. The record specifically references loan-to-value ratio.",loan-to-value ratio; mortgage,2,1,0,,1,,"Further strategy is needed before a final decision is made about the decision surrounding mortgage. During the most recent assessment, the person handling the matter while considering the current evidence. The record specifically references loan-to-value ratio.",,0.0833333333333333,,1.0,0,0,1,0.0,0.0,0.0,,,en,0,0,5.7131844831171464e-05,0.05
nlu_0474_04,S0474,unseen,technology,"A detailed authorization was requested concerning the implications of PostgreSQL; during the latest review, the relevant team, before the matter is finalized.",postgresql,1,1,1,postgresql,1,6.0,"A detailed authorization was requested concerning the implications of PostGIR SQL. During the latest review, the relevant team, before the matter, is finalized.","A detailed authorization was requested concerning the implications of poster SQL. During the latest review, the relevant team, before the matter, is finalized.",0.1818181818181818,0.1818181818181818,1.0,0,0,0,0.0,0.0,0.0,,,en,1,1,0.9999999999788955,0.05
nlu_0597_02,S0597,unseen,general,"Could you help me with request contact information? This is during the most recent assessment, the responsible specialist, during the present round of discussion.",contact,1,1,0,,1,,"Could you help me with request contact information? This is during the most recent assessment, the responsible specialist, during the present round of discussion.",,0.0,,1.0,0,0,1,0.0,0.0,0.0,,,en,0,0,0.00043657669768261946,0.05
nlu_0115_05,S0115,unseen,medical,"The specialist discussed the documented issue involving demyelinating lesion during the latest response; after the recent update, the assigned professional, after the latest information was reviewed. The record specifically references multiple sclerosis.",multiple sclerosis; demyelinating; lesion,3,3,1,lesion,3,3.0,"The specialist discussed the documented issue involving demyelinating lesion during the latest response. After the recent update, the assigned professional, after the latest information was reviewed. The record specifically references multiple sclerosis.","The specialist discussed the documented issue involving demyelinating Asian during the latest response. After the recent update, the assigned professional, after the latest information was reviewed. The record specifically references multiple sclerosis.",0.0625,0.09375,0.25,2,0,1,1.0,0.6666666666666666,0.0,,,en,1,1,0.9999999931589589,0.05
nlu_0164_05,S0164,unseen,medical,"The specialist discussed the documented issue involving anticoagulation during the latest monitoring; following the previous discussion, the decision-making group, before the matter is finalized. The record specifically references warfarin.",anticoagulation; warfarin,2,2,1,warfarin,2,3.0,"The specialist discussed the documented issue involving anticoagulation during the latest monitoring. Following the previous discussion, the decision-making group, before the matter is finalized. The record specifically references Warfarin.","The specialist discussed the documented issue involving anticoagulation during the latest monitoring. Following the previous discussion, the decision-making group, before the matter is finalized. The record specifically references Warframe.",0.1034482758620689,0.1034482758620689,0.5,1,0,1,1.0,0.5,0.0,,,en,1,1,1.0,0.05
nlu_0104_10,S0104,unseen,medical,"Further account is needed before a final decision is made about the decision surrounding EEG; after the latest information became available, the person handling the matter, while comparing the available options. The record specifically references seizure disorder.",seizure disorder,1,1,0,,1,,"Further account is needed before a final decision is made about the decision surrounding EAG. After the latest information became available, the person handling the matter while comparing the available options. The record specifically references seizure disorder.",,0.081081081081081,,1.0,0,0,1,0.0,0.0,0.0,,,en,0,0,0.00020777684735431354,0.05
nlu_0575_08,S0575,unseen,general,"Is it possible to ask for opening hours, considering after the recent update, the technical or professional team, while comparing the available options?",possible; opening,2,2,0,,2,,"Is it possible to ask for opening hours, considering after the recent update, the technical or professional team, while comparing the available options?",,0.0,,1.0,0,0,2,0.0,0.0,0.0,,,en,0,0,0.00043051272259582397,0.05
nlu_0168_03,S0168,unseen,medical,"The current available evidence requires further strategy, especially in relation to the relationship between heparin and anticoagulation; at the next decision point, the responsible specialist, after the latest information was reviewed. The discussion also considers anticoagulation.",anticoagulation; heparin,2,2,1,anticoagulation,2,6.0,"The current available evidence requires further strategy, especially in relation to the relationship between heparin and anticoagulation. At the next decision point, the responsible specialist, after the latest information was reviewed. The discussion also considers anticoagulation.","The current available evidence requires further strategy, especially in relation to the relationship between Heparin and anti-collagulation. At the next decision point, the responsible specialist, after the latest information was reviewed. The discussion also considers anti-collagulation.",0.0555555555555555,0.1111111111111111,0.5,1,0,1,1.0,0.5,0.0,,,en,1,1,0.9999999999999094,0.05
nlu_0239_01,S0239,unseen,finance,"The current findings was reviewed in relation to credit risk and default probability, at the current stage, the reviewing group, before the next decision.",credit risk; probability; default,3,3,0,,3,,"The current findings was reviewed in relation to credit risk and default probability. At the current stage, the reviewing group before the next decision.",,0.125,,1.0,0,0,3,0.0,0.0,0.0,,,en,0,0,0.0002513614420992937,0.05
nlu_0364_01,S0364,unseen,legal,"The current findings was reviewed in relation to representations and warranties and contractual representation, after the recent update, the relevant team, while comparing the available options.",representations warranties; contractual,2,1,0,,1,,"The current findings was reviewed in relation to representations and warranties and contractual representation. After the recent update, the relevant team, while comparing the available options.",,0.0769230769230769,,1.0,0,0,1,0.0,0.0,0.0,,,en,0,0,3.712042971024041e-05,0.05
nlu_0081_09,S0081,unseen,medical,"The professional handling the matter is reviewing the effect of brain MRI on the overall situation and the associated observed changes; after the recent update, the reviewing organization, before the matter is finalized.",organization; finalized,2,2,0,,2,,"The professional handling the matter is reviewing the effect of brain MRI on the overall situation and the associated observed changes. After the recent update, the reviewing organization, before the matter is finalized.",,0.0606060606060606,,1.0,0,0,2,0.0,0.0,0.0,,,en,0,0,0.0011062572977080408,0.05
nlu_0167_10,S0167,unseen,medical,"Further validation is needed before a final decision is made about the decision surrounding INR; during the ongoing evaluation, the case team, before the matter is finalized. The record specifically references warfarin.",warfarin,1,1,0,,1,,"Further validation is needed before a final decision is made about the decision surrounding INR. During the ongoing evaluation, the case team, before the matter is finalized. The record specifically references Warfarin.",,0.09375,,1.0,0,0,1,0.0,0.0,0.0,,,en,0,0,6.083435383986504e-05,0.05
nlu_0406_09,S0406,unseen,legal,"The professional handling the matter is reviewing the effect of document production on the overall situation and the associated observed changes; at the current stage, the case team, before the next decision.",production,1,1,0,,1,,"The professional handling the matter is reviewing the effect of document production on the overall situation and the associated observed changes. At the current stage, the case team before the next decision.",,0.09375,,1.0,0,0,1,0.0,0.0,0.0,,,en,0,0,8.386660662028627e-05,0.05
nlu_0371_07,S0371,unseen,legal,"The latest authorization focused on the evidence related to notice period; in the current round of review, the person handling the matter, before the next decision. The discussion also considers termination right.",termination; period; notice,3,3,0,,3,,"The latest authorization focused on the evidence related to notice period. In the current round of review, the person handling the matter before the next decision. The discussion also considers termination right.",,0.09375,,1.0,0,0,3,0.0,0.0,0.0,,,en,0,0,2.4339925430272024e-05,0.05
nlu_0226_03,S0226,unseen,finance,"The current available evidence requires further monitoring, especially in relation to the relationship between loan-to-value ratio and collateral value; following the previous discussion, the case team, before the matter is finalized. The discussion also considers collateral value.",loan-to-value ratio; collateral,2,1,0,,1,,"The current available evidence requires further monitoring, especially in relation to the relationship between loan-to-value ratio and collateral value. Following the previous discussion, the case team, before the matter is finalized. The discussion also considers collateral value.",,0.054054054054054,,1.0,0,0,1,0.0,0.0,0.0,,,en,0,0,7.53117976538465e-05,0.05
nlu_0045_08,S0045,unseen,medical,"The case involves the reported concern involving echocardiography, and the relevant relevant records is being assessed; during the most recent assessment, the responsible specialist, before the matter is finalized. The record specifically references echocardiography.",echocardiography,1,1,0,,1,,"The case involves the reported concern involving echocardiography and the relevant relevant records is being assessed. During the most recent assessment, the responsible specialist, before the matter is finalized. The record specifically references echocardiography.",,0.088235294117647,,1.0,0,0,1,0.0,0.0,0.0,,,en,0,0,0.0006681811208868644,0.05
nlu_0143_06,S0143,unseen,medical,"The available evidence was considered before deciding how to address the current status of insulin glargine; at the next decision point, the responsible specialist, during the present round of discussion.",insulin glargine,1,0,0,,0,,"The available evidence was considered before deciding how to address the current status of insulin-glargin. At the next decision point, the responsible specialist during the present round of discussion.",,0.1333333333333333,,,0,0,0,0.0,0.0,0.0,,,en,0,0,0.0003430112481535364,0.05
nlu_0143_02,S0143,unseen,medical,"The team is evaluating insulin glargine in the context of glucose control, with particular attention to the reported issue; at the next decision point, the responsible specialist, during the present round of discussion. The record specifically references insulin glargine.",insulin glargine; control; glucose,3,2,0,,2,,"The team is evaluating insulin-glargin in the context of glucose control, with particular attention to the reported issue. At the next decision point, the responsible specialist, during the present round of discussion. The record specifically references insulin-glargin.",,0.1538461538461538,,1.0,0,0,2,0.0,0.0,0.0,,,en,0,0,0.0008048881294648894,0.05
nlu_0100_05,S0100,unseen,medical,"The specialist discussed the documented issue involving seizure activity during the latest report; at the next decision point, the reviewing group, before the next decision. The record specifically references seizure disorder.",seizure disorder; activity,2,2,0,,2,,"The specialist discussed the documented issue involving seizure activity during the latest report. At the next decision point, the reviewing group before the next decision. The record specifically references seizure disorder.",,0.0967741935483871,,1.0,0,0,2,0.0,0.0,0.0,,,en,0,0,6.17970770898511e-05,0.05
nlu_0204_05,S0204,unseen,finance,"The specialist discussed the documented issue involving anti-money laundering during the latest monitoring; during the ongoing evaluation, the reviewing organization, before the next decision. The record specifically references AML.",laundering; anti-money,2,2,0,,2,,"The specialist discussed the documented issue involving anti-money laundering during the latest monitoring, during the ongoing evaluation, the reviewing organization, before the next decision. The record specifically references AML.",,0.0344827586206896,,1.0,0,0,2,0.0,0.0,0.0,,,en,0,0,0.0006179473408684695,0.05
nlu_0460_02,S0460,unseen,technology,"The team is evaluating OAuth 2.0 in the context of access token, with particular attention to the reported issue; following the previous discussion, the technical or professional team, before the next decision. The record specifically references OAuth 2.0.",oauth; access,2,2,0,,2,,"The team is evaluating OAuth 2 in the context of access token, with particular attention to the reported issue. Following the previous discussion, the technical or professional team before the next decision. The record specifically references OAuth 2.",,0.131578947368421,,1.0,0,0,2,0.0,0.0,0.0,,,en,0,0,7.042125043427422e-06,0.05
nlu_0215_07,S0215,unseen,finance,"The latest review focused on the evidence related to debt-to-income; during the latest review, the decision-making group, while considering the current evidence. The discussion also considers loan-to-value ratio.",debt-to-income; loan-to-value,2,2,1,debt-to-income,2,6.0,"The latest review focused on the evidence related to debt to income. During the latest review, the decision-making group, while considering the current evidence. The discussion also considers loan-to-value ratio.","The latest review focused on the evidence related to debt to income. During the latest review, the decision-making group, while considering the current evidence. The discussion also considers loan-to-value ratio.",0.1428571428571428,0.1428571428571428,0.5,1,0,0,1.0,1.0,0.0,,,en,1,1,0.9999999999419649,0.05
nlu_0147_09,S0147,unseen,medical,"The professional handling the matter is reviewing the effect of antibiotic on the overall situation and the associated observed changes; in the current round of review, the technical or professional team, after the latest information was reviewed.",antibiotic,1,1,0,,1,,"The professional handling the matter is reviewing the effect of antibiotic on the overall situation and the associated observed changes. In the current round of review, the technical or professional team after the latest information was reviewed.",,0.081081081081081,,1.0,0,0,1,0.0,0.0,0.0,,,en,0,0,0.0008257215962082398,0.05
nlu_0224_03,S0224,unseen,finance,"The current available evidence requires further exposure, especially in relation to the relationship between loan-to-value ratio and collateral value; at the current stage, the reviewing group, during the present round of discussion. The discussion also considers collateral value.",loan-to-value ratio; collateral,2,1,0,,1,,"The current available evidence requires further exposure, especially in relation to the relationship between loan-to-value ratio and collateral value. At the current stage, the reviewing group during the present round of discussion. The discussion also considers collateral value.",,0.0789473684210526,,1.0,0,0,1,0.0,0.0,0.0,,,en,0,0,8.701002377407431e-05,0.05
nlu_0164_01,S0164,unseen,medical,"The current findings was reviewed in relation to warfarin and anticoagulation, following the previous discussion, the decision-making group, before the matter is finalized.",anticoagulation; warfarin,2,2,0,,2,,"The current findings was reviewed in relation to warfarin and anticoagulation. Following the previous discussion, the decision-making group, before the matter is finalized.",,0.0869565217391304,,1.0,0,0,2,0.0,0.0,0.0,,,en,0,0,3.7207541857475e-05,0.05
nlu_0512_09,S0512,unseen,general,"Could you check this for me regarding plan a trip, in the current round of review, the reviewing organization, before the next decision?",regarding,1,1,0,,1,,"Could you check this for me regarding Plan A Trip? In the current round of review, the reviewing organization before the next decision.",,0.2608695652173913,,1.0,0,0,1,0.0,0.0,0.0,,,en,0,0,0.0004210735059179218,0.05
nlu_0595_09,S0595,unseen,general,"Could you check this for me regarding ask for opening hours, after the recent update, the assigned professional, during the present round of discussion?",regarding; opening,2,2,0,,2,,"Could you check this for me regarding Ask for Opening Hours? After the recent update, the assigned professional during the present round of discussion.",,0.25,,1.0,0,0,2,0.0,0.0,0.0,,,en,0,0,0.00045512629018831514,0.05
nlu_0345_02,S0345,unseen,legal,"The team is evaluating governing law in the context of contract interpretation, with particular attention to the reported issue; after the latest information became available, the decision-making group, before the matter is finalized. The record specifically references governing law.",governing; interpretation; contract,3,3,1,contract,3,0.0,"The team is evaluating governing law and the context of contract interpretation, with particular attention to the reported issue. After the latest information became available, the decision-making group, before the matter is finalized. The record specifically references governing law.","The team is evaluating governing law and the context of contrast interpretation, with particular attention to the reported issue. After the latest information became available, the decision-making group, before the matter is finalized. The record specifically references governing law.",0.0769230769230769,0.1025641025641025,0.3333333333333333,2,0,1,1.0,0.6666666666666666,0.0,,,en,1,1,0.9999999999940075,0.05
nlu_0349_08,S0349,unseen,legal,"The case involves the reported concern involving liquidated damages, and the relevant relevant records is being assessed; during the latest review, the person handling the matter, while comparing the available options. The record specifically references liquidated damages.",liquidated damages,1,1,0,,1,,"The case involves the reported concern involving liquidated damages, and the relevant relevant records is being assessed. During the latest review, the person handling the matter while comparing the available options. The record specifically references liquidated damages.",,0.081081081081081,,1.0,0,0,1,0.0,0.0,0.0,,,en,0,0,0.00019053359714936126,0.05
nlu_0550_06,S0550,unseen,general,"I am trying to send a document, and this is following the previous discussion, the person handling the matter, before the matter is finalized.",trying,1,1,0,,1,,"I am trying to send a document, and this is following the previous discussion, the person handling the matter, before the matter is finalized.",,0.0,,1.0,0,0,1,0.0,0.0,0.0,,,en,0,0,0.0004424478713241486,0.05
nlu_0282_06,S0282,unseen,finance,"The available evidence was considered before deciding how to address the current status of price-to-earnings ratio; at the next decision point, the reviewing group, during the present round of discussion.",price-to-earnings ratio,1,0,0,,0,,"The available evidence was considered before deciding how to address the current status of price to earnings ratio. At the next decision point, the reviewing group during the present round of discussion",,0.2333333333333333,,,0,0,0,0.0,0.0,0.0,,,en,0,0,3.8420977743986186e-05,0.05
nlu_0007_10,S0007,unseen,medical,"Further validation is needed before a final decision is made about the decision surrounding coronary occlusion; after the recent update, the responsible specialist, during the present round of discussion. The record specifically references myocardial ischemia.",myocardial; occlusion; coronary; ischemia,4,4,1,occlusion,4,3.0,"Further validation is needed before a final decision is made about the decision surrounding coronary occlusion. After the recent update, the responsible specialist during the present round of discussion. The record specifically references myocardial ischemia.","Further validation is needed before a final decision is made about the decision surrounding coronary occusion. After the recent update, the responsible specialist during the present round of discussion. The record specifically references myocardial ischemia.",0.0857142857142857,0.0857142857142857,0.25,3,0,1,1.0,0.75,0.0,,,en,1,1,0.9999999999996327,0.05
nlu_0045_06,S0045,unseen,medical,"The available evidence was considered before deciding how to address the current status of echocardiography; during the most recent assessment, the responsible specialist, before the matter is finalized.",echocardiography,1,1,0,,1,,"The available evidence was considered before deciding how to address the current status of echocardiography. During the most recent assessment, the responsible specialist, before the matter is finalized.",,0.0714285714285714,,1.0,0,0,1,0.0,0.0,0.0,,,en,0,0,0.001405571659074338,0.05
nlu_0047_09,S0047,unseen,medical,"The professional handling the matter is reviewing the effect of left ventricular function on the overall situation and the associated observed changes; after the recent update, the reviewing group, before the next decision.",ventricular; function,2,2,0,,2,,"The professional handling the matter is reviewing the effect of left ventricular function on the overall situation and the associated observed changes. After the recent update, the reviewing group before the next decision.",,0.0909090909090909,,1.0,0,0,2,0.0,0.0,0.0,,,en,0,0,0.0014441329874128866,0.05
nlu_0058_08,S0058,unseen,medical,"The case involves the reported concern involving ventricular tachycardia, and the relevant relevant records is being assessed; during the most recent assessment, the person handling the matter, before the matter is finalized. The record specifically references ventricular tachycardia.",ventricular tachycardia,1,1,0,,1,,"The case involves the reported concern involving ventricular tachycardia and the relevant relevant records is being assessed. During the most recent assessment, the person handling the matter before the matter is finalized. The record specifically references ventricular tachycardia.",,0.1052631578947368,,1.0,0,0,1,0.0,0.0,0.0,,,en,0,0,0.0019180297486261445,0.05
nlu_0218_04,S0218,unseen,finance,"A detailed review was requested concerning the implications of mortgage underwriting; as part of the current review, the decision-making group, before the matter is finalized.",mortgage underwriting,1,1,0,,1,,"A detailed review was requested concerning the implications of mortgage underwriting. As part of the current review, the decision-making group, before the matter is finalized.",,0.08,,1.0,0,0,1,0.0,0.0,0.0,,,en,0,0,0.0005224034948495116,0.05
nlu_0285_06,S0285,unseen,finance,"The available evidence was considered before deciding how to address the current status of capital gains; in the current round of review, the current reviewer, while considering the current evidence.",capital gains,1,1,0,,1,,"The available evidence was considered before deciding how to address the current status of capital gains. In the current round of review, the current reviewer, while considering the current evidence.",,0.0666666666666666,,1.0,0,0,1,0.0,0.0,0.0,,,en,0,0,0.0004239150611468758,0.05
nlu_0217_04,S0217,unseen,finance,"A detailed assessment was requested concerning the implications of mortgage underwriting; following the previous discussion, the responsible specialist, during the present round of discussion.",mortgage underwriting,1,1,0,,1,,"A detailed assessment was requested concerning the implications of mortgage underwriting. Following the previous discussion, the responsible specialist during the present round of discussion.",,0.125,,1.0,0,0,1,0.0,0.0,0.0,,,en,0,0,0.00011728626290717197,0.05
nlu_0597_09,S0597,unseen,general,"Could you check this for me regarding request contact information, during the most recent assessment, the responsible specialist, during the present round of discussion?",regarding; contact,2,2,0,,2,,"Could you check this for me regarding request contact information? During the most recent assessment, the responsible specialist during the present round of discussion.",,0.1666666666666666,,1.0,0,0,2,0.0,0.0,0.0,,,en,0,0,0.0004457000164699518,0.05
nlu_0586_02,S0586,unseen,general,"Could you help me with check train status? This is following the previous discussion, the reviewing organization, during the present round of discussion.",organization,1,1,0,,1,,"Could you help me with check-train status? This is following the previous discussion, the reviewing organization during the present round of discussion.",,0.1304347826086956,,1.0,0,0,1,0.0,0.0,0.0,,,en,0,0,0.00045272694950182523,0.05
nlu_0197_04,S0197,unseen,finance,"A detailed assessment was requested concerning the implications of AML; at the next decision point, the reviewing group, before the matter is finalized.",finalized; before,2,2,0,,2,,"A detailed assessment was requested concerning the implications of AML. At the next decision point, the reviewing group, before the matter, is finalized.",,0.1304347826086956,,1.0,0,0,2,0.0,0.0,0.0,,,en,0,0,0.0005543675729363521,0.05
nlu_0559_05,S0559,unseen,general,"Can you tell me how to set a personal reminder, given in the current round of review, the responsible specialist, while considering the current evidence?",reminder; personal,2,2,0,,2,,Can you tell me how to set a personal reminder given in the current round of review the responsible specialist while considering the current evidence?,,0.12,,1.0,0,0,2,0.0,0.0,0.0,,,en,0,0,0.0004431577005278534,0.05
nlu_0474_03,S0474,unseen,technology,"The current available evidence requires further validation, especially in relation to the relationship between PostgreSQL and relational database; during the latest review, the relevant team, before the matter is finalized. The discussion also considers relational database.",postgresql; relational; database,3,3,1,postgresql,3,6.0,"The current available evidence requires further validation, especially in relation to the relationship between Postgres QL and relational database. During the latest review, the relevant team, before the matter is finalized. The discussion also considers relational database.","The current available evidence requires further validation, especially in relation to the relationship between Post-Ker SQL and relational database. During the latest review, the relevant team, before the matter is finalized. The discussion also considers relational database.",0.1111111111111111,0.1111111111111111,0.3333333333333333,2,0,0,1.0,1.0,0.0,,,en,1,1,1.0,0.05
nlu_0176_06,S0176,unseen,medical,"The available evidence was considered before deciding how to address the current status of atorvastatin; after the recent update, the case team, before the matter is finalized.",atorvastatin,1,1,1,atorvastatin,1,6.0,"The available evidence was considered before deciding how to address the current status of Ador Vastatin. After the recent update, the case team, before the matter, is finalized.","The available evidence was considered before deciding how to address the current status of Ador Vastitin. After the recent update, the case team, before the matter, is finalized.",0.1481481481481481,0.1481481481481481,1.0,0,0,0,0.0,0.0,0.0,,,en,1,1,0.9999999996331757,0.05
nlu_0105_03,S0105,unseen,medical,"The current available evidence requires further record, especially in relation to the relationship between migraine with aura and visual aura; after the latest information became available, the reviewing group, during the present round of discussion. The discussion also considers visual aura.",migraine with aura; visual,2,2,0,,2,,"The current available evidence requires further record, especially in relation to the relationship between migraine with aura and visual aura. After the latest information became available, the reviewing group during the present round of discussion. The discussion also considers visual aura. information we have. The discussion also gives us a quick overview of the information we have.",,0.4634146341463415,,1.0,0,0,2,0.0,0.0,0.0,,,en,0,0,0.001000357758167807,0.05
nlu_0550_02,S0550,unseen,general,"Could you help me with send a document? This is following the previous discussion, the person handling the matter, before the matter is finalized.",finalized; document,2,2,0,,2,,"Could you help me with send a document? This is following the previous discussion, the person handling the matter before the matter is finalized.",,0.0416666666666666,,1.0,0,0,2,0.0,0.0,0.0,,,en,0,0,0.00043987864662377833,0.05
nlu_0388_10,S0388,unseen,legal,"Further authorization is needed before a final decision is made about the decision surrounding claim; during the most recent assessment, the case team, before the next decision. The record specifically references defendant.",defendant,1,1,0,,1,,"Further authorization is needed before a final decision is made about the decision surrounding claim. During the most recent assessment, the case team before the next decision. The record specifically references defendant.",,0.09375,,1.0,0,0,1,0.0,0.0,0.0,,,en,0,0,7.573451703519053e-07,0.05
nlu_0081_08,S0081,unseen,medical,"The case involves the reported concern involving cerebral infarction, and the relevant relevant records is being assessed; after the recent update, the reviewing organization, before the matter is finalized. The record specifically references cerebral infarction.",cerebral infarction,1,1,0,,1,,"The case involves the reported concern involving cerebral infarction and the relevant relevant records is being assessed. After the recent update, the reviewing organization, before the matter is finalized. The record specifically references cerebral infarction.",,0.0857142857142857,,1.0,0,0,1,0.0,0.0,0.0,,,en,0,0,0.0007037158097174201,0.05
nlu_0090_07,S0090,unseen,medical,"The latest validation focused on the evidence related to electroencephalography; at the next decision point, the reviewing group, while considering the current evidence. The discussion also considers seizure disorder.",electroencephalography; disorder; seizure,3,3,1,electroencephalography,3,0.0,"The latest validation focused on the evidence related to electroencephalography, at the next decision point, the reviewing group while considering the current evidence. The discussion also considers seizure disorder.","The latest validation focused on the evidence related to electoral and philanthropography at the next decision point, the reviewing group while considering the current evidence. The discussion also considers seizure disorder.",0.0689655172413793,0.1379310344827586,0.3333333333333333,2,0,1,1.0,0.6666666666666666,0.0,,,en,1,1,1.0,0.05
nlu_0251_04,S0251,unseen,finance,"A detailed incident was requested concerning the implications of interest-rate reset; after the recent update, the reviewing group, before the matter is finalized.",interest-rate reset,1,0,0,,0,,"A detailed incident was requested concerning the implications of interest rate reset. After the recent update, the reviewing group, before the matter, is finalized.",,0.217391304347826,,,0,0,0,0.0,0.0,0.0,,,en,0,0,0.00011000423180847064,0.05
nlu_0433_03,S0433,unseen,legal,"The current available evidence requires further resolution, especially in relation to the relationship between jurisdiction and court authority; at the next decision point, the current reviewer, after the latest information was reviewed. The discussion also considers court authority.",jurisdiction; authority,2,2,0,,2,,"The current available evidence requires further resolution, especially in relation to the relationship between jurisdiction and court authority. At the next decision point, the current reviewer, after the latest information, was reviewed. The discussion also considers court authority.",,0.0789473684210526,,1.0,0,0,2,0.0,0.0,0.0,,,en,0,0,7.987455019747184e-05,0.05
nlu_0026_02,S0026,unseen,medical,"The team is evaluating ST-segment elevation in the context of ischemic pattern, with particular attention to the reported issue; after the latest information became available, the reviewing organization, before the matter is finalized. The record specifically references ST-segment elevation.",elevation; st-segment; ischemic; pattern,4,4,2,st-segment; ischemic,4,6.0,"The team is evaluating SD segment elevation in the context of a schematic pattern, with particular attention to the reported issue. After the latest information became available, the reviewing organization, before the matter, is finalized. The record specifically references SD segment elevation.","The team is evaluating SD Segment Elevation in the context of a schematic pattern, with particular attention to the reported issue. After the latest information became available, the reviewing organization, before the matter, is finalized. The record specifically references SD Segment Elevation.",0.2307692307692307,0.282051282051282,0.5,2,0,0,1.0,1.0,0.0,,,en,1,1,0.999993333917019,0.05
nlu_0577_08,S0577,unseen,general,"Is it possible to request contact information, considering during the most recent assessment, the technical or professional team, after the latest information was reviewed?",possible; contact,2,2,0,,2,,"Is it possible to request contact information considering during the most recent assessment, the technical or professional team after the latest information was reviewed?",,0.0833333333333333,,1.0,0,0,2,0.0,0.0,0.0,,,en,0,0,0.00042776383903463263,0.05
nlu_0594_02,S0594,unseen,general,"Could you help me with change a calendar event? This is at the current stage, the technical or professional team, after the latest information was reviewed.",calendar; change,2,2,0,,2,,"Could you help me with change a calendar event? This is at the current stage, the technical or professional team, after the latest information was reviewed.",,0.0,,1.0,0,0,2,0.0,0.0,0.0,,,en,0,0,0.0004268637832442051,0.05
nlu_0297_09,S0297,unseen,finance,"The professional handling the matter is reviewing the effect of interest-rate sensitivity on the overall situation and the associated observed changes; at the current stage, the assigned professional, while comparing the available options.",interest-rate; sensitivity,2,2,1,interest-rate,2,6.0,"The professional handling the matter is reviewing the effect of interest rate sensitivity on the overall situation and the associated observed changes. At the current stage, the assigned professional, while comparing the available options.","The professional handling the matter is reviewing the effect of interest rate sensitivity on the overall situation and the associated observed changes. At the current stage, the assigned professional, while comparing the available options.",0.1212121212121212,0.1212121212121212,0.5,1,0,0,1.0,1.0,0.0,,,en,1,1,0.9999999999999993,0.05
nlu_0374_05,S0374,unseen,legal,"The specialist discussed the documented issue involving termination right during the latest transfer; during the latest review, the decision-making group, before the next decision. The record specifically references termination provision.",termination provision,1,1,0,,1,,"The specialist discussed the documented issue involving termination right during the latest transfer. During the latest review, the decision-making group, before the next decision. The record specifically references termination provision.",,0.0666666666666666,,1.0,0,0,1,0.0,0.0,0.0,,,en,0,0,0.00015761239917128235,0.05
nlu_0115_03,S0115,unseen,medical,"The current available evidence requires further authorization, especially in relation to the relationship between multiple sclerosis and demyelinating lesion; after the recent update, the assigned professional, after the latest information was reviewed. The discussion also considers demyelinating lesion.",multiple sclerosis; demyelinating; lesion,3,3,0,,3,,"The current available evidence requires further authorization, especially in relation to the relationship between multiple sclerosis and demyelinating lesion. After the recent update, the assigned professional, after the latest information, was reviewed. The discussion also considers demyelinating lesion.",,0.0789473684210526,,1.0,0,0,3,0.0,0.0,0.0,,,en,0,0,0.002720444360459857,0.05
nlu_0465_04,S0465,unseen,technology,"A detailed monitoring was requested concerning the implications of REST API; after the latest information became available, the current reviewer, while considering the current evidence.",rest,1,1,0,,1,,"A detailed monitoring was requested concerning the implications of REST API. After the latest information became available, the current reviewer, while considering the current evidence.",,0.08,,1.0,0,0,1,0.0,0.0,0.0,,,en,0,0,5.298472930416226e-05,0.05
nlu_0474_09,S0474,unseen,technology,"The professional handling the matter is reviewing the effect of relational database on the overall situation and the associated observed changes; during the latest review, the relevant team, before the matter is finalized.",relational; database,2,2,0,,2,,"The professional handling the matter is reviewing the effect of relational database on the overall situation and the associated observed changes. During the latest review, the relevant team, before the matter, is finalized.",,0.0909090909090909,,1.0,0,0,2,0.0,0.0,0.0,,,en,0,0,1.2861128581792045e-05,0.05
nlu_0470_02,S0470,unseen,technology,"The team is evaluating REST API in the context of request, with particular attention to the reported issue; as part of the current review, the person handling the matter, while comparing the available options. The record specifically references REST API.",rest,1,1,0,,1,,"The team is evaluating REST API in the context of request, with particular attention to the reported issue. As part of the current review, the person handling the matter while comparing the available options. The record specifically references REST API.",,0.075,,1.0,0,0,1,0.0,0.0,0.0,,,en,0,0,1.5552660039351665e-05,0.05
nlu_0411_02,S0411,unseen,legal,"The team is evaluating motion to dismiss in the context of failure to state a claim, with particular attention to the reported issue; at the current stage, the relevant team, during the present round of discussion. The record specifically references motion to dismiss.",motion dismiss; failure,2,1,0,,1,,"The team is evaluating motion to dismiss in the context of failure to state a claim, with particular attention to the reported issue. At the current stage, the relevant team during the present round of discussion. The record specifically references motion to dismiss.",,0.0697674418604651,,1.0,0,0,1,0.0,0.0,0.0,,,en,0,0,9.262393790632163e-05,0.05
nlu_0167_07,S0167,unseen,medical,"The latest account focused on the evidence related to INR; during the ongoing evaluation, the case team, before the matter is finalized. The discussion also considers anticoagulation.",anticoagulation,1,1,1,anticoagulation,1,3.0,"The latest account focused on the evidence related to INR. During the ongoing evaluation, the case team, before the matter is finalized. The discussion also considers anticoagulation.","The latest account focused on the evidence related to INR. During the ongoing evaluation, the case team, before the matter is finalized. The discussion also considers anti-collagulation.",0.074074074074074,0.1111111111111111,1.0,0,0,1,0.0,0.0,0.0,,,en,1,1,1.0,0.05
nlu_0028_03,S0028,unseen,medical,"The current available evidence requires further strategy, especially in relation to the relationship between ST-segment elevation and electrocardiographic changes; as part of the current review, the decision-making group, while considering the current evidence. The discussion also considers electrocardiographic changes.",electrocardiographic; elevation; st-segment,3,3,1,st-segment,3,6.0,"The current available evidence requires further strategy, especially in relation to the relationship between SD segment elevation and electrocardiographic changes. As part of the current review, the decision-making group, while considering the current evidence. The discussion also considers electrocardiographic changes.","The current available evidence requires further strategy, especially in relation to the relationship between SD segment elevation and electrocardiographic changes. As part of the current review, the decision-making group, while considering the current evidence. The discussion also considers electrocardiographic changes.",0.1025641025641025,0.1025641025641025,0.3333333333333333,2,0,0,1.0,1.0,0.0,,,en,1,1,0.9999999964340529,0.05
nlu_0096_03,S0096,unseen,medical,"The current available evidence requires further transfer, especially in relation to the relationship between epilepsy and seizure disorder; during the ongoing evaluation, the decision-making group, during the present round of discussion. The discussion also considers seizure disorder.",epilepsy; disorder; seizure,3,3,0,,3,,"The current available evidence requires further transfer, especially in relation to the relationship between epilepsy and seizure disorder. During the ongoing evaluation, the decision-making group, during the present round of discussion. The discussion also considers seizure disorder.",,0.054054054054054,,1.0,0,0,3,0.0,0.0,0.0,,,en,0,0,0.0005872820388362751,0.05
nlu_0390_06,S0390,unseen,legal,"The available evidence was considered before deciding how to address the current status of defendant; during the ongoing evaluation, the reviewing group, before the matter is finalized.",defendant,1,1,0,,1,,"The available evidence was considered before deciding how to address the current status of defendant. During the ongoing evaluation, the reviewing group, before the matter is finalized.",,0.074074074074074,,1.0,0,0,1,0.0,0.0,0.0,,,en,0,0,2.5796536644513074e-07,0.05
nlu_0323_07,S0323,unseen,legal,"The latest adjustment focused on the evidence related to unforeseeable event; during the latest review, the decision-making group, after the latest information was reviewed. The discussion also considers contract performance.",unforeseeable; performance; contract,3,3,0,,3,,"The latest adjustment focused on the evidence related to unforeseeable event. During the latest review, the decision-making group, after the latest information was reviewed. The discussion also considers contract performance.",,0.0666666666666666,,1.0,0,0,3,0.0,0.0,0.0,,,en,0,0,4.4426385648073206e-07,0.05
nlu_0465_02,S0465,unseen,technology,"The team is evaluating REST API in the context of request, with particular attention to the reported issue; after the latest information became available, the current reviewer, while considering the current evidence. The record specifically references REST API.",rest,1,1,0,,1,,"The team is evaluating REST API in the context of request, with particular attention to the reported issue. After the latest information became available, the current reviewer, while considering the current evidence. The record specifically references REST API.",,0.0526315789473684,,1.0,0,0,1,0.0,0.0,0.0,,,en,0,0,4.23220192203963e-05,0.05
nlu_0143_01,S0143,unseen,medical,"The current findings was reviewed in relation to insulin glargine and basal insulin, at the next decision point, the responsible specialist, during the present round of discussion.",insulin glargine,1,0,0,,0,,"The current findings was reviewed in relation to insulin-glargin and basal insulin. At the next decision point, the responsible specialist during the present round of discussion.",,0.1851851851851851,,,0,0,0,0.0,0.0,0.0,,,en,0,0,0.0003477565933749972,0.05
nlu_0575_07,S0575,unseen,general,"I would like to ask for opening hours; the situation is after the recent update, the technical or professional team, while comparing the available options.",opening,1,1,0,,1,,"I would like to ask for opening hours. The situation is after the recent update, the technical or professional team, while comparing the available options.",,0.08,,1.0,0,0,1,0.0,0.0,0.0,,,en,0,0,0.000437567915347588,0.05
nlu_0215_03,S0215,unseen,finance,"The current available evidence requires further authorization, especially in relation to the relationship between mortgage underwriting and loan-to-value ratio; during the latest review, the decision-making group, while considering the current evidence. The discussion also considers loan-to-value ratio.",mortgage underwriting; loan-to-value,2,2,0,,2,,"The current available evidence requires further authorization, especially in relation to the relationship between mortgage underwriting and loan-to-value ratio. During the latest review, the decision-making group, while considering the current evidence. The discussion also considers loan-to-value ratio.",,0.054054054054054,,1.0,0,0,2,0.0,0.0,0.0,,,en,0,0,0.00016273961397549283,0.05
nlu_0282_03,S0282,unseen,finance,"The current available evidence requires further report, especially in relation to the relationship between price-to-earnings ratio and P/E; at the next decision point, the reviewing group, during the present round of discussion. The discussion also considers P/E.",price-to-earnings ratio,1,0,0,,0,,"The current available evidence requires further report, especially in relation to the relationship between Price Dornings Ratio and PE. At the next decision point, the reviewing group during the present round of discussion. The discussion also considers PE.",,0.1891891891891892,,,0,0,0,0.0,0.0,0.0,,,en,0,0,8.226369068808913e-07,0.05
nlu_0197_05,S0197,unseen,finance,"The specialist discussed the documented issue involving anti-money laundering during the latest review; at the next decision point, the reviewing group, before the matter is finalized. The record specifically references AML.",laundering; anti-money,2,2,0,,2,,"The specialist discussed the documented issue involving anti-money laundering during the latest review. At the next decision point, the reviewing group, before the matter is finalized. The record specifically references AML.",,0.064516129032258,,1.0,0,0,2,0.0,0.0,0.0,,,en,0,0,0.0004882042600630044,0.05
nlu_0031_08,S0031,unseen,medical,"The case involves the reported concern involving ST-segment elevation, and the relevant relevant records is being assessed; as part of the current review, the reviewing group, during the present round of discussion. The record specifically references ST-segment elevation.",elevation; st-segment,2,2,1,st-segment,2,6.0,"The case involves the reported concern involving ST segment elevation, and the relevant relevant records is being assessed, as part of the current review, the reviewing group, during the present round of discussion. The record specifically references ST segment elevation.","The case involves the reported concern involving ST segment elevation, and the relevant relevant records is being assessed, as part of the current review, the reviewing group, during the present round of discussion. The record specifically references ST segment elevation.",0.131578947368421,0.131578947368421,0.5,1,0,0,1.0,1.0,0.0,,,en,1,1,0.9999999984188424,0.05
nlu_0072_02,S0072,unseen,medical,"The team is evaluating Parkinson disease in the context of resting tremor, with particular attention to the reported issue; in the current round of review, the case team, before the next decision. The record specifically references Parkinson disease.",parkinson disease; resting; tremor,3,2,0,,2,,"The team is evaluating Parkinson's disease in the context of resting tremor, with particular attention to the reported issue, in the current round of review, the case team, before the next decision. The record specifically references Parkinson's disease.",,0.0789473684210526,,1.0,0,0,2,0.0,0.0,0.0,,,en,0,0,0.00038287177843205,0.05
nlu_0074_08,S0074,unseen,medical,"The case involves the reported concern involving ischemic stroke, and the relevant relevant records is being assessed; in the current round of review, the reviewing group, before the next decision. The record specifically references ischemic stroke.",ischemic stroke,1,1,1,ischemic stroke,1,3.0,"The case involves the reported concern involving ischemic stroke and the relevant relevant records is being assessed in the current round of review, the reviewing group, before the next decision. The record specifically references ischemic stroke.","The case involves the reported concern involving a schematic stroke and the relevant relevant records is being assessed in the current round of review, the reviewing group, before the next decision. The record specifically references is schematic stroke.",0.0555555555555555,0.1666666666666666,0.5,0,0,1,0.0,0.0,0.0,,,en,1,1,0.9999999999998115,0.05
nlu_0226_10,S0226,unseen,finance,"Further resolution is needed before a final decision is made about the decision surrounding mortgage; following the previous discussion, the case team, before the matter is finalized. The record specifically references loan-to-value ratio.",loan-to-value ratio; mortgage,2,1,0,,1,,"Further resolution is needed before a final decision is made about the decision surrounding mortgage. Following the previous discussion, the case team, before the matter is finalized. The record specifically references loan-to-value ratio.",,0.0606060606060606,,1.0,0,0,1,0.0,0.0,0.0,,,en,0,0,6.944668730789673e-06,0.05
nlu_0353_01,S0353,unseen,legal,"The current findings was reviewed in relation to liquidated damages and contractual remedy, as part of the current review, the reviewing organization, before the next decision.",liquidated damages; contractual; remedy,3,3,0,,3,,"The current findings was reviewed in relation to liquidated damages and contractual remedy. As part of the current review, the reviewing organization before the next decision.",,0.1153846153846153,,1.0,0,0,3,0.0,0.0,0.0,,,en,0,0,0.00014435428545255886,0.05
nlu_0045_04,S0045,unseen,medical,"A detailed monitoring was requested concerning the implications of echocardiography; during the most recent assessment, the responsible specialist, before the matter is finalized.",echocardiography,1,1,0,,1,,"A detailed monitoring was requested concerning the implications of echocardiography. During the most recent assessment, the responsible specialist, before the matter is finalized.",,0.0869565217391304,,1.0,0,0,1,0.0,0.0,0.0,,,en,0,0,0.001527878991101091,0.05
nlu_0390_03,S0390,unseen,legal,"The current available evidence requires further model, especially in relation to the relationship between defendant and answer; during the ongoing evaluation, the reviewing group, before the matter is finalized. The discussion also considers answer.",defendant; answer,2,2,1,defendant,2,0.0,"The current available evidence requires further model, especially in relation to the relationship between defendant and answer. During the ongoing evaluation, the reviewing group, before the matter, is finalized. The discussion also considers answer.","The current available evidence requires further model, especially in relation to the relationship between descendant and answer. During the ongoing evaluation, the reviewing group, before the matter, is finalized. The discussion also considers answer.",0.088235294117647,0.1176470588235294,0.5,1,0,1,1.0,0.5,0.0,,,en,1,1,1.0,0.05
nlu_0388_08,S0388,unseen,legal,"The case involves the reported concern involving defendant, and the relevant relevant records is being assessed; during the most recent assessment, the case team, before the next decision. The record specifically references defendant.",defendant,1,1,0,,1,,"The case involves the reported concern involving defendant, and the relevant, relevant records is being assessed. During the most recent assessment, the case team before the next decision. The record specifically references defendant.",,0.1212121212121212,,1.0,0,0,1,0.0,0.0,0.0,,,en,0,0,1.6223114217292743e-06,0.05
nlu_0275_03,S0275,unseen,finance,"The current available evidence requires further authorization, especially in relation to the relationship between equity valuation and discounted cash flow; after the latest information became available, the case team, while comparing the available options. The discussion also considers discounted cash flow.",equity valuation; discounted,2,1,0,,1,,"The current available evidence requires further authorization, especially in relation to the relationship between equity evaluation and discounted cash flow. After the latest information became available, the case team, while comparing the available options. The discussion also considers discounted cash flow.",,0.073170731707317,,1.0,0,0,1,0.0,0.0,0.0,,,en,0,0,1.2718408416641377e-05,0.05
nlu_0074_05,S0074,unseen,medical,"The specialist discussed the documented issue involving cerebral infarction during the latest transfer; in the current round of review, the reviewing group, before the next decision. The record specifically references ischemic stroke.",ischemic stroke; infarction; cerebral,3,3,1,ischemic stroke,3,3.0,"The specialist discussed the documented issue involving cerebral infarction during the latest transfer in the current round of review, the reviewing group, before the next decision. The record specifically references ischemic stroke.","The specialist discussed the documented issue involving cerebral infarction during the latest transfer, in the current round of review, the reviewing group, before the next decision. The record specifically references its cubic stroke.",0.03125,0.09375,0.25,2,0,1,1.0,0.6666666666666666,0.0,,,en,1,1,1.0,0.05
nlu_0380_04,S0380,unseen,legal,"A detailed case was requested concerning the implications of plaintiff; as part of the current review, the relevant team, while comparing the available options.",plaintiff,1,1,0,,1,,"A detailed case was requested concerning the implications of plaintiff. As part of the current review, the relevant team, while comparing the available options.",,0.0833333333333333,,1.0,0,0,1,0.0,0.0,0.0,,,en,0,0,6.438045473139093e-06,0.05
nlu_0460_05,S0460,unseen,technology,"The specialist discussed the documented issue involving authorization server during the latest report; following the previous discussion, the technical or professional team, before the next decision. The record specifically references OAuth 2.0.",oauth; server,2,2,0,,2,,"The specialist discussed the documented issue involving authorization server during the latest report, following the previous discussion, the technical or professional team, before the next decision. The record specifically references OAuth 2.",,0.0625,,1.0,0,0,2,0.0,0.0,0.0,,,en,0,0,1.9947866005239745e-05,0.05
nlu_0197_06,S0197,unseen,finance,"The available evidence was considered before deciding how to address the current status of AML; at the next decision point, the reviewing group, before the matter is finalized.",finalized; deciding,2,2,0,,2,,"The available evidence was considered before deciding how to address the current status of AML. At the next decision point, the reviewing group, before the matter is finalized.",,0.0714285714285714,,1.0,0,0,2,0.0,0.0,0.0,,,en,0,0,0.0005541442191968759,0.05
nlu_0353_06,S0353,unseen,legal,"The available evidence was considered before deciding how to address the current status of liquidated damages; as part of the current review, the reviewing organization, before the next decision.",liquidated damages,1,1,0,,1,,"The available evidence was considered before deciding how to address the current status of liquidated damages. As part of the current review, the reviewing organization before the next decision.",,0.1034482758620689,,1.0,0,0,1,0.0,0.0,0.0,,,en,0,0,0.00011613833261862973,0.05
nlu_0368_02,S0368,unseen,legal,"The team is evaluating representations and warranties in the context of warranty, with particular attention to the reported issue; during the latest review, the reviewing group, during the present round of discussion. The record specifically references representations and warranties.",representations warranties; warranty,2,1,0,,1,,"The team is evaluating representations and warranties in the context of warranty, with particular attention to the reported issue, during the latest review, the reviewing group, during the present round of discussion. The record specifically references representations and warranties.",,0.0256410256410256,,1.0,0,0,1,0.0,0.0,0.0,,,en,0,0,0.00010233949878150775,0.05
nlu_0389_07,S0389,unseen,legal,"The latest resolution focused on the evidence related to claim; at the next decision point, the person handling the matter, before the next decision. The discussion also considers answer.",answer,1,1,0,,1,,"The latest resolution focused on the evidence related to claim. At the next decision point, the person handling the matter before the next decision. The discussion also considers answer.",,0.1034482758620689,,1.0,0,0,1,0.0,0.0,0.0,,,en,0,0,1.0712954948155908e-06,0.05
nlu_0081_10,S0081,unseen,medical,"Further strategy is needed before a final decision is made about the decision surrounding diffusion restriction; after the recent update, the reviewing organization, before the matter is finalized. The record specifically references cerebral infarction.",cerebral infarction; diffusion,2,2,0,,2,,"Further strategy is needed before a final decision is made about the decision surrounding diffusion restriction. After the recent update, the reviewing organization before the matter is finalized. The record specifically references cerebral infarction.",,0.088235294117647,,1.0,0,0,2,0.0,0.0,0.0,,,en,0,0,0.0026454609997824375,0.05
nlu_0591_08,S0591,unseen,general,"Is it possible to confirm a meeting, considering during the ongoing evaluation, the reviewing group, before the next decision?",possible,1,1,0,,1,,Is it possible to confirm a meeting considering during the ongoing evaluation the reviewing group before the next decision?,,0.1578947368421052,,1.0,0,0,1,0.0,0.0,0.0,,,en,0,0,0.00043793161982376373,0.05
nlu_0566_04,S0566,unseen,general,"I wanted to ask about check train status, particularly after the latest information became available, the case team, before the matter is finalized.",particularly; wanted,2,2,0,,2,,"I wanted to ask about check-trained status, particularly after the latest information became available, the case team, before the matter is finalized.",,0.0869565217391304,,1.0,0,0,2,0.0,0.0,0.0,,,en,0,0,0.00043716056227257265,0.05
nlu_0285_07,S0285,unseen,finance,"The latest screening focused on the evidence related to cost basis; in the current round of review, the current reviewer, while considering the current evidence. The discussion also considers realized return.",realized; return,2,2,0,,2,,"The latest screening focused on the evidence related to cost basis. In the current round of review, the current reviewer, while considering the current evidence. The discussion also considers realized return.",,0.064516129032258,,1.0,0,0,2,0.0,0.0,0.0,,,en,0,0,0.00023544893222309405,0.05
nlu_0390_08,S0390,unseen,legal,"The case involves the reported concern involving defendant, and the relevant relevant records is being assessed; during the ongoing evaluation, the reviewing group, before the matter is finalized. The record specifically references defendant.",defendant,1,1,0,,1,,"The case involves the reported concern involving defendant and the relevant relevant records is being assessed. During the ongoing evaluation, the reviewing group, before the matter, is finalized. The record specifically references defendant.",,0.1212121212121212,,1.0,0,0,1,0.0,0.0,0.0,,,en,0,0,2.3111922920283435e-07,0.05
nlu_0176_07,S0176,unseen,medical,"The latest analysis focused on the evidence related to LDL cholesterol; after the recent update, the case team, before the matter is finalized. The discussion also considers statin.",cholesterol; statin,2,2,0,,2,,"The latest analysis focused on the evidence related to LDL cholesterol. After the recent update, the case team, before the matter, is finalized. The discussion also considers statin.",,0.1071428571428571,,1.0,0,0,2,0.0,0.0,0.0,,,en,0,0,0.00013705261860076927,0.05
nlu_0235_07,S0235,unseen,finance,"The latest review focused on the evidence related to default; after the recent update, the assigned professional, while comparing the available options. The discussion also considers loan delinquency.",delinquency; default,2,2,0,,2,,"The latest review focused on the evidence related to default. After the recent update, the assigned professional, while comparing the available options. The discussion also considers loan delinquency.",,0.0714285714285714,,1.0,0,0,2,0.0,0.0,0.0,,,en,0,0,6.5075016973874876e-06,0.05
nlu_0160_06,S0160,unseen,medical,"The available evidence was considered before deciding how to address the current status of azithromycin; after the recent update, the decision-making group, after the latest information was reviewed.",azithromycin,1,1,1,azithromycin,1,6.0,"The available evidence was considered before deciding how to address the current status of Azathromycin. After the recent update, the decision-making group, after the latest information was reviewed.","The available evidence was considered before deciding how to address the current status of Azathromycin. After the recent update, the decision-making group, after the latest information was reviewed.",0.0714285714285714,0.0714285714285714,1.0,0,0,0,0.0,0.0,0.0,,,en,1,1,0.9999989870276775,0.05
nlu_0597_07,S0597,unseen,general,"I would like to request contact information; the situation is during the most recent assessment, the responsible specialist, during the present round of discussion.",contact,1,1,0,,1,,"I would like to request contact information. The situation is during the most recent assessment, the responsible specialist during the present round of discussion.",,0.125,,1.0,0,0,1,0.0,0.0,0.0,,,en,0,0,0.00043491303064688465,0.05
nlu_0095_05,S0095,unseen,medical,"The specialist discussed the documented issue involving seizure disorder during the latest response; during the ongoing evaluation, the reviewing organization, before the matter is finalized. The record specifically references epilepsy.",epilepsy; disorder; seizure,3,3,0,,3,,"The specialist discussed the documented issue involving seizure disorder during the latest response. During the ongoing evaluation, the reviewing organization, before the matter is finalized. The record specifically references epilepsy.",,0.0666666666666666,,1.0,0,0,3,0.0,0.0,0.0,,,en,0,0,0.000331858774213,0.05
nlu_0229_09,S0229,unseen,finance,"The professional handling the matter is reviewing the effect of loan delinquency on the overall situation and the associated observed changes; after the latest information became available, the relevant team, during the present round of discussion.",delinquency,1,1,0,,1,,"The professional handling the matter is reviewing the effect of loan delinquency on the overall situation and the associated observed changes. After the latest information became available, the relevant team during the present round of discussion.",,0.0833333333333333,,1.0,0,0,1,0.0,0.0,0.0,,,en,0,0,0.00019916402098749258,0.05
nlu_0471_08,S0471,unseen,technology,"The case involves the reported concern involving PostgreSQL, and the relevant relevant records is being assessed; during the latest review, the reviewing organization, during the present round of discussion. The record specifically references PostgreSQL.",postgresql,1,1,1,postgresql,1,6.0,"The case involves the reported concern involving Postgres SQL, and the relevant relevant records is being assessed during the latest review, the reviewing organization during the present round of discussion. The records specifically references Postgres SQL.","The case involves the reported concern involving Postgres SQL, and the relevant relevant records is being assessed during the latest review, the reviewing organization during the present round of discussion. The record specifically references Postgres SQL.",0.2058823529411764,0.1764705882352941,1.0,0,0,0,0.0,0.0,0.0,,,en,1,1,0.9999999989043511,0.05
nlu_0430_03,S0430,unseen,legal,"The current available evidence requires further model, especially in relation to the relationship between civil procedure and procedural rule; after the recent update, the technical or professional team, while considering the current evidence. The discussion also considers procedural rule.",civil procedure; procedural,2,2,0,,2,,"The current available evidence requires further model, especially in relation to the relationship between civil procedure and procedural rule. After the recent update, the technical or professional team, while considering the current evidence. The discussion also considers procedural rule.",,0.0512820512820512,,1.0,0,0,2,0.0,0.0,0.0,,,en,0,0,5.614859075242331e-05,0.05
nlu_0234_04,S0234,unseen,finance,"A detailed authorization was requested concerning the implications of non-performing asset; following the previous discussion, the relevant team, before the next decision.",non-performing asset,1,0,0,,0,,"A detailed authorization was requested concerning the implications of non-performing asset. Following the previous discussion, the relevant team before the next decision.",,0.1363636363636363,,,0,0,0,0.0,0.0,0.0,,,en,0,0,2.0920070753043733e-05,0.05
nlu_0215_05,S0215,unseen,finance,"The specialist discussed the documented issue involving loan-to-value ratio during the latest response; during the latest review, the decision-making group, while considering the current evidence. The record specifically references mortgage underwriting.",mortgage underwriting; loan-to-value,2,2,0,,2,,"The specialist discussed the documented issue involving loan-to-value ratio during the latest response, during the latest review, the decision-making group, while considering the current evidence. The record specifically references mortgage underwriting.",,0.032258064516129,,1.0,0,0,2,0.0,0.0,0.0,,,en,0,0,9.30487962528435e-05,0.05
nlu_0577_06,S0577,unseen,general,"I am trying to request contact information, and this is during the most recent assessment, the technical or professional team, after the latest information was reviewed.",contact; trying,2,2,0,,2,,"I am trying to request contact information, and this is during the most recent assessment, the technical or professional team, after the latest information was reviewed.",,0.0,,1.0,0,0,2,0.0,0.0,0.0,,,en,0,0,0.00043890264258985797,0.05
nlu_0595_05,S0595,unseen,general,"Can you tell me how to ask for opening hours, given after the recent update, the assigned professional, during the present round of discussion?",opening,1,1,0,,1,,Can you tell me how to ask for opening hours given after the recent update the assigned professional during the present round of discussion?,,0.125,,1.0,0,0,1,0.0,0.0,0.0,,,en,0,0,0.0004189393391322394,0.05
nlu_0215_06,S0215,unseen,finance,"The available evidence was considered before deciding how to address the current status of mortgage underwriting; during the latest review, the decision-making group, while considering the current evidence.",mortgage underwriting,1,1,0,,1,,"The available evidence was considered before deciding how to address the current status of mortgage underwriting. During the latest review, the decision-making group, while considering the current evidence",,0.1071428571428571,,1.0,0,0,1,0.0,0.0,0.0,,,en,0,0,9.035749062438827e-05,0.05
nlu_0197_03,S0197,unseen,finance,"The current available evidence requires further response, especially in relation to the relationship between AML and anti-money laundering; at the next decision point, the reviewing group, before the matter is finalized. The discussion also considers anti-money laundering.",laundering; anti-money,2,2,0,,2,,"The current available evidence requires further response, especially in relation to the relationship between AML and anti-money laundering. At the next decision point, the reviewing group, before the matter, is finalized. The discussion also considers anti-money laundering.",,0.081081081081081,,1.0,0,0,2,0.0,0.0,0.0,,,en,0,0,0.0004122245220438409,0.05
nlu_0026_03,S0026,unseen,medical,"The current available evidence requires further monitoring, especially in relation to the relationship between ST-segment elevation and electrocardiographic changes; after the latest information became available, the reviewing organization, before the matter is finalized. The discussion also considers electrocardiographic changes.",electrocardiographic; elevation; st-segment,3,3,1,st-segment,3,6.0,"The current available evidence requires further monitoring, especially in relation to the relationship between ST segment elevation and electrocardiographic changes. After the latest information became available, the reviewing organization, before the matter is finalized. The discussion also considers electrocardiographic changes. The discussion also considers electrocardiographic changes. The discussion also considers electrocardiographic changes. The discussion also considers electrocardiographic changes.","The current available evidence requires further monitoring, especially in relation to the relationship between ST segment elevation and electrocardiographic changes. After the latest information became available, the reviewing organization, before the matter is finalized. The discussion also considers electrocardiographic changes.",0.5641025641025641,0.1025641025641025,0.3333333333333333,2,0,0,1.0,1.0,0.0,,,en,1,1,0.9999999704111548,0.05
nlu_0465_10,S0465,unseen,technology,"Further incident is needed before a final decision is made about the decision surrounding request; after the latest information became available, the current reviewer, while considering the current evidence. The record specifically references REST API.",rest,1,1,0,,1,,"Further incident is needed before a final decision is made about the decision surrounding request. After the latest information became available, the current reviewer, while considering the current evidence. The records specifically references REST API.",,0.0857142857142857,,1.0,0,0,1,0.0,0.0,0.0,,,en,0,0,4.241978848298022e-05,0.05
nlu_0586_07,S0586,unseen,general,"I would like to check train status; the situation is following the previous discussion, the reviewing organization, during the present round of discussion.",organization,1,1,0,,1,,"I would like to check train status. The situation is following the previous discussion, the reviewing organization, during the present round of discussion.",,0.0869565217391304,,1.0,0,0,1,0.0,0.0,0.0,,,en,0,0,0.00042617837499172976,0.05
nlu_0590_04,S0590,unseen,general,"I wanted to ask about send a document, particularly during the latest review, the current reviewer, after the latest information was reviewed.",particularly; wanted,2,2,0,,2,,"I wanted to ask about send a document, particularly during the latest review, the current reviewer, after the latest information was reviewed.",,0.0,,1.0,0,0,2,0.0,0.0,0.0,,,en,0,0,0.0004370611591541924,0.05
nlu_0224_04,S0224,unseen,finance,"A detailed record was requested concerning the implications of loan-to-value ratio; at the current stage, the reviewing group, during the present round of discussion.",loan-to-value ratio,1,0,0,,0,,"A detailed record was requested concerning the implications of loan-to-value ratio. At the current stage, the reviewing group during the present round of discussion",,0.1666666666666666,,,0,0,0,0.0,0.0,0.0,,,en,0,0,1.4902899924355788e-05,0.05
nlu_0068_08,S0068,unseen,medical,"The case involves the reported concern involving Parkinson disease, and the relevant relevant records is being assessed; after the latest information became available, the assigned professional, before the next decision. The record specifically references Parkinson disease.",parkinson disease,1,0,0,,0,,"The case involves the reported concern involving Parkinson's disease and the relevant relevant records is being assessed. After the latest information became available, the assigned professional before the next decision. The record specifically references Parkinson's disease.",,0.1666666666666666,,,0,0,0,0.0,0.0,0.0,,,en,0,0,9.760806527010489e-05,0.05
nlu_0007_02,S0007,unseen,medical,"The team is evaluating myocardial ischemia in the context of coronary occlusion, with particular attention to the reported issue; after the recent update, the responsible specialist, during the present round of discussion. The record specifically references myocardial ischemia.",myocardial; occlusion; coronary; ischemia,4,4,1,occlusion,4,3.0,"The team is evaluating myocardial ischemia in the context of coronary occlusion, with particular attention to the reported issue. After the recent update, the responsible specialist, during the present round of discussion. The record specifically references myocardial ischemia.","The team is evaluating myocardial ischemia in the context of coronary occusion, with particular attention to the reported issue. After the recent update, the responsible specialist, during the present round of discussion. The record specifically references myocardial ischemia.",0.0526315789473684,0.0789473684210526,0.25,3,0,1,1.0,0.75,0.0,,,en,1,1,0.9999999999998395,0.05
nlu_0168_01,S0168,unseen,medical,"The current findings was reviewed in relation to heparin and anticoagulation, at the next decision point, the responsible specialist, after the latest information was reviewed.",anticoagulation; heparin,2,2,1,anticoagulation,2,0.0,"The current findings was reviewed in relation to heparin and anticoagulation. At the next decision point, the responsible specialist, after the latest information was reviewed.","The current findings was reviewed in relation to heparin and antifragulation. At the next decision point, the responsible specialist, after the latest information was reviewed. The current findings were reviewed in relation to the latest information. The current findings were reviewed in relation to the latest information.",0.08,0.96,0.5,1,0,1,1.0,0.5,0.0,,,en,1,1,0.9999999941436992,0.05
nlu_0074_04,S0074,unseen,medical,"A detailed authorization was requested concerning the implications of ischemic stroke; in the current round of review, the reviewing group, before the next decision.",ischemic stroke,1,1,1,ischemic stroke,1,3.0,"A detailed authorization was requested concerning the implications of ischemic stroke. In the current round of review, the reviewing group before the next decision.","A detailed authorization was requested concerning the implications of a schematic stroke. In the current round of review, the reviewing group, before the next decision.",0.125,0.1666666666666666,0.5,0,0,1,0.0,0.0,0.0,,,en,1,1,0.9999999999915206,0.05
nlu_0566_10,S0566,unseen,general,"I need some information because I want to check train status; after the latest information became available, the case team, before the matter is finalized.",because,1,1,0,,1,,"I need some information because I want to check train status. After the latest information became available, the case team, before the matter is finalized.",,0.08,,1.0,0,0,1,0.0,0.0,0.0,,,en,0,0,0.0004279536222302367,0.05
nlu_0251_10,S0251,unseen,finance,"Further assessment is needed before a final decision is made about the decision surrounding loan pricing; after the recent update, the reviewing group, before the matter is finalized. The record specifically references interest-rate reset.",interest-rate reset; pricing,2,1,0,,1,,"Further assessment is needed before a final decision is made about the decision surrounding loan pricing. After the recent update, the reviewing group, before the matter is finalized. The record specifically references interest rate reset.",,0.1176470588235294,,1.0,0,0,1,0.0,0.0,0.0,,,en,0,0,0.0003366409679771305,0.05
nlu_0081_04,S0081,unseen,medical,"A detailed report was requested concerning the implications of cerebral infarction; after the recent update, the reviewing organization, before the matter is finalized.",cerebral infarction,1,1,0,,1,,"A detailed report was requested concerning the implications of cerebral infarction. After the recent update, the reviewing organization, before the matter is finalized.",,0.0869565217391304,,1.0,0,0,1,0.0,0.0,0.0,,,en,0,0,8.776653254599011e-05,0.05
nlu_0518_05,S0518,unseen,general,"Can you tell me how to ask about a commute, given following the previous discussion, the decision-making group, while comparing the available options?",commute,1,1,0,,1,,"Can you tell me how to ask about a commute? Given following the previous discussion, the decision-making group, while comparing the available options.",,0.1304347826086956,,1.0,0,0,1,0.0,0.0,0.0,,,en,0,0,0.00043039306996076634,0.05
nlu_0595_10,S0595,unseen,general,"I need some information because I want to ask for opening hours; after the recent update, the assigned professional, during the present round of discussion.",opening; because,2,2,0,,2,,"I need some information because I want to ask for opening hours. After the recent update, the assigned professional during the present round of discussion.",,0.12,,1.0,0,0,2,0.0,0.0,0.0,,,en,0,0,0.00044601439240842433,0.05
nlu_0072_09,S0072,unseen,medical,"The professional handling the matter is reviewing the effect of bradykinesia on the overall situation and the associated observed changes; in the current round of review, the case team, before the next decision.",bradykinesia,1,1,1,bradykinesia,1,6.0,"The professional handling the matter is reviewing the effect of bradikinesia on the overall situation and the associated observed changes. In the current round of review, the case team before the next decision.","The professional handling the matter is reviewing the effect of Fratikinuja on the overall situation and the associated observed changes. In the current round of review, the case team before the next decision.",0.1212121212121212,0.1212121212121212,1.0,0,0,0,0.0,0.0,0.0,,,en,1,1,1.0,0.05
nlu_0197_02,S0197,unseen,finance,"The team is evaluating AML in the context of transaction monitoring, with particular attention to the reported issue; at the next decision point, the reviewing group, before the matter is finalized. The record specifically references AML.",particular; evaluating,2,2,0,,2,,"The team is evaluating AML in the context of transaction monitoring, with particular attention to the reported issue. At the next decision point, the reviewing group, before the matter, is finalized. The record specifically references AML.",,0.0833333333333333,,1.0,0,0,2,0.0,0.0,0.0,,,en,0,0,0.0005212491901945582,0.05
nlu_0068_01,S0068,unseen,medical,"The current findings was reviewed in relation to Parkinson disease and bradykinesia, after the latest information became available, the assigned professional, before the next decision.",parkinson disease; bradykinesia,2,2,1,bradykinesia,2,6.0,"The current findings was reviewed in relation to Parkinson disease and bradikinesia. After the latest information became available, the assigned professional before the next decision.","The current findings was reviewed in relation to Parkinson disease and bradic anemia. After the latest information became available, the assigned professional before the next decision.",0.12,0.16,0.3333333333333333,1,0,0,1.0,1.0,0.0,,,en,1,1,0.9999999999989786,0.05
nlu_0390_04,S0390,unseen,legal,"A detailed account was requested concerning the implications of defendant; during the ongoing evaluation, the reviewing group, before the matter is finalized.",defendant,1,1,0,,1,,"A detailed account was requested concerning the implications of defendant. During the ongoing evaluation, the reviewing group, before the matter, is finalized.",,0.1363636363636363,,1.0,0,0,1,0.0,0.0,0.0,,,en,0,0,7.777568344594749e-07,0.05
nlu_0090_08,S0090,unseen,medical,"The case involves the reported concern involving epilepsy, and the relevant relevant records is being assessed; at the next decision point, the reviewing group, while considering the current evidence. The record specifically references epilepsy.",epilepsy,1,1,0,,1,,"The case involves the reported concern involving epilepsy and the relevant relevant records is being assessed. At the next decision point, the reviewing group, while considering the current evidence. The record specifically references epilepsy.",,0.088235294117647,,1.0,0,0,1,0.0,0.0,0.0,,,en,0,0,0.00040454197632946304,0.05
nlu_0271_06,S0271,unseen,finance,"The available evidence was considered before deciding how to address the current status of equity valuation; at the next decision point, the reviewing organization, while considering the current evidence.",equity valuation,1,1,0,,1,,"The available evidence was considered before deciding how to address the current status of equity valuation. At the next decision point, the reviewing organization while considering the current evidence.",,0.1034482758620689,,1.0,0,0,1,0.0,0.0,0.0,,,en,0,0,3.641001679492871e-05,0.05
nlu_0033_03,S0033,unseen,medical,"The current available evidence requires further resolution, especially in relation to the relationship between troponin and cardiac biomarker; as part of the current review, the relevant team, during the present round of discussion. The discussion also considers cardiac biomarker.",troponin; biomarker; cardiac,3,3,1,troponin,3,6.0,"The current available evidence requires further resolution, especially in relation to the relationship between Tropanin and Cardiac Biomarker. As part of the current review, the relevant team during the present round of discussion. The discussion also considers Cardiac Biomarker.","The current available evidence requires further resolution, especially in relation to the relationship between Trothman and Cardiac biomarker. As part of the current review, the relevant team during the present round of discussion. The discussion also considers Cardiac biomarker.",0.1794871794871795,0.1538461538461538,0.3333333333333333,2,0,0,1.0,1.0,0.0,,,en,1,1,1.0,0.05
nlu_0217_08,S0217,unseen,finance,"The case involves the reported concern involving mortgage underwriting, and the relevant relevant records is being assessed; following the previous discussion, the responsible specialist, during the present round of discussion. The record specifically references mortgage underwriting.",mortgage underwriting,1,1,0,,1,,"The case involves the reported concern involving mortgage underwriting, and the relevant relevant records is being assessed, following the previous discussion, the responsible specialist, during the present round of discussion. The record specifically references mortgage underwriting.",,0.0277777777777777,,1.0,0,0,1,0.0,0.0,0.0,,,en,0,0,5.821617621782344e-05,0.05
nlu_0226_02,S0226,unseen,finance,"The team is evaluating loan-to-value ratio in the context of mortgage, with particular attention to the reported issue; following the previous discussion, the case team, before the matter is finalized. The record specifically references loan-to-value ratio.",loan-to-value ratio; mortgage,2,1,0,,1,,"The team is evaluating loan-to-value ratio in the context of mortgage, with particular attention to the reported issue. Following the previous discussion, the case team, before the matter, is finalized. The record specifically references loan-to-value ratio.",,0.0833333333333333,,1.0,0,0,1,0.0,0.0,0.0,,,en,0,0,0.0005081094508153369,0.05
nlu_0217_07,S0217,unseen,finance,"The latest case focused on the evidence related to debt-to-income; following the previous discussion, the responsible specialist, during the present round of discussion. The discussion also considers loan-to-value ratio.",debt-to-income; loan-to-value,2,2,1,debt-to-income,2,6.0,"The latest case focused on the evidence related to debt to income. Following the previous discussion, the responsible specialist during the present round of discussion. The discussion also considers loan-to-value ratio.","The latest case focused on the evidence related to debt to income, following the previous discussion, the responsible specialist, during the present round of discussion. The discussion also considers loan-to-value ratio.",0.1724137931034483,0.1034482758620689,0.5,1,0,0,1.0,1.0,0.0,,,en,1,1,0.9999999999973981,0.05
nlu_0074_02,S0074,unseen,medical,"The team is evaluating ischemic stroke in the context of focal neurological deficit, with particular attention to the reported issue; in the current round of review, the reviewing group, before the next decision. The record specifically references ischemic stroke.",ischemic stroke; neurological; deficit,3,3,1,ischemic stroke,3,0.0,"The team is evaluating ischemic stroke in the context of focal neurological deficit, with particular attention to the reported issue, in the current round of review, the reviewing group, before the next decision. The record specifically references ischemic stroke.","The team is evaluating a schemic stroke in the context of focal neurological deficit, with particular attention to the reported issue, in the current round of review, the reviewing group, before the next decision. The record specifically references a schemic stroke.",0.0256410256410256,0.1282051282051282,0.25,2,0,1,1.0,0.6666666666666666,0.0,,,en,1,1,0.9999999911180936,0.05
nlu_0272_06,S0272,unseen,finance,"The available evidence was considered before deciding how to address the current status of equity valuation; during the most recent assessment, the decision-making group, during the present round of discussion.",equity valuation,1,1,1,equity valuation,1,6.0,"The available evidence was considered before deciding how to address the current status of equity valuation. During the most recent assessment, the decision-making group, during the present round of discussion","The available evidence was considered before deciding how to address the current status of equity evaluation. During the most recent assessment, the decision-making group, during the present round of discussion",0.1,0.1,0.5,0,0,1,0.0,0.0,0.0,,,en,1,1,1.0,0.05
nlu_0390_09,S0390,unseen,legal,"The professional handling the matter is reviewing the effect of answer on the overall situation and the associated observed changes; during the ongoing evaluation, the reviewing group, before the matter is finalized.",answer,1,1,0,,1,,"The professional handling the matter is reviewing the effective answer on the overall situation and the associated observed changes. During the ongoing evaluation, the reviewing group, before the matter, is finalized.",,0.15625,,1.0,0,0,1,0.0,0.0,0.0,,,en,0,0,6.7303805746982e-08,0.05
nlu_0274_03,S0274,unseen,finance,"The current available evidence requires further validation, especially in relation to the relationship between equity valuation and discounted cash flow; during the ongoing evaluation, the technical or professional team, during the present round of discussion. The discussion also considers discounted cash flow.",equity valuation; discounted,2,2,0,,2,,"The current available evidence requires further validation, especially in relation to the relationship between equity valuation and discounted cash flow. During the ongoing evaluation, the technical or professional team during the present round of discussion. The discussion also considers discounted cash flow.",,0.0714285714285714,,1.0,0,0,2,0.0,0.0,0.0,,,en,0,0,5.6072483116248586e-05,0.05
nlu_0090_09,S0090,unseen,medical,"The professional handling the matter is reviewing the effect of seizure disorder on the overall situation and the associated observed changes; at the next decision point, the reviewing group, while considering the current evidence.",disorder; seizure,2,2,0,,2,,"The professional handling the matter is reviewing the effect of seizure disorder on the overall situation and the associated observed changes. At the next decision point, the reviewing group, while considering the current evidence.",,0.0588235294117647,,1.0,0,0,2,0.0,0.0,0.0,,,en,0,0,0.00017755217002269832,0.05
nlu_0234_08,S0234,unseen,finance,"The case involves the reported concern involving non-performing asset, and the relevant relevant records is being assessed; following the previous discussion, the relevant team, before the next decision. The record specifically references non-performing asset.",non-performing asset,1,0,0,,0,,"The case involves the reported concern involving non-performing asset and the relevant relevant records is being assessed, following the previous discussion, the relevant team, before the next decision. The record specifically references non-performing asset.",,0.0588235294117647,,,0,0,0,0.0,0.0,0.0,,,en,0,0,6.292560708086263e-05,0.05
nlu_0285_08,S0285,unseen,finance,"The case involves the reported concern involving capital gains, and the relevant relevant records is being assessed; in the current round of review, the current reviewer, while considering the current evidence. The record specifically references capital gains.",capital gains,1,1,0,,1,,"The case involves the reported concern involving capital gains and the relevant relevant records is being assessed in the current round of review, the current reviewer, while considering the current evidence. The record specifically references capital gains.",,0.054054054054054,,1.0,0,0,1,0.0,0.0,0.0,,,en,0,0,0.0003027457577808254,0.05
nlu_0572_04,S0572,unseen,general,"I wanted to ask about plan a trip, particularly in the current round of review, the decision-making group, before the next decision.",particularly; wanted,2,2,0,,2,,"I wanted to ask about Plan a Trip, particularly in the current round of review, the decision-making group before the next decision.",,0.1363636363636363,,1.0,0,0,2,0.0,0.0,0.0,,,en,0,0,0.00042204727326127607,0.05
nlu_0217_05,S0217,unseen,finance,"The specialist discussed the documented issue involving loan-to-value ratio during the latest review; following the previous discussion, the responsible specialist, during the present round of discussion. The record specifically references mortgage underwriting.",mortgage underwriting; loan-to-value,2,2,0,,2,,"The specialist discussed the documented issue involving loan-to-value ratio during the latest review. Following the previous discussion, the responsible specialist during the present round of discussion. The record specifically references mortgage underwriting.",,0.09375,,1.0,0,0,2,0.0,0.0,0.0,,,en,0,0,0.0001423178431612535,0.05
nlu_0593_03,S0593,unseen,general,"Please help me ask about a parcel; this is in the current round of review, the assigned professional, before the next decision.",parcel,1,1,0,,1,,Please help me ask about a parcel. This is in the current round of review the assigned professional before the next decision.,,0.1818181818181818,,1.0,0,0,1,0.0,0.0,0.0,,,en,0,0,0.0004333460683280034,0.05
nlu_0031_05,S0031,unseen,medical,"The specialist discussed the documented issue involving electrocardiographic changes during the latest resolution; as part of the current review, the reviewing group, during the present round of discussion. The record specifically references ST-segment elevation.",electrocardiographic; elevation; st-segment,3,3,1,st-segment,3,6.0,"The specialist discussed the documented issue involving electrocardiographic changes during the latest resolution, as part of the current review, the reviewing group, during the present round of discussion. The record specifically references ST segment elevation.","The specialist discussed the documented issue involving electrocardiographic changes during the latest resolution, as part of the current review, the reviewing group, during the present round of discussion. The record specifically references ST Segment Elevation.",0.088235294117647,0.1176470588235294,0.3333333333333333,2,0,0,1.0,1.0,0.0,,,en,1,1,0.9999999997646678,0.05
nlu_0167_06,S0167,unseen,medical,"The available evidence was considered before deciding how to address the current status of warfarin; during the ongoing evaluation, the case team, before the matter is finalized.",warfarin,1,1,1,warfarin,1,6.0,"The available evidence was considered before deciding how to address the current status of Warfarin. During the ongoing evaluation, the case team, before the matter is finalized.","The available evidence was considered before deciding how to address the current status of Warframe. During the ongoing evaluation, the case team, before the matter is finalized.",0.074074074074074,0.074074074074074,1.0,0,0,1,0.0,0.0,0.0,,,en,1,1,0.9999999999340756,0.05
nlu_0518_09,S0518,unseen,general,"Could you check this for me regarding ask about a commute, following the previous discussion, the decision-making group, while comparing the available options?",regarding; commute,2,2,1,commute,2,6.0,"Could you check this for me regarding Ask About a Commute? Following the previous discussion, the decision-making group, while comparing the available options.","Could you check this for me regarding Ask About a Commun? Following the previous discussion, the decision-making group, while comparing the available options.",0.217391304347826,0.217391304347826,0.5,1,0,1,1.0,0.5,0.0,,,en,1,1,0.9999998064276436,0.05
nlu_0096_08,S0096,unseen,medical,"The case involves the reported concern involving epilepsy, and the relevant relevant records is being assessed; during the ongoing evaluation, the decision-making group, during the present round of discussion. The record specifically references epilepsy.",epilepsy,1,1,0,,1,,"The case involves the reported concern involving epilepsy, and the relevant, relevant records is being assessed. During the ongoing evaluation, the decision-making group, during the present round of discussion. The record specifically references epilepsy.",,0.088235294117647,,1.0,0,0,1,0.0,0.0,0.0,,,en,0,0,0.0004883533536641815,0.05
nlu_0104_05,S0104,unseen,medical,"The specialist discussed the documented issue involving seizure activity during the latest monitoring; after the latest information became available, the person handling the matter, while comparing the available options. The record specifically references seizure disorder.",seizure disorder; activity,2,2,0,,2,,"The specialist discussed the documented issue involving seizure activity during the latest monitoring. After the latest information became available, the person handling the matter while comparing the available options. The record specifically references seizure disorder.",,0.0857142857142857,,1.0,0,0,2,0.0,0.0,0.0,,,en,0,0,0.0002000883071192218,0.05
nlu_0333_09,S0333,unseen,legal,"The professional handling the matter is reviewing the effect of indemnity on the overall situation and the associated observed changes; at the current stage, the decision-making group, after the latest information was reviewed.",indemnity,1,1,0,,1,,"The professional handling the matter is reviewing the effect of indemnity on the overall situation and the associated observed changes. At the current stage, the decision-making group, after the latest information was reviewed.",,0.0606060606060606,,1.0,0,0,1,0.0,0.0,0.0,,,en,0,0,9.690406957716851e-05,0.05
nlu_0105_02,S0105,unseen,medical,"The team is evaluating migraine with aura in the context of headache, with particular attention to the reported issue; after the latest information became available, the reviewing group, during the present round of discussion. The record specifically references migraine with aura.",migraine with aura; headache,2,2,0,,2,,"The team is evaluating migraine with aura in the context of headache, with particular attention to the reported issue. After the latest information became available, the reviewing group, during the present round of discussion. The record specifically references migraine with aura.",,0.048780487804878,,1.0,0,0,2,0.0,0.0,0.0,,,en,0,0,0.00143466186485981,0.05
nlu_0364_02,S0364,unseen,legal,"The team is evaluating representations and warranties in the context of warranty, with particular attention to the reported issue; after the recent update, the relevant team, while comparing the available options. The record specifically references representations and warranties.",representations warranties; warranty,2,1,0,,1,,"The team is evaluating representations and warranties in the context of warranty, with particular attention to the reported issue. After the recent update, the relevant team, while comparing the available options. The record specifically references representations and warranties.",,0.0526315789473684,,1.0,0,0,1,0.0,0.0,0.0,,,en,0,0,0.00011477669526655167,0.05
nlu_0277_04,S0277,unseen,finance,"A detailed assessment was requested concerning the implications of price-to-earnings ratio; after the recent update, the relevant team, before the next decision.",price-to-earnings ratio,1,0,0,,0,,"A detailed assessment was requested concerning the implications of price to earnings ratio. After the recent update, the relevant team before the next decision.",,0.2727272727272727,,,0,0,0,0.0,0.0,0.0,,,en,0,0,3.304589972166196e-05,0.05
nlu_0323_08,S0323,unseen,legal,"The case involves the reported concern involving force majeure, and the relevant relevant records is being assessed; during the latest review, the decision-making group, after the latest information was reviewed. The record specifically references force majeure.",force majeure,1,0,0,,0,,"The case involves the reported concern involving force majura, and the relevant relevant records is being assessed. During the latest review, the decision-making group, after the latest information was reviewed. The record specifically references force majura.",,0.1111111111111111,,,0,0,0,0.0,0.0,0.0,,,en,0,0,2.434634567197497e-05,0.05
nlu_0272_07,S0272,unseen,finance,"The latest transfer focused on the evidence related to enterprise value; during the most recent assessment, the decision-making group, during the present round of discussion. The discussion also considers discounted cash flow.",discounted; enterprise,2,2,0,,2,,"The latest transfer focused on the evidence related to enterprise value. During the most recent assessment, the decision-making group during the present round of discussion. The discussion also considers discounted cash flow.",,0.09375,,1.0,0,0,2,0.0,0.0,0.0,,,en,0,0,2.496733301732721e-06,0.05
nlu_0591_02,S0591,unseen,general,"Could you help me with confirm a meeting? This is during the ongoing evaluation, the reviewing group, before the next decision.",evaluation; ongoing,2,2,0,,2,,"Could you help me with confirm a meeting? This is during the ongoing evaluation, the reviewing group, before the next decision.",,0.0,,1.0,0,0,2,0.0,0.0,0.0,,,en,0,0,0.000439456591596963,0.05
nlu_0593_05,S0593,unseen,general,"Can you tell me how to ask about a parcel, given in the current round of review, the assigned professional, before the next decision?",parcel,1,1,0,,1,,Can you tell me how to ask about a parcel given in the current round of review the assigned professional before the next decision?,,0.125,,1.0,0,0,1,0.0,0.0,0.0,,,en,0,0,0.0004307232487785748,0.05
nlu_0285_03,S0285,unseen,finance,"The current available evidence requires further record, especially in relation to the relationship between capital gains and realized return; in the current round of review, the current reviewer, while considering the current evidence. The discussion also considers realized return.",capital gains; realized; return,3,3,0,,3,,"The current available evidence requires further record, especially in relation to the relationship between capital gains and realized return. In the current round of review, the current reviewer, while considering the current evidence. The discussion also considers realized return.",,0.0512820512820512,,1.0,0,0,3,0.0,0.0,0.0,,,en,0,0,0.0003456165040184467,0.05
nlu_0271_07,S0271,unseen,finance,"The latest authorization focused on the evidence related to enterprise value; at the next decision point, the reviewing organization, while considering the current evidence. The discussion also considers discounted cash flow.",discounted; enterprise,2,2,0,,2,,"The latest authorization focused on the evidence related to enterprise value. At the next decision point, the reviewing organization while considering the current evidence. The discussion also considers discounted cash flow.",,0.0967741935483871,,1.0,0,0,2,0.0,0.0,0.0,,,en,0,0,2.671648682784678e-06,0.05
nlu_0460_08,S0460,unseen,technology,"The case involves the reported concern involving OAuth 2.0, and the relevant relevant records is being assessed; following the previous discussion, the technical or professional team, before the next decision. The record specifically references OAuth 2.0.",oauth,1,1,0,,1,,"The case involves the reported concern involving OAuth 2 and the relevant, relevant records is being assessed, following the previous discussion, the technical or professional team, before the next decision. The record specifically references OAuth 2.",,0.1111111111111111,,1.0,0,0,1,0.0,0.0,0.0,,,en,0,0,2.3776577067387653e-05,0.05
nlu_0460_06,S0460,unseen,technology,"The available evidence was considered before deciding how to address the current status of OAuth 2.0; following the previous discussion, the technical or professional team, before the next decision.",oauth,1,1,0,,1,,"The available evidence was considered before deciding how to address the current status of OAuth 2. Following the previous discussion, the technical or professional team before the next decision.",,0.1034482758620689,,1.0,0,0,1,0.0,0.0,0.0,,,en,0,0,2.4178550289538022e-05,0.05
nlu_0430_10,S0430,unseen,legal,"Further response is needed before a final decision is made about the decision surrounding court filing; after the recent update, the technical or professional team, while considering the current evidence. The record specifically references civil procedure.",civil procedure; filing,2,2,0,,2,,"Further response is needed before a final decision is made about the decision surrounding court filing. After the recent update, the technical or professional team, while considering the current evidence. The record specifically references civil procedure.",,0.0555555555555555,,1.0,0,0,2,0.0,0.0,0.0,,,en,0,0,1.8199245604885083e-05,0.05
nlu_0388_03,S0388,unseen,legal,"The current available evidence requires further strategy, especially in relation to the relationship between defendant and answer; during the most recent assessment, the case team, before the next decision. The discussion also considers answer.",defendant; answer,2,2,0,,2,,"The current available evidence requires further strategy, especially in relation to the relationship between defendant and answer. During the most recent assessment, the case team before the next decision. The discussion also considers answer.",,0.088235294117647,,1.0,0,0,2,0.0,0.0,0.0,,,en,0,0,1.3968387499272833e-05,0.05
nlu_0147_08,S0147,unseen,medical,"The case involves the reported concern involving amoxicillin, and the relevant relevant records is being assessed; in the current round of review, the technical or professional team, after the latest information was reviewed. The record specifically references amoxicillin.",amoxicillin,1,1,1,amoxicillin,1,6.0,"The case involves the reported concern involving a Moxacillin, and the relevant, relevant records is being assessed. In the current round of review, the technical or professional team, after the latest information was reviewed. The record specifically references a Moxacillin.","The case involves the reported concern involving a Moxacillin, and the relevant, relevant records is being assessed. In the current round of review, the technical or professional team, after the latest information was reviewed. The record specifically references a Moxacillin.",0.1842105263157894,0.1842105263157894,1.0,0,0,0,0.0,0.0,0.0,,,en,1,1,0.9999998994092,0.05
nlu_0081_03,S0081,unseen,medical,"The current available evidence requires further case, especially in relation to the relationship between cerebral infarction and brain MRI; after the recent update, the reviewing organization, before the matter is finalized. The discussion also considers brain MRI.",cerebral infarction,1,1,0,,1,,"The current available evidence requires further case, especially in relation to the relationship between cerebral infarction and brain MRI. After the recent update, the reviewing organization, before the matter, is finalized. The discussion also considers brain MRI.",,0.081081081081081,,1.0,0,0,1,0.0,0.0,0.0,,,en,0,0,0.0010228091655224536,0.05
nlu_0460_10,S0460,unseen,technology,"Further adjustment is needed before a final decision is made about the decision surrounding access token; following the previous discussion, the technical or professional team, before the next decision. The record specifically references OAuth 2.0.",oauth; access,2,2,0,,2,,"Further adjustment is needed before a final decision is made about the decision surrounding access token, following the previous discussion, the technical or professional team, before the next decision. The record specifically references OAuth 2.",,0.0571428571428571,,1.0,0,0,2,0.0,0.0,0.0,,,en,0,0,3.147691148416187e-05,0.05
nlu_0389_01,S0389,unseen,legal,"The current findings was reviewed in relation to defendant and answer, at the next decision point, the person handling the matter, before the next decision.",defendant; answer,2,2,0,,2,,"The current findings was reviewed in relation to defendant and answer. At the next decision point, the person handling the matter before the next decision.",,0.12,,1.0,0,0,2,0.0,0.0,0.0,,,en,0,0,8.596098666602278e-06,0.05
nlu_0277_01,S0277,unseen,finance,"The current findings was reviewed in relation to price-to-earnings ratio and P/E, after the recent update, the relevant team, before the next decision.",price-to-earnings ratio,1,0,0,,0,,"The current findings was reviewed in relation to price-tornings ratio and PE. After the recent update, the relevant team before the next decision.",,0.1739130434782608,,,0,0,0,0.0,0.0,0.0,,,en,0,0,7.208655652982467e-06,0.05
nlu_0349_04,S0349,unseen,legal,"A detailed model was requested concerning the implications of liquidated damages; during the latest review, the person handling the matter, while comparing the available options.",liquidated damages,1,1,0,,1,,"A detailed model was requested concerning the implications of liquidated damages. During the latest review, the person handling the matter while comparing the available options.",,0.12,,1.0,0,0,1,0.0,0.0,0.0,,,en,0,0,0.0001664281822320579,0.05
nlu_0285_01,S0285,unseen,finance,"The current findings was reviewed in relation to capital gains and realized return, in the current round of review, the current reviewer, while considering the current evidence.",capital gains; realized; return,3,3,0,,3,,"The current findings was reviewed in relation to capital gains and realized return in the current round of review, the current reviewer while considering the current evidence.",,0.074074074074074,,1.0,0,0,3,0.0,0.0,0.0,,,en,0,0,0.000539148174441292,0.05
nlu_0380_03,S0380,unseen,legal,"The current available evidence requires further analysis, especially in relation to the relationship between plaintiff and claim; as part of the current review, the relevant team, while comparing the available options. The discussion also considers claim.",plaintiff,1,1,1,plaintiff,1,0.0,"The current available evidence requires further analysis, especially in relation to the relationship between plaintiff and claim. As part of the current review, the relevant team, while comparing the available options. The discussion also considers claim.","The current available evidence requires further analysis, especially in relation to the relationship between printf and claim. As part of the current review, the relevant team, while comparing the available options. The discussion also considers claim.",0.0555555555555555,0.0833333333333333,1.0,0,0,1,0.0,0.0,0.0,,,en,1,1,0.9999999999999978,0.05
nlu_0572_07,S0572,unseen,general,"I would like to plan a trip; the situation is in the current round of review, the decision-making group, before the next decision.",before,1,1,0,,1,,"I would like to plan a trip. The situation is in the current round of review, the decision-making group, before the next decision.",,0.0869565217391304,,1.0,0,0,1,0.0,0.0,0.0,,,en,0,0,0.0004194476414597341,0.05
nlu_0007_03,S0007,unseen,medical,"The current available evidence requires further adjustment, especially in relation to the relationship between myocardial ischemia and ST-segment elevation; after the recent update, the responsible specialist, during the present round of discussion. The discussion also considers ST-segment elevation.",st-segment; myocardial; elevation; ischemia,4,4,1,st-segment,4,6.0,"The current available evidence requires further adjustment, especially in relation to the relationship between myocardial ischemia and ST segment elevation. After the recent update, the responsible specialist during the present round of discussion. The discussion also considers ST segment elevation.","The current available evidence requires further adjustment, especially in relation to the relationship between myocardial ischemia and ST segment elevation. After the recent update, the responsible specialist during the present round of discussion. The discussion also considers ST segment elevation.",0.1842105263157894,0.1842105263157894,0.25,3,0,0,1.0,1.0,0.0,,,en,1,1,0.9999999998153959,0.05
nlu_0559_09,S0559,unseen,general,"Could you check this for me regarding set a personal reminder, in the current round of review, the responsible specialist, while considering the current evidence?",regarding; reminder; personal,3,3,0,,3,,"Could you check this for me regarding set a personal reminder in the current round of review, the responsible specialist, while considering the current evidence?",,0.04,,1.0,0,0,3,0.0,0.0,0.0,,,en,0,0,0.0004328410359174619,0.05
nlu_0068_10,S0068,unseen,medical,"Further authorization is needed before a final decision is made about the decision surrounding resting tremor; after the latest information became available, the assigned professional, before the next decision. The record specifically references Parkinson disease.",parkinson disease; resting; tremor,3,2,0,,2,,"Further authorization is needed before a final decision is made about the decision surrounding resting tremor. After the latest information became available, the assigned professional before the next decision. The record specifically references Parkinson's disease.",,0.1142857142857142,,1.0,0,0,2,0.0,0.0,0.0,,,en,0,0,0.00012856813114369423,0.05
nlu_0028_05,S0028,unseen,medical,"The specialist discussed the documented issue involving electrocardiographic changes during the latest model; as part of the current review, the decision-making group, while considering the current evidence. The record specifically references ST-segment elevation.",electrocardiographic; elevation; st-segment,3,3,1,st-segment,3,6.0,"The specialist discussed the documented issue involving electrocardiographic changes during the latest model. As part of the current review, the decision-making group, while considering the current evidence. The record specifically references SD segment elevation.","The specialist discussed the documented issue involving electrocardiographic changes during the latest model. As part of the current review, the decision-making group, while considering the current evidence. The record specifically references SD segment elevation.",0.1212121212121212,0.1212121212121212,0.3333333333333333,2,0,0,1.0,1.0,0.0,,,en,1,1,0.9999999996320543,0.05
nlu_0388_06,S0388,unseen,legal,"The available evidence was considered before deciding how to address the current status of defendant; during the most recent assessment, the case team, before the next decision.",defendant,1,1,0,,1,,"The available evidence was considered before deciding how to address the current status of defendant. During the most recent assessment, the case team before the next decision.",,0.1111111111111111,,1.0,0,0,1,0.0,0.0,0.0,,,en,0,0,6.419555846534026e-06,0.05
nlu_0095_06,S0095,unseen,medical,"The available evidence was considered before deciding how to address the current status of epilepsy; during the ongoing evaluation, the reviewing organization, before the matter is finalized.",epilepsy,1,1,0,,1,,"The available evidence was considered before deciding how to address the current status of epilepsy. During the ongoing evaluation, the reviewing organization, before the matter is finalized.",,0.074074074074074,,1.0,0,0,1,0.0,0.0,0.0,,,en,0,0,0.0003970615323529612,0.05
nlu_0007_09,S0007,unseen,medical,"The professional handling the matter is reviewing the effect of ST-segment elevation on the overall situation and the associated observed changes; after the recent update, the responsible specialist, during the present round of discussion.",st-segment; elevation,2,2,1,st-segment,2,6.0,"The professional handling the matter is reviewing the effect of ST segment elevation on the overall situation and the associated observed changes. After the recent update, the responsible specialist during the present round of discussion.","The professional handling the matter is reviewing the effect of ST segment elevation on the overall situation and the associated observed changes. After the recent update, the responsible specialist during the present round of discussion.",0.1470588235294117,0.1470588235294117,0.5,1,0,0,1.0,1.0,0.0,,,en,1,1,0.9999999999999836,0.05
nlu_0074_07,S0074,unseen,medical,"The latest assessment focused on the evidence related to focal neurological deficit; in the current round of review, the reviewing group, before the next decision. The discussion also considers cerebral infarction.",neurological; infarction; cerebral; deficit,4,4,0,,4,,"The latest assessment focused on the evidence related to focal neurological deficit in the current round of review, the reviewing group, before the next decision. The discussion also considers cerebral infarction.",,0.032258064516129,,1.0,0,0,4,0.0,0.0,0.0,,,en,0,0,0.0006353666261180045,0.05
nlu_0590_09,S0590,unseen,general,"Could you check this for me regarding send a document, during the latest review, the current reviewer, after the latest information was reviewed?",regarding,1,1,0,,1,,"Could you check this for me regarding send a document during the latest review? The current reviewer, after the latest information was reviewed.",,0.1739130434782608,,1.0,0,0,1,0.0,0.0,0.0,,,en,0,0,0.00044639009183557383,0.05
nlu_0586_10,S0586,unseen,general,"I need some information because I want to check train status; following the previous discussion, the reviewing organization, during the present round of discussion.",because,1,1,0,,1,,"I need some information because I want to check train status. Following the previous discussion, the reviewing organization during the present round of discussion.",,0.125,,1.0,0,0,1,0.0,0.0,0.0,,,en,0,0,0.00042574064735502904,0.05
nlu_0127_01,S0127,unseen,medical,"The current findings was reviewed in relation to neuropathy and peripheral nerve, at the current stage, the case team, after the latest information was reviewed.",neuropathy; peripheral,2,2,0,,2,,"The current findings was reviewed in relation to neuropathy and peripheral nerve. At the current stage, the case team, after the latest information was reviewed.",,0.08,,1.0,0,0,2,0.0,0.0,0.0,,,en,0,0,0.001324647338797034,0.05
nlu_0104_01,S0104,unseen,medical,"The current findings was reviewed in relation to seizure disorder and seizure activity, after the latest information became available, the person handling the matter, while comparing the available options.",seizure disorder; activity,2,2,0,,2,,"The current findings was reviewed in relation to seizure disorder and seizure activity. After the latest information became available, the person handling the matter while comparing the available options.",,0.1034482758620689,,1.0,0,0,2,0.0,0.0,0.0,,,en,0,0,0.00036051740560327463,0.05
nlu_0031_01,S0031,unseen,medical,"The current findings was reviewed in relation to ST-segment elevation and electrocardiographic changes, as part of the current review, the reviewing group, during the present round of discussion.",electrocardiographic; elevation; st-segment,3,3,1,st-segment,3,6.0,"The current findings was reviewed in relation to SD segment elevation and electrocardiographic changes. As part of the current review, the reviewing group during the present round of discussion.","The current findings was reviewed in relation to SD segment elevation and electrocardiographic changes. As part of the current review, the reviewing group during the present round of discussion.",0.1785714285714285,0.1785714285714285,0.3333333333333333,2,0,0,1.0,1.0,0.0,,,en,1,1,0.9999999912607088,0.05
nlu_0389_08,S0389,unseen,legal,"The case involves the reported concern involving defendant, and the relevant relevant records is being assessed; at the next decision point, the person handling the matter, before the next decision. The record specifically references defendant.",defendant,1,1,0,,1,,"The case involves the reported concern involving defendant, and the relevant relevant records is being assessed. At the next decision point, the person handling the matter before the next decision. The record specifically references defendant.",,0.0857142857142857,,1.0,0,0,1,0.0,0.0,0.0,,,en,0,0,9.259832093783656e-07,0.05
nlu_0566_08,S0566,unseen,general,"Is it possible to check train status, considering after the latest information became available, the case team, before the matter is finalized?",possible,1,1,0,,1,,"Is it possible to check train status? Considering after the latest information became available, the case team, before the matter is finalized.",,0.1363636363636363,,1.0,0,0,1,0.0,0.0,0.0,,,en,0,0,0.00042891939453016694,0.05
nlu_0234_01,S0234,unseen,finance,"The current findings was reviewed in relation to non-performing asset and loan delinquency, following the previous discussion, the relevant team, before the next decision.",non-performing asset; delinquency,2,1,0,,1,,"The current findings was reviewed in relation to non-performing asset and loan delinquency. Following the previous discussion, the relevant team before the next decision.",,0.125,,1.0,0,0,1,0.0,0.0,0.0,,,en,0,0,0.00010436208425981371,0.05
nlu_0026_08,S0026,unseen,medical,"The case involves the reported concern involving ST-segment elevation, and the relevant relevant records is being assessed; after the latest information became available, the reviewing organization, before the matter is finalized. The record specifically references ST-segment elevation.",elevation; st-segment,2,2,1,st-segment,2,6.0,"The case involves the reported concern involving ST segment elevation, and the relevant relevant records is being assessed. After the latest information became available, the reviewing organization, before the matter is finalized. The record specifically references ST segment elevation.","The case involves the reported concern involving ST segment elevation, and the relevant relevant records is being assessed. After the latest information became available, the reviewing organization, before the matter is finalized. The record specifically references ST segment elevation.",0.1621621621621621,0.1621621621621621,0.5,1,0,0,1.0,1.0,0.0,,,en,1,1,0.9999982476427361,0.05
nlu_0465_05,S0465,unseen,technology,"The specialist discussed the documented issue involving HTTP endpoint during the latest adjustment; after the latest information became available, the current reviewer, while considering the current evidence. The record specifically references REST API.",rest; endpoint,2,2,0,,2,,"The specialist discussed the documented issue involving HTTP endpoint during the latest adjustment. After the latest information became available, the current reviewer, while considering the current evidence. The records specifically references REST API.",,0.0909090909090909,,1.0,0,0,2,0.0,0.0,0.0,,,en,0,0,4.258451786318063e-05,0.05
nlu_0566_05,S0566,unseen,general,"Can you tell me how to check train status, given after the latest information became available, the case team, before the matter is finalized?",finalized; before,2,2,0,,2,,"Can you tell me how to check train status? Given after the latest information became available, the case team, before the matter, is finalized.",,0.1666666666666666,,1.0,0,0,2,0.0,0.0,0.0,,,en,0,0,0.0004274689496202636,0.05
nlu_0095_10,S0095,unseen,medical,"Further report is needed before a final decision is made about the decision surrounding electroencephalography; during the ongoing evaluation, the reviewing organization, before the matter is finalized. The record specifically references epilepsy.",electroencephalography; epilepsy,2,2,0,,2,,"Further report is needed before a final decision is made about the decision surrounding electroencephalography. During the ongoing evaluation, the reviewing organization, before the matter is finalized. The record specifically references epilepsy.",,0.0625,,1.0,0,0,2,0.0,0.0,0.0,,,en,0,0,0.0008936313487543548,0.05
nlu_0251_06,S0251,unseen,finance,"The available evidence was considered before deciding how to address the current status of interest-rate reset; after the recent update, the reviewing group, before the matter is finalized.",interest-rate reset,1,0,0,,0,,"The available evidence was considered before deciding how to address the current status of interest rate reset. After the recent update, the reviewing group, before the matter, is finalized.",,0.1785714285714285,,,0,0,0,0.0,0.0,0.0,,,en,0,0,0.00018818281000070985,0.05
nlu_0160_04,S0160,unseen,medical,"A detailed case was requested concerning the implications of azithromycin; after the recent update, the decision-making group, after the latest information was reviewed.",azithromycin,1,1,1,azithromycin,1,6.0,"A detailed case was requested concerning the implications of azithromycin. After the recent update, the decision-making group, after the latest information was reviewed.","A detailed case was requested concerning the implications of Azathromycin. After the recent update, the decision-making group, after the latest information was reviewed.",0.0869565217391304,0.0869565217391304,1.0,0,0,1,0.0,0.0,0.0,,,en,1,1,0.9999998170491143,0.05
nlu_0033_02,S0033,unseen,medical,"The team is evaluating troponin in the context of myocardial injury, with particular attention to the reported issue; as part of the current review, the relevant team, during the present round of discussion. The record specifically references troponin.",troponin; myocardial; injury,3,3,1,troponin,3,6.0,"The team is evaluating Tropinin in the context of myocardial injury, with particular attention to the reported issue, as part of the current review, the relevant team, during the present round of discussion. The record specifically references Tropinin.","The team is evaluating Troppenin in the context of myocardial injury, with particular attention to the reported issue, as part of the current review, the relevant team, during the present round of discussion. The record specifically references Troppenin.",0.0789473684210526,0.0789473684210526,0.3333333333333333,2,0,0,1.0,1.0,0.0,,,en,1,1,1.0,0.05
nlu_0239_09,S0239,unseen,finance,"The professional handling the matter is reviewing the effect of default probability on the overall situation and the associated observed changes; at the current stage, the reviewing group, before the next decision.",probability; default,2,2,0,,2,,"The professional handling the matter is reviewing the effect of default probability on the overall situation and the associated observed changes. At the current stage, the reviewing group before the next decision.",,0.09375,,1.0,0,0,2,0.0,0.0,0.0,,,en,0,0,0.0001908811067262859,0.05
nlu_0143_07,S0143,unseen,medical,"The latest adjustment focused on the evidence related to glucose control; at the next decision point, the responsible specialist, during the present round of discussion. The discussion also considers basal insulin.",insulin; control; glucose,3,3,0,,3,,"The latest adjustment focused on the evidence related to glucose control. At the next decision point, the responsible specialist during the present round of discussion. The discussion also considers basal insulin.",,0.0967741935483871,,1.0,0,0,3,0.0,0.0,0.0,,,en,0,0,0.0007560146368198827,0.05
nlu_0275_02,S0275,unseen,finance,"The team is evaluating equity valuation in the context of enterprise value, with particular attention to the reported issue; after the latest information became available, the case team, while comparing the available options. The record specifically references equity valuation.",equity valuation; enterprise,2,2,0,,2,,"The team is evaluating equity valuation in the context of enterprise value, with particular attention to the reported issue. After the latest information became available, the case team, while comparing the available options. The record specifically references equity valuation.",,0.0512820512820512,,1.0,0,0,2,0.0,0.0,0.0,,,en,0,0,4.348380395819262e-05,0.05
nlu_0470_06,S0470,unseen,technology,"The available evidence was considered before deciding how to address the current status of REST API; as part of the current review, the person handling the matter, while comparing the available options.",rest,1,1,0,,1,,"The available evidence was considered before deciding how to address the current status of REST API. As part of the current review, the person handling the matter while comparing the available options.",,0.09375,,1.0,0,0,1,0.0,0.0,0.0,,,en,0,0,6.428093015565232e-05,0.05
nlu_0215_10,S0215,unseen,finance,"Further report is needed before a final decision is made about the decision surrounding debt-to-income; during the latest review, the decision-making group, while considering the current evidence. The record specifically references mortgage underwriting.",mortgage underwriting; debt-to-income,2,2,1,debt-to-income,2,6.0,"Further report is needed before a final decision is made about the decision surrounding debt to income. During the latest review, the decision-making group, while considering the current evidence. The record specifically references mortgage underwriting.","Further report is needed before a final decision is made about the decision surrounding debt to income. During the latest review, the decision-making group, while considering the current evidence. The record specifically references mortgage underwriting.",0.1212121212121212,0.1212121212121212,0.3333333333333333,1,0,0,1.0,1.0,0.0,,,en,1,1,0.9999999989711346,0.05
nlu_0229_05,S0229,unseen,finance,"The specialist discussed the documented issue involving loan delinquency during the latest account; after the latest information became available, the relevant team, during the present round of discussion. The record specifically references non-performing asset.",non-performing asset; delinquency,2,1,0,,1,,"The specialist discussed the documented issue involving loan delinquency during the latest account. After the latest information became available, the relevant team during the present round of discussion. The record specifically references non-performing asset.",,0.088235294117647,,1.0,0,0,1,0.0,0.0,0.0,,,en,0,0,4.5234450549425535e-05,0.05
nlu_0115_10,S0115,unseen,medical,"Further report is needed before a final decision is made about the decision surrounding brain MRI; after the recent update, the assigned professional, after the latest information was reviewed. The record specifically references multiple sclerosis.",multiple sclerosis,1,1,0,,1,,"Further report is needed before a final decision is made about the decision surrounding brain MRI. After the recent update, the assigned professional, after the latest information was reviewed. The record specifically references multiple sclerosis.",,0.0571428571428571,,1.0,0,0,1,0.0,0.0,0.0,,,en,0,0,0.002991945994083558,0.05
nlu_0047_04,S0047,unseen,medical,"A detailed strategy was requested concerning the implications of echocardiography; after the recent update, the reviewing group, before the next decision.",echocardiography,1,1,0,,1,,"A detailed strategy was requested concerning the implications of echocardiography. After the recent update, the reviewing group before the next decision.",,0.1428571428571428,,1.0,0,0,1,0.0,0.0,0.0,,,en,0,0,0.0009266139804661316,0.05
nlu_0090_01,S0090,unseen,medical,"The current findings was reviewed in relation to epilepsy and seizure disorder, at the next decision point, the reviewing group, while considering the current evidence.",epilepsy; disorder; seizure,3,3,0,,3,,"The current findings was reviewed in relation to epilepsy and seizure disorder. At the next decision point, the reviewing group, while considering the current evidence.",,0.08,,1.0,0,0,3,0.0,0.0,0.0,,,en,0,0,0.0006349287662581589,0.05
nlu_0127_04,S0127,unseen,medical,"A detailed strategy was requested concerning the implications of neuropathy; at the current stage, the case team, after the latest information was reviewed.",neuropathy,1,1,0,,1,,"A detailed strategy was requested concerning the implications of neuropathy. At the current stage, the case team, after the latest information was reviewed.",,0.0869565217391304,,1.0,0,0,1,0.0,0.0,0.0,,,en,0,0,0.0009372675563673701,0.05
nlu_0100_10,S0100,unseen,medical,"Further adjustment is needed before a final decision is made about the decision surrounding EEG; at the next decision point, the reviewing group, before the next decision. The record specifically references seizure disorder.",seizure disorder,1,1,0,,1,,"Further adjustment is needed before a final decision is made about the decision surrounding EIG. At the next decision point, the reviewing group before the next decision. The record specifically references seizure disorder.",,0.0909090909090909,,1.0,0,0,1,0.0,0.0,0.0,,,en,0,0,0.0010075866284443497,0.05
nlu_0470_03,S0470,unseen,technology,"The current available evidence requires further model, especially in relation to the relationship between REST API and HTTP endpoint; as part of the current review, the person handling the matter, while comparing the available options. The discussion also considers HTTP endpoint.",rest; endpoint,2,2,0,,2,,"The current available evidence requires further model, especially in relation to the relationship between REST API and HTTP endpoint. As part of the current review, the person handling the matter while comparing the available options. The discussion also considers HTTP endpoint.",,0.073170731707317,,1.0,0,0,2,0.0,0.0,0.0,,,en,0,0,3.765796970618723e-05,0.05
nlu_0388_02,S0388,unseen,legal,"The team is evaluating defendant in the context of claim, with particular attention to the reported issue; during the most recent assessment, the case team, before the next decision. The record specifically references defendant.",defendant,1,1,0,,1,,"The team is evaluating defendant in the context of claim, with particular attention to the reported issue. During the most recent assessment, the case team, before the next decision. The record specifically references defendant.",,0.0588235294117647,,1.0,0,0,1,0.0,0.0,0.0,,,en,0,0,3.189082221415748e-06,0.05
nlu_0590_10,S0590,unseen,general,"I need some information because I want to send a document; during the latest review, the current reviewer, after the latest information was reviewed.",because,1,1,0,,1,,"I need some information because I want to send a document. During the latest review, the current reviewer, after the latest information was reviewed.",,0.0833333333333333,,1.0,0,0,1,0.0,0.0,0.0,,,en,0,0,0.0004371132269950144,0.05
nlu_0406_02,S0406,unseen,legal,"The team is evaluating discovery in the context of interrogatories, with particular attention to the reported issue; at the current stage, the case team, before the next decision. The record specifically references discovery.",discovery; interrogatories,2,2,0,,2,,"The team is evaluating discovery in the context of interrogatories, with particular attention to the reported issue, at the current stage, the case team, before the next decision. The record specifically references discovery.",,0.0303030303030303,,1.0,0,0,2,0.0,0.0,0.0,,,en,0,0,0.00015967083978923261,0.05
nlu_0591_03,S0591,unseen,general,"Please help me confirm a meeting; this is during the ongoing evaluation, the reviewing group, before the next decision.",evaluation; ongoing,2,2,0,,2,,"Please help me confirm a meeting. This is during the ongoing evaluation, the reviewing group, before the next decision.",,0.1052631578947368,,1.0,0,0,2,0.0,0.0,0.0,,,en,0,0,0.0004441084854338256,0.05
nlu_0160_09,S0160,unseen,medical,"The professional handling the matter is reviewing the effect of macrolide antibiotic on the overall situation and the associated observed changes; after the recent update, the decision-making group, after the latest information was reviewed.",antibiotic; macrolide,2,2,1,macrolide,2,6.0,"The professional handling the matter is reviewing the effect of macrolide antibiotic on the overall situation and the associated observed changes. After the recent update, the decision-making group, after the latest information was reviewed.","The professional handling the matter is reviewing the effect of macrolyde antibiotic on the overall situation and the associated observed changes. After the recent update, the decision-making group, after the latest information was reviewed.",0.0588235294117647,0.088235294117647,0.5,1,0,1,1.0,0.5,0.0,,,en,1,1,0.9999999999962075,0.05
nlu_0368_09,S0368,unseen,legal,"The professional handling the matter is reviewing the effect of contractual representation on the overall situation and the associated observed changes; during the latest review, the reviewing group, during the present round of discussion.",contractual,1,1,0,,1,,"The professional handling the matter is reviewing the effect of contractual representation on the overall situation and the associated observed changes. During the latest review, the reviewing group during the present round of discussion.",,0.088235294117647,,1.0,0,0,1,0.0,0.0,0.0,,,en,0,0,4.04978234803472e-05,0.05
nlu_0167_02,S0167,unseen,medical,"The team is evaluating warfarin in the context of INR, with particular attention to the reported issue; during the ongoing evaluation, the case team, before the matter is finalized. The record specifically references warfarin.",warfarin,1,1,0,,1,,"The team is evaluating Warfarin in the context of INR, with particular attention to the reported issue. During the ongoing evaluation, the case team, before the matter, is finalized. The record specifically references Warfarin.",,0.1470588235294117,,1.0,0,0,1,0.0,0.0,0.0,,,en,0,0,2.846508980221427e-05,0.05
nlu_0226_05,S0226,unseen,finance,"The specialist discussed the documented issue involving collateral value during the latest strategy; following the previous discussion, the case team, before the matter is finalized. The record specifically references loan-to-value ratio.",loan-to-value ratio; collateral,2,1,0,,1,,"The specialist discussed the documented issue involving collateral value during the latest strategy. Following the previous discussion, the case team, before the matter is finalized. The record specifically references loan-to-value ratio.",,0.064516129032258,,1.0,0,0,1,0.0,0.0,0.0,,,en,0,0,0.00011983488272245308,0.05
nlu_0176_03,S0176,unseen,medical,"The current available evidence requires further transfer, especially in relation to the relationship between atorvastatin and statin; after the recent update, the case team, before the matter is finalized. The discussion also considers statin.",atorvastatin; statin,2,2,1,atorvastatin,2,6.0,"The current available evidence requires further transfer, especially in relation to the relationship between Adorvastatin and statin. After the recent update, the case team, before the matter is finalized. The discussion also considers statin.","The current available evidence requires further transfer, especially in relation to the relationship between Adorvastitin and Statin. After the recent update, the case team, before the matter, is finalized. The discussion also considers Statin.",0.088235294117647,0.1470588235294117,0.5,1,0,0,1.0,1.0,0.0,,,en,1,1,0.9999999999999953,0.05
nlu_0218_08,S0218,unseen,finance,"The case involves the reported concern involving mortgage underwriting, and the relevant relevant records is being assessed; as part of the current review, the decision-making group, before the matter is finalized. The record specifically references mortgage underwriting.",mortgage underwriting,1,1,0,,1,,"The case involves the reported concern involving mortgage underwriting, and the relevant relevant records is being assessed. As part of the current review, the decision-making group, before the matter is finalized. The record specifically references mortgage underwriting.",,0.054054054054054,,1.0,0,0,1,0.0,0.0,0.0,,,en,0,0,7.979182096840407e-05,0.05
nlu_0597_10,S0597,unseen,general,"I need some information because I want to request contact information; during the most recent assessment, the responsible specialist, during the present round of discussion.",because; contact,2,2,0,,2,,"I need some information because I want to request contact information. During the most recent assessment, the responsible specialist during the present round of discussion.",,0.12,,1.0,0,0,2,0.0,0.0,0.0,,,en,0,0,0.0004451716013402304,0.05
nlu_0031_10,S0031,unseen,medical,"Further assessment is needed before a final decision is made about the decision surrounding ischemic pattern; as part of the current review, the reviewing group, during the present round of discussion. The record specifically references ST-segment elevation.",elevation; st-segment; ischemic; pattern,4,4,1,st-segment,4,6.0,"Further assessment is needed before a final decision is made about the decision surrounding ischemic pattern, as part of the current review, the reviewing group, during the present round of discussion. The record specifically references ST Segment Elevation.","Further assessment is needed before a final decision is made about the decision surrounding ischemic pattern as part of the current review, the reviewing group during the present round of discussion. The record specifically references ST segment elevation.",0.1081081081081081,0.1081081081081081,0.25,3,0,0,1.0,1.0,0.0,,,en,1,1,0.9999999999989935,0.05
nlu_0031_06,S0031,unseen,medical,"The available evidence was considered before deciding how to address the current status of ST-segment elevation; as part of the current review, the reviewing group, during the present round of discussion.",elevation; st-segment,2,2,1,st-segment,2,6.0,"The available evidence was considered before deciding how to address the current status of SD segment elevation. As part of the current review, the reviewing group during the present round of discussion","The available evidence was considered before deciding how to address the current status of SD segment elevation. As part of the current review, the reviewing group, during the present round of discussion.",0.1935483870967742,0.1290322580645161,0.5,1,0,0,1.0,1.0,0.0,,,en,1,1,0.9999999999999998,0.05
nlu_0224_07,S0224,unseen,finance,"The latest strategy focused on the evidence related to mortgage; at the current stage, the reviewing group, during the present round of discussion. The discussion also considers collateral value.",collateral; mortgage,2,2,0,,2,,"The latest strategy focused on the evidence related to mortgage at the current stage, the reviewing group, during the present round of discussion. The discussion also considers collateral value.",,0.0344827586206896,,1.0,0,0,2,0.0,0.0,0.0,,,en,0,0,2.7323339788777995e-05,0.05
nlu_0597_08,S0597,unseen,general,"Is it possible to request contact information, considering during the most recent assessment, the responsible specialist, during the present round of discussion?",possible; contact,2,2,0,,2,,Is it possible to request contact information considering during the most recent assessment the responsible specialist during the present round of discussion?,,0.1363636363636363,,1.0,0,0,2,0.0,0.0,0.0,,,en,0,0,0.000437756782483357,0.05
nlu_0471_05,S0471,unseen,technology,"The specialist discussed the documented issue involving relational database during the latest resolution; during the latest review, the reviewing organization, during the present round of discussion. The record specifically references PostgreSQL.",postgresql; relational; database,3,3,1,postgresql,3,6.0,"The specialist discussed the documented issue involving relational database during the latest resolution, during the latest review, the reviewing organization, during the present round of discussion. The record specifically references PostGIR SQL.","The specialist discussed the documented issue involving relational database during the latest resolution, during the latest review, the reviewing organization, during the present round of discussion. The record specifically references Post-R SQL.",0.0967741935483871,0.0967741935483871,0.3333333333333333,2,0,0,1.0,1.0,0.0,,,en,1,1,0.9999999732089611,0.05
nlu_0271_08,S0271,unseen,finance,"The case involves the reported concern involving equity valuation, and the relevant relevant records is being assessed; at the next decision point, the reviewing organization, while considering the current evidence. The record specifically references equity valuation.",equity valuation,1,1,0,,1,,"The case involves the reported concern involving equity valuation, and the relevant relevant records is being assessed. At the next decision point, the reviewing organization, while considering the current evidence. The record specifically references equity valuation.",,0.0555555555555555,,1.0,0,0,1,0.0,0.0,0.0,,,en,0,0,2.5594844007343414e-05,0.05
nlu_0028_09,S0028,unseen,medical,"The professional handling the matter is reviewing the effect of electrocardiographic changes on the overall situation and the associated observed changes; as part of the current review, the decision-making group, while considering the current evidence.",electrocardiographic,1,1,0,,1,,"The professional handling the matter is reviewing the effect of electrocardiographic changes on the overall situation and the associated observed changes. As part of the current review, the decision-making group, while considering the current evidence.",,0.0571428571428571,,1.0,0,0,1,0.0,0.0,0.0,,,en,0,0,0.0023592537562244784,0.05
nlu_0100_04,S0100,unseen,medical,"A detailed case was requested concerning the implications of seizure disorder; at the next decision point, the reviewing group, before the next decision.",seizure disorder,1,1,0,,1,,"A detailed case was requested concerning the implications of seizure disorder. At the next decision point, the reviewing group before the next decision.",,0.1304347826086956,,1.0,0,0,1,0.0,0.0,0.0,,,en,0,0,1.8631885236911757e-05,0.05
nlu_0028_01,S0028,unseen,medical,"The current findings was reviewed in relation to ST-segment elevation and electrocardiographic changes, as part of the current review, the decision-making group, while considering the current evidence.",electrocardiographic; elevation; st-segment,3,3,1,st-segment,3,6.0,"The current findings was reviewed in relation to SD segment elevation and electrocardiographic changes. As part of the current review, the decision-making group, while considering the current evidence.","The current findings was reviewed in relation to SD segment elevation and electrocardiographic changes. As part of the current review, the decision-making group, while considering the current evidence.",0.1481481481481481,0.1481481481481481,0.3333333333333333,2,0,0,1.0,1.0,0.0,,,en,1,1,0.9999999988598678,0.05
nlu_0047_02,S0047,unseen,medical,"The team is evaluating echocardiography in the context of ejection fraction, with particular attention to the reported issue; after the recent update, the reviewing group, before the next decision. The record specifically references echocardiography.",echocardiography; fraction; ejection,3,3,0,,3,,"The team is evaluating echocardiography in the context of ejection fraction, with particular attention to the reported issue, after the recent update, the reviewing group, before the next decision. The record specifically references echocardiography.",,0.0294117647058823,,1.0,0,0,3,0.0,0.0,0.0,,,en,0,0,0.0014439190046118898,0.05
nlu_0470_05,S0470,unseen,technology,"The specialist discussed the documented issue involving HTTP endpoint during the latest incident; as part of the current review, the person handling the matter, while comparing the available options. The record specifically references REST API.",rest; endpoint,2,2,0,,2,,"The specialist discussed the documented issue involving HTTP endpoint during the latest incident. As part of the current review, the person handling the matter while comparing the available options. The records specifically references REST API.",,0.1142857142857142,,1.0,0,0,2,0.0,0.0,0.0,,,en,0,0,2.6708355369811536e-05,0.05
nlu_0277_06,S0277,unseen,finance,"The available evidence was considered before deciding how to address the current status of price-to-earnings ratio; after the recent update, the relevant team, before the next decision.",price-to-earnings ratio,1,0,0,,0,,"The available evidence was considered before deciding how to address the current status of price to earnings ratio. After the recent update, the relevant team before the next decision.",,0.2222222222222222,,,0,0,0,0.0,0.0,0.0,,,en,0,0,3.298814963657874e-05,0.05
nlu_0143_05,S0143,unseen,medical,"The specialist discussed the documented issue involving basal insulin during the latest record; at the next decision point, the responsible specialist, during the present round of discussion. The record specifically references insulin glargine.",insulin glargine,1,0,0,,0,,"The specialist discussed the documented issue involving basal insulin during the latest record. At the next decision point, the responsible specialist during the present round of discussion. The record specifically references insulin-glargin.",,0.1515151515151515,,,0,0,0,0.0,0.0,0.0,,,en,0,0,0.0002234417400567648,0.05
nlu_0143_08,S0143,unseen,medical,"The case involves the reported concern involving insulin glargine, and the relevant relevant records is being assessed; at the next decision point, the responsible specialist, during the present round of discussion. The record specifically references insulin glargine.",insulin glargine,1,0,0,,0,,"The case involves the reported concern involving insulin glargin and the relevant relevant records is being assessed. At the next decision point, the responsible specialist during the present round of discussion. The record specifically references insulin glargin.",,0.1351351351351351,,,0,0,0,0.0,0.0,0.0,,,en,0,0,0.0007209917521184111,0.05
nlu_0239_10,S0239,unseen,finance,"Further monitoring is needed before a final decision is made about the decision surrounding borrower assessment; at the current stage, the reviewing group, before the next decision. The record specifically references credit risk.",credit risk; borrower,2,2,0,,2,,"Further monitoring is needed before a final decision is made about the decision surrounding borrower assessment. At the current stage, the reviewing group before the next decision. The record specifically references credit risk.",,0.0909090909090909,,1.0,0,0,2,0.0,0.0,0.0,,,en,0,0,9.924550826434137e-05,0.05
nlu_0033_07,S0033,unseen,medical,"The latest response focused on the evidence related to myocardial injury; as part of the current review, the relevant team, during the present round of discussion. The discussion also considers cardiac biomarker.",myocardial; biomarker; cardiac; injury,4,4,0,,4,,"The latest response focused on the evidence related to myocardial injury as part of the current review, the relevant team, during the present round of discussion. The discussion also considers cardiac biomarker.",,0.03125,,1.0,0,0,4,0.0,0.0,0.0,,,en,0,0,0.00033028747663887905,0.05
nlu_0406_01,S0406,unseen,legal,"The current findings was reviewed in relation to discovery and document production, at the current stage, the case team, before the next decision.",discovery; production,2,2,0,,2,,"The current findings was reviewed in relation to discovery and document production. At the current stage, the case team before the next decision.",,0.1304347826086956,,1.0,0,0,2,0.0,0.0,0.0,,,en,0,0,9.140630835940873e-05,0.05
nlu_0234_10,S0234,unseen,finance,"Further case is needed before a final decision is made about the decision surrounding default; following the previous discussion, the relevant team, before the next decision. The record specifically references non-performing asset.",non-performing asset; default,2,1,0,,1,,"Further case is needed before a final decision is made about the decision surrounding default, following the previous discussion, the relevant team, before the next decision. The record specifically references non-performing asset.",,0.03125,,1.0,0,0,1,0.0,0.0,0.0,,,en,0,0,1.0809881607868201e-05,0.05
nlu_0471_04,S0471,unseen,technology,"A detailed incident was requested concerning the implications of PostgreSQL; during the latest review, the reviewing organization, during the present round of discussion.",postgresql,1,1,1,postgresql,1,6.0,"A detailed incident was requested concerning the implications of Postgres SQL. During the latest review, the reviewing organization during the present round of discussion","A detailed incident was requested concerning the implications of poster SQL. During the latest review, the reviewing organization during the present round of discussion",0.217391304347826,0.217391304347826,1.0,0,0,0,0.0,0.0,0.0,,,en,1,1,0.9999999998757865,0.05
nlu_0297_07,S0297,unseen,finance,"The latest case focused on the evidence related to fixed income; at the current stage, the assigned professional, while comparing the available options. The discussion also considers interest-rate sensitivity.",interest-rate; sensitivity; income,3,3,1,interest-rate,3,6.0,"The latest case focused on the evidence related to fixed income. At the current stage, the assigned professional, while comparing the available options. The discussion also considers interest rate sensitivity.","The latest case focused on the evidence related to fixed income. At the current stage, the assigned professional, while comparing the available options. The discussion also considers interest rate sensitivity.",0.1379310344827586,0.1379310344827586,0.3333333333333333,2,0,0,1.0,1.0,0.0,,,en,1,1,0.9999999999974474,0.05
nlu_0128_01,S0128,unseen,medical,"The current findings was reviewed in relation to neuropathy and peripheral nerve, during the most recent assessment, the case team, before the matter is finalized.",neuropathy; peripheral,2,2,0,,2,,"The current findings was reviewed in relation to neuropathy and peripheral nerve. During the most recent assessment, the case team, before the matter, is finalized.",,0.12,,1.0,0,0,2,0.0,0.0,0.0,,,en,0,0,0.0023271841230680995,0.05
nlu_0221_02,S0221,unseen,finance,"The team is evaluating loan-to-value ratio in the context of mortgage, with particular attention to the reported issue; during the most recent assessment, the person handling the matter, while considering the current evidence. The record specifically references loan-to-value ratio.",loan-to-value ratio; mortgage,2,1,0,,1,,"The team is evaluating loan-to-value ratio in the context of mortgage, with particular attention to the reported issue. During the most recent assessment, the person handling the matter while considering the current evidence. The record specifically references loan-to-value ratio.",,0.0769230769230769,,1.0,0,0,1,0.0,0.0,0.0,,,en,0,0,0.0003402658211137268,0.05
nlu_0058_10,S0058,unseen,medical,"Further record is needed before a final decision is made about the decision surrounding ventricular rate; during the most recent assessment, the person handling the matter, before the matter is finalized. The record specifically references ventricular tachycardia.",ventricular tachycardia,1,1,0,,1,,"Further record is needed before a final decision is made about the decision surrounding ventricular rate. During the most recent assessment, the person handling the matter before the matter is finalized. The record specifically references ventricular tachycardia.",,0.081081081081081,,1.0,0,0,1,0.0,0.0,0.0,,,en,0,0,0.001568818824192249,0.05
nlu_0465_06,S0465,unseen,technology,"The available evidence was considered before deciding how to address the current status of REST API; after the latest information became available, the current reviewer, while considering the current evidence.",rest,1,1,0,,1,,"The available evidence was considered before deciding how to address the current status of REST API. After the latest information became available, the current reviewer, while considering the current evidence.",,0.0666666666666666,,1.0,0,0,1,0.0,0.0,0.0,,,en,0,0,3.6713628131105105e-05,0.05
nlu_0380_01,S0380,unseen,legal,"The current findings was reviewed in relation to plaintiff and claim, as part of the current review, the relevant team, while comparing the available options.",plaintiff,1,1,0,,1,,"The current findings was reviewed in relation to plaintiff and claim. As part of the current review, the relevant team, while comparing the available options.",,0.08,,1.0,0,0,1,0.0,0.0,0.0,,,en,0,0,9.487478256028461e-06,0.05
nlu_0591_05,S0591,unseen,general,"Can you tell me how to confirm a meeting, given during the ongoing evaluation, the reviewing group, before the next decision?",evaluation; ongoing,2,2,0,,2,,"Can you tell me how to confirm a meeting given during the ongoing evaluation, the reviewing group before the next decision?",,0.0952380952380952,,1.0,0,0,2,0.0,0.0,0.0,,,en,0,0,0.00044087829578547794,0.05
nlu_0160_03,S0160,unseen,medical,"The current available evidence requires further analysis, especially in relation to the relationship between azithromycin and macrolide antibiotic; after the recent update, the decision-making group, after the latest information was reviewed. The discussion also considers macrolide antibiotic.",azithromycin; antibiotic; macrolide,3,3,1,azithromycin,3,0.0,"The current available evidence requires further analysis, especially in relation to the relationship between azithromycin and macrolide antibiotic. After the recent update, the decision-making group, after the latest information was reviewed. The discussion also considers macrolide antibiotic.","The current available evidence requires further analysis, especially in relation to the relationship between agroformizing and macrolide antibiotic. After the recent update, the decision-making group, after the latest information was reviewed. The discussion also considers macrolide antibiotic.",0.054054054054054,0.081081081081081,0.3333333333333333,2,0,1,1.0,0.6666666666666666,0.0,,,en,1,1,0.9999343003714818,0.05
nlu_0470_04,S0470,unseen,technology,"A detailed account was requested concerning the implications of REST API; as part of the current review, the person handling the matter, while comparing the available options.",rest,1,1,0,,1,,"A detailed account was requested concerning the implications of REST API. As part of the current review, the person handling the matter while comparing the available options.",,0.1111111111111111,,1.0,0,0,1,0.0,0.0,0.0,,,en,0,0,8.774244317196754e-05,0.05
nlu_0559_06,S0559,unseen,general,"I am trying to set a personal reminder, and this is in the current round of review, the responsible specialist, while considering the current evidence.",reminder; personal; trying,3,3,0,,3,,"I am trying to set a personal reminder, and this is in the current round of review, the responsible specialist, while considering the current evidence.",,0.0,,1.0,0,0,3,0.0,0.0,0.0,,,en,0,0,0.0004235486101567313,0.05
nlu_0297_04,S0297,unseen,finance,"A detailed assessment was requested concerning the implications of bond duration; at the current stage, the assigned professional, while comparing the available options.",bond duration,1,1,0,,1,,"A detailed assessment was requested concerning the implications of bond duration. At the current stage, the assigned professional, while comparing the available options.",,0.0869565217391304,,1.0,0,0,1,0.0,0.0,0.0,,,en,0,0,0.00039839859994472547,0.05
nlu_0577_09,S0577,unseen,general,"Could you check this for me regarding request contact information, during the most recent assessment, the technical or professional team, after the latest information was reviewed?",regarding; contact,2,2,0,,2,,"Could you check this for me regarding request contact information? During the most recent assessment, the technical or professional team after the latest information was reviewed.",,0.1538461538461538,,1.0,0,0,2,0.0,0.0,0.0,,,en,0,0,0.0004487094162063098,0.05
nlu_0586_03,S0586,unseen,general,"Please help me check train status; this is following the previous discussion, the reviewing organization, during the present round of discussion.",organization,1,1,0,,1,,"Please help me check train status. This is following the previous discussion, the reviewing organization during the present round of discussion.",,0.1428571428571428,,1.0,0,0,1,0.0,0.0,0.0,,,en,0,0,0.0004391318945152364,0.05
nlu_0068_05,S0068,unseen,medical,"The specialist discussed the documented issue involving bradykinesia during the latest model; after the latest information became available, the assigned professional, before the next decision. The record specifically references Parkinson disease.",parkinson disease; bradykinesia,2,1,1,bradykinesia,1,6.0,"The specialist discussed the documented issue involving bradikinesia during the latest model. After the latest information became available, the assigned professional before the next decision. The record specifically references Parkinson's disease.","The specialist discussed the documented issue involving bratikinesia during the latest model. After the latest information became available, the assigned professional before the next decision. The record specifically references Parkinson's disease.",0.1612903225806451,0.1612903225806451,1.0,0,0,0,0.0,0.0,0.0,,,en,1,1,1.0,0.05
nlu_0550_04,S0550,unseen,general,"I wanted to ask about send a document, particularly following the previous discussion, the person handling the matter, before the matter is finalized.",particularly; wanted,2,2,0,,2,,"I wanted to ask about send a document, particularly following the previous discussion, the person handling the matter before the matter is finalized.",,0.0434782608695652,,1.0,0,0,2,0.0,0.0,0.0,,,en,0,0,0.0004280421974238673,0.05
nlu_0433_09,S0433,unseen,legal,"The professional handling the matter is reviewing the effect of court authority on the overall situation and the associated observed changes; at the next decision point, the current reviewer, after the latest information was reviewed.",authority,1,1,0,,1,,"The professional handling the matter is reviewing the effect of court authority on the overall situation and the associated observed changes. At the next decision point, the current reviewer, after the latest information, was reviewed.",,0.0857142857142857,,1.0,0,0,1,0.0,0.0,0.0,,,en,0,0,7.894088434246293e-05,0.05
nlu_0176_02,S0176,unseen,medical,"The team is evaluating atorvastatin in the context of LDL cholesterol, with particular attention to the reported issue; after the recent update, the case team, before the matter is finalized. The record specifically references atorvastatin.",atorvastatin; cholesterol,2,2,1,atorvastatin,2,0.0,"The team is evaluating Ator Vastatin in the context of LDL cholesterol, with particular attention to the reported issue. After the recent update, the case team, before the matter, is finalized. The record specifically references Ator Vastatin.","The team is evaluating Ator Vastitin in the context of LDL cholesterol, with particular attention to the reported issue. After the recent update, the case team, before the matter, is finalized. The record specifically references Ator Vastitin.",0.2,0.2,0.5,1,0,0,1.0,1.0,0.0,,,en,1,1,1.0,0.05
nlu_0033_09,S0033,unseen,medical,"The professional handling the matter is reviewing the effect of cardiac biomarker on the overall situation and the associated observed changes; as part of the current review, the relevant team, during the present round of discussion.",biomarker; cardiac,2,2,0,,2,,"The professional handling the matter is reviewing the effect of cardiac biomarker on the overall situation and the associated observed changes. As part of the current review, the relevant team during the present round of discussion.",,0.0833333333333333,,1.0,0,0,2,0.0,0.0,0.0,,,en,0,0,0.0006338586881791273,0.05
nlu_0297_01,S0297,unseen,finance,"The current findings was reviewed in relation to bond duration and interest-rate sensitivity, at the current stage, the assigned professional, while comparing the available options.",bond duration; interest-rate; sensitivity,3,3,1,interest-rate,3,6.0,"The current findings was reviewed in relation to bond duration and interest rate sensitivity. At the current stage, the assigned professional, while comparing the available options.","The current findings was reviewed in relation to bond duration and interest rate sensitivity. At the current stage, the assigned professional, while comparing the available options.",0.16,0.16,0.25,2,0,0,1.0,1.0,0.0,,,en,1,1,0.9999999993561233,0.05
nlu_0285_04,S0285,unseen,finance,"A detailed monitoring was requested concerning the implications of capital gains; in the current round of review, the current reviewer, while considering the current evidence.",capital gains,1,1,0,,1,,"A detailed monitoring was requested concerning the implications of capital gains. In the current round of review, the current reviewer, while considering the current evidence.",,0.08,,1.0,0,0,1,0.0,0.0,0.0,,,en,0,0,0.00032105872572446586,0.05
nlu_0168_06,S0168,unseen,medical,"The available evidence was considered before deciding how to address the current status of heparin; at the next decision point, the responsible specialist, after the latest information was reviewed.",heparin,1,1,0,,1,,"The available evidence was considered before deciding how to address the current status of Heparin. At the next decision point, the responsible specialist, after the latest information was reviewed.",,0.0689655172413793,,1.0,0,0,1,0.0,0.0,0.0,,,en,0,0,0.0002298700741456792,0.05
nlu_0353_08,S0353,unseen,legal,"The case involves the reported concern involving liquidated damages, and the relevant relevant records is being assessed; as part of the current review, the reviewing organization, before the next decision. The record specifically references liquidated damages.",liquidated damages,1,1,0,,1,,"The case involves the reported concern involving liquidated damages and the relevant, relevant records is being assessed as part of the current review, the reviewing organization, before the next decision. The record specifically references liquidated damages.",,0.0833333333333333,,1.0,0,0,1,0.0,0.0,0.0,,,en,0,0,0.0001043220992284307,0.05
nlu_0239_08,S0239,unseen,finance,"The case involves the reported concern involving credit risk, and the relevant relevant records is being assessed; at the current stage, the reviewing group, before the next decision. The record specifically references credit risk.",credit risk,1,1,0,,1,,"The case involves the reported concern involving credit risk, and the relevant relevant records is being assessed, at the current stage, the reviewing group, before the next decision. The record specifically references credit risk.",,0.0294117647058823,,1.0,0,0,1,0.0,0.0,0.0,,,en,0,0,0.0002652634981698047,0.05
nlu_0349_01,S0349,unseen,legal,"The current findings was reviewed in relation to liquidated damages and contractual remedy, during the latest review, the person handling the matter, while comparing the available options.",liquidated damages; contractual; remedy,3,3,0,,3,,"The current findings was reviewed in relation to liquidated damages and contractual remedy during the latest review, the person handling the matter while comparing the available options.",,0.074074074074074,,1.0,0,0,3,0.0,0.0,0.0,,,en,0,0,0.00021735250948235095,0.05
nlu_0575_06,S0575,unseen,general,"I am trying to ask for opening hours, and this is after the recent update, the technical or professional team, while comparing the available options.",opening; trying,2,2,0,,2,,"I am trying to ask for opening hours, and this is after the recent update, the technical or professional team, while comparing the available options.",,0.0,,1.0,0,0,2,0.0,0.0,0.0,,,en,0,0,0.0004474985626422657,0.05
nlu_0323_02,S0323,unseen,legal,"The team is evaluating force majeure in the context of unforeseeable event, with particular attention to the reported issue; during the latest review, the decision-making group, after the latest information was reviewed. The record specifically references force majeure.",force majeure; unforeseeable,2,1,1,unforeseeable,1,6.0,"The team is evaluating force majura in the context of unforeseeable event, with particular attention to the reported issue. During the latest review, the decision-making group, after the latest information was reviewed. The record specifically references force majura.","The team is evaluating force majura in the context of unforceable event, with particular attention to the reported issue. During the latest review, the decision-making group, after the latest information, was reviewed. The record specifically references force majura.",0.1052631578947368,0.1578947368421052,1.0,0,0,1,0.0,0.0,0.0,,,en,1,1,1.0,0.05
nlu_0082_08,S0082,unseen,medical,"The case involves the reported concern involving cerebral infarction, and the relevant relevant records is being assessed; during the latest review, the reviewing group, while considering the current evidence. The record specifically references cerebral infarction.",cerebral infarction,1,1,0,,1,,"The case involves the reported concern involving cerebral infarction, and the relevant relevant records is being assessed during the latest review, the reviewing group, while considering the current evidence. The record specifically references cerebral infarction.",,0.0285714285714285,,1.0,0,0,1,0.0,0.0,0.0,,,en,0,0,0.0005099225067524436,0.05
nlu_0235_02,S0235,unseen,finance,"The team is evaluating non-performing asset in the context of default, with particular attention to the reported issue; after the recent update, the assigned professional, while comparing the available options. The record specifically references non-performing asset.",non-performing asset; default,2,1,0,,1,,"The team is evaluating non-performing asset in the context of default, with particular attention to the reported issue. After the recent update, the assigned professional, while comparing the available options. The record specifically references non-performing asset.",,0.0555555555555555,,1.0,0,0,1,0.0,0.0,0.0,,,en,0,0,2.7227745122913393e-08,0.05
nlu_0127_05,S0127,unseen,medical,"The specialist discussed the documented issue involving peripheral nerve during the latest screening; at the current stage, the case team, after the latest information was reviewed. The record specifically references neuropathy.",neuropathy; peripheral,2,2,0,,2,,"The specialist discussed the documented issue involving peripheral nerve during the latest screening at the current stage, the case team, after the latest information was reviewed. The record specifically references neuropathy.",,0.032258064516129,,1.0,0,0,2,0.0,0.0,0.0,,,en,0,0,0.0008638479840861238,0.05
nlu_0100_01,S0100,unseen,medical,"The current findings was reviewed in relation to seizure disorder and seizure activity, at the next decision point, the reviewing group, before the next decision.",seizure disorder; activity,2,2,0,,2,,"The current findings was reviewed in relation to seizure disorder and seizure activity. At the next decision point, the reviewing group before the next decision.",,0.12,,1.0,0,0,2,0.0,0.0,0.0,,,en,0,0,0.00017137711688975475,0.05
nlu_0324_06,S0324,unseen,legal,"The available evidence was considered before deciding how to address the current status of force majeure; as part of the current review, the current reviewer, while considering the current evidence.",force majeure,1,0,0,,0,,"The available evidence was considered before deciding how to address the current status of force majura. As part of the current review, the current reviewer, while considering the current evidence.",,0.0666666666666666,,,0,0,0,0.0,0.0,0.0,,,en,0,0,3.92656119952448e-05,0.05
nlu_0594_03,S0594,unseen,general,"Please help me change a calendar event; this is at the current stage, the technical or professional team, after the latest information was reviewed.",calendar; change,2,2,0,,2,,"Please help me change a calendar event. This is at the current stage, the technical or professional team, after the latest information was reviewed.",,0.0833333333333333,,1.0,0,0,2,0.0,0.0,0.0,,,en,0,0,0.0004301419190186533,0.05
nlu_0333_02,S0333,unseen,legal,"The team is evaluating indemnification clause in the context of losses, with particular attention to the reported issue; at the current stage, the decision-making group, after the latest information was reviewed. The record specifically references indemnification clause.",indemnification clause; losses,2,2,0,,2,,"The team is evaluating indemnification clause in the context of losses, with particular attention to the reported issue. At the current stage, the decision-making group, after the latest information was reviewed. The record specifically references indemnification clause.",,0.054054054054054,,1.0,0,0,2,0.0,0.0,0.0,,,en,0,0,0.00013479355962874723,0.05
nlu_0147_10,S0147,unseen,medical,"Further validation is needed before a final decision is made about the decision surrounding bacterial infection; in the current round of review, the technical or professional team, after the latest information was reviewed. The record specifically references amoxicillin.",amoxicillin; infection; bacterial,3,3,1,amoxicillin,3,6.0,"Further validation is needed before a final decision is made about the decision surrounding bacterial infection. In the current round of review, the technical or professional team after the latest information was reviewed. The record specifically references a Moxacillin.","Further validation is needed before a final decision is made about the decision surrounding bacterial infection. In the current round of review, the technical or professional team after the latest information was reviewed. The record specifically references a Moxacillin.",0.131578947368421,0.131578947368421,0.3333333333333333,2,0,0,1.0,1.0,0.0,,,en,1,1,0.9999999995648075,0.05
nlu_0389_06,S0389,unseen,legal,"The available evidence was considered before deciding how to address the current status of defendant; at the next decision point, the person handling the matter, before the next decision.",defendant,1,1,0,,1,,"The available evidence was considered before deciding how to address the current status of defendant. At the next decision point, the person handling the matter before the next decision.",,0.1034482758620689,,1.0,0,0,1,0.0,0.0,0.0,,,en,0,0,2.0775992751815976e-07,0.05
nlu_0160_01,S0160,unseen,medical,"The current findings was reviewed in relation to azithromycin and macrolide antibiotic, after the recent update, the decision-making group, after the latest information was reviewed.",azithromycin; antibiotic; macrolide,3,3,1,azithromycin,3,6.0,"The current findings was reviewed in relation to azithromycin and macrolide antibiotic. After the recent update, the decision-making group, after the latest information was reviewed.","The current findings was reviewed in relation to Azif-Fermison and Macrolide antibiotic. After the recent update, the decision-making group, after the latest information was reviewed.",0.08,0.16,0.3333333333333333,2,0,1,1.0,0.6666666666666666,0.0,,,en,1,1,0.9999971973618811,0.05
nlu_0235_03,S0235,unseen,finance,"The current available evidence requires further authorization, especially in relation to the relationship between non-performing asset and loan delinquency; after the recent update, the assigned professional, while comparing the available options. The discussion also considers loan delinquency.",non-performing asset; delinquency,2,1,0,,1,,"The current available evidence requires further authorization, especially in relation to the relationship between non-performing asset and loan delinquency. After the recent update, the assigned professional, while comparing the available options. The discussion also considers loan delinquency.",,0.054054054054054,,1.0,0,0,1,0.0,0.0,0.0,,,en,0,0,7.939834333390542e-05,0.05
nlu_0224_02,S0224,unseen,finance,"The team is evaluating loan-to-value ratio in the context of mortgage, with particular attention to the reported issue; at the current stage, the reviewing group, during the present round of discussion. The record specifically references loan-to-value ratio.",loan-to-value ratio; mortgage,2,1,0,,1,,"The team is evaluating loan-to-value ratio in the context of mortgage, with particular attention to the reported issue. At the current stage, the reviewing group during the present round of discussion. The record specifically references loan-to-value ratio.",,0.081081081081081,,1.0,0,0,1,0.0,0.0,0.0,,,en,0,0,0.00037583976021013046,0.05
nlu_0045_10,S0045,unseen,medical,"Further incident is needed before a final decision is made about the decision surrounding ejection fraction; during the most recent assessment, the responsible specialist, before the matter is finalized. The record specifically references echocardiography.",echocardiography; fraction; ejection,3,3,0,,3,,"Further incident is needed before a final decision is made about the decision surrounding ejection fraction. During the most recent assessment, the responsible specialist, before the matter is finalized. The record specifically references echocardiography.",,0.0588235294117647,,1.0,0,0,3,0.0,0.0,0.0,,,en,0,0,0.0005927701240998517,0.05
nlu_0115_07,S0115,unseen,medical,"The latest review focused on the evidence related to brain MRI; after the recent update, the assigned professional, after the latest information was reviewed. The discussion also considers demyelinating lesion.",demyelinating; lesion,2,2,1,lesion,2,3.0,"The latest review focused on the evidence related to brain MRI. After the recent update, the assigned professional, after the latest information was reviewed. The discussion also considers demyelinating lesion.","The latest review focused on the evidence related to brain MRI. After the recent update, the assigned professional, after the latest information was reviewed. The discussion also considers demyelinating Asian.",0.0666666666666666,0.1,0.5,1,0,1,1.0,0.5,0.0,,,en,1,1,0.9999994191613667,0.05
nlu_0371_09,S0371,unseen,legal,"The professional handling the matter is reviewing the effect of termination right on the overall situation and the associated observed changes; in the current round of review, the person handling the matter, before the next decision.",termination,1,1,0,,1,,"The professional handling the matter is reviewing the effect of termination right on the overall situation and the associated observed changes. In the current round of review, the person handling the matter before the next decision.",,0.0833333333333333,,1.0,0,0,1,0.0,0.0,0.0,,,en,0,0,0.00016791560957996808,0.05
nlu_0301_09,S0301,unseen,finance,"The professional handling the matter is reviewing the effect of hedging strategy on the overall situation and the associated observed changes; at the next decision point, the current reviewer, while considering the current evidence.",hedging,1,1,1,hedging,1,0.0,"The professional handling the matter is reviewing the effect of hedging strategy on the overall situation and the associated observed changes. At the next decision point, the current reviewer, while considering the current evidence.","The professional handling the matter is reviewing the effective heading strategy on the overall situation and the associated observed changes. At the next decision point, the current reviewer, while considering the current evidence.",0.0588235294117647,0.1470588235294117,1.0,0,0,1,0.0,0.0,0.0,,,en,1,1,1.0,0.05
nlu_0095_02,S0095,unseen,medical,"The team is evaluating epilepsy in the context of electroencephalography, with particular attention to the reported issue; during the ongoing evaluation, the reviewing organization, before the matter is finalized. The record specifically references epilepsy.",electroencephalography; epilepsy,2,2,1,electroencephalography,2,0.0,"The team is evaluating epilepsy in the context of electroencephalography, with particular attention to the reported issue. During the ongoing evaluation, the reviewing organization, before the matter is finalized. The record specifically references epilepsy.","The team is evaluating epilepsy in the context of a lecture in philanthropography with particular attention to the reported issue. During the ongoing evaluation, the reviewing organization, before the matter is finalized. The record specifically references epilepsy.",0.0588235294117647,0.1764705882352941,0.5,1,0,1,1.0,0.5,0.0,,,en,1,1,0.9999999991624582,0.05
nlu_0081_02,S0081,unseen,medical,"The team is evaluating cerebral infarction in the context of diffusion restriction, with particular attention to the reported issue; after the recent update, the reviewing organization, before the matter is finalized. The record specifically references cerebral infarction.",cerebral infarction; diffusion,2,2,0,,2,,"The team is evaluating cerebral infarction in the context of diffusion restriction, with particular attention to the reported issue. After the recent update, the reviewing organization, before the matter, is finalized. The record specifically references cerebral infarction.",,0.081081081081081,,1.0,0,0,2,0.0,0.0,0.0,,,en,0,0,0.0010699763337422019,0.05
nlu_0026_07,S0026,unseen,medical,"The latest model focused on the evidence related to ischemic pattern; after the latest information became available, the reviewing organization, before the matter is finalized. The discussion also considers electrocardiographic changes.",electrocardiographic; ischemic; pattern,3,3,1,ischemic,3,6.0,"The latest model focused on the evidence related to a schematic pattern. After the latest information became available, the reviewing organization before the matter is finalized. The discussion also considers electrocardiographic changes.","The latest model focused on the evidence related to a schematic pattern. After the latest information became available, the reviewing organization, before the matter is finalized. The discussion also considers electrocardiographic changes.",0.1612903225806451,0.1290322580645161,0.3333333333333333,2,0,0,1.0,1.0,0.0,,,en,1,1,0.999999989042012,0.05
nlu_0224_06,S0224,unseen,finance,"The available evidence was considered before deciding how to address the current status of loan-to-value ratio; at the current stage, the reviewing group, during the present round of discussion.",loan-to-value ratio,1,0,0,,0,,"The available evidence was considered before deciding how to address the current status of loan-to-value ratio. At the current stage, the reviewing group during the present round of discussion",,0.1379310344827586,,,0,0,0,0.0,0.0,0.0,,,en,0,0,5.434712593370377e-05,0.05
nlu_0411_06,S0411,unseen,legal,"The available evidence was considered before deciding how to address the current status of motion to dismiss; at the current stage, the relevant team, during the present round of discussion.",motion dismiss,1,0,0,,0,,"The available evidence was considered before deciding how to address the current status of motion to dismiss. At the current stage, the relevant team during the present round of discussion",,0.1333333333333333,,,0,0,0,0.0,0.0,0.0,,,en,0,0,0.00014892143359890024,0.05
nlu_0512_02,S0512,unseen,general,"Could you help me with plan a trip? This is in the current round of review, the reviewing organization, before the next decision.",organization; before,2,2,0,,2,,"Could you help me with Plan A Trip? This is in the current round of review, the reviewing organization, before the next decision.",,0.1304347826086956,,1.0,0,0,2,0.0,0.0,0.0,,,en,0,0,0.00041947063910400466,0.05
nlu_0465_08,S0465,unseen,technology,"The case involves the reported concern involving REST API, and the relevant relevant records is being assessed; after the latest information became available, the current reviewer, while considering the current evidence. The record specifically references REST API.",rest,1,1,0,,1,,"The case involves the reported concern involving REST API and the relevant, relevant records is being assessed. After the latest information became available, the current reviewer, while considering the current evidence. The record specifically references REST API.",,0.1081081081081081,,1.0,0,0,1,0.0,0.0,0.0,,,en,0,0,4.9207434057707154e-05,0.05
nlu_0028_07,S0028,unseen,medical,"The latest incident focused on the evidence related to ischemic pattern; as part of the current review, the decision-making group, while considering the current evidence. The discussion also considers electrocardiographic changes.",electrocardiographic; ischemic; pattern,3,3,1,ischemic,3,6.0,"The latest incident focused on the evidence related to a schematic pattern, as part of the current review, the decision-making group, while considering the current evidence. The discussion also considers electrocardiographic changes.","The latest incident focused on the evidence related to a schematic pattern, as part of the current review, the decision-making group, while considering the current evidence. The discussion also considers electrocardiographic changes.",0.0967741935483871,0.0967741935483871,0.3333333333333333,2,0,0,1.0,1.0,0.0,,,en,1,1,0.9999999999998546,0.05
nlu_0301_08,S0301,unseen,finance,"The case involves the reported concern involving derivative hedge, and the relevant relevant records is being assessed; at the next decision point, the current reviewer, while considering the current evidence. The record specifically references derivative hedge.",derivative hedge,1,1,0,,1,,"The case involves the reported concern involving derivative hedge, and the relevant relevant records is being assessed. At the next decision point, the current reviewer, while considering the current evidence. The record specifically references derivative hedge.",,0.0555555555555555,,1.0,0,0,1,0.0,0.0,0.0,,,en,0,0,4.153477254326819e-05,0.05
nlu_0239_05,S0239,unseen,finance,"The specialist discussed the documented issue involving default probability during the latest case; at the current stage, the reviewing group, before the next decision. The record specifically references credit risk.",credit risk; probability; default,3,3,0,,3,,"The specialist discussed the documented issue involving default probability during the latest case, at the current stage, the reviewing group, before the next decision. The record specifically references credit risk.",,0.0333333333333333,,1.0,0,0,3,0.0,0.0,0.0,,,en,0,0,0.0005477338542700801,0.05
nlu_0471_10,S0471,unseen,technology,"Further assessment is needed before a final decision is made about the decision surrounding SQL query; during the latest review, the reviewing organization, during the present round of discussion. The record specifically references PostgreSQL.",postgresql,1,1,1,postgresql,1,6.0,"Further assessment is needed before a final decision is made about the decision surrounding SQL query during the latest review, the reviewing organization, during the present round of discussion. The record specifically references PostGIR SQL.","Further assessment is needed before a final decision is made about the decision surrounding SQL query during the latest review, the reviewing organization, during the present round of discussion. The record specifically references Post-GIR SQL.",0.088235294117647,0.088235294117647,1.0,0,0,0,0.0,0.0,0.0,,,en,1,1,0.999999999999996,0.05
nlu_0465_01,S0465,unseen,technology,"The current findings was reviewed in relation to REST API and HTTP endpoint, after the latest information became available, the current reviewer, while considering the current evidence.",rest; endpoint,2,2,0,,2,,"The current findings was reviewed in relation to REST API and HTTP endpoint. After the latest information became available, the current reviewer, while considering the current evidence.",,0.074074074074074,,1.0,0,0,2,0.0,0.0,0.0,,,en,0,0,5.870183401342972e-05,0.05
nlu_0577_07,S0577,unseen,general,"I would like to request contact information; the situation is during the most recent assessment, the technical or professional team, after the latest information was reviewed.",contact,1,1,0,,1,,"I would like to request contact information. The situation is during the most recent assessment, the technical or professional team, after the latest information was reviewed.",,0.0769230769230769,,1.0,0,0,1,0.0,0.0,0.0,,,en,0,0,0.0004536209439641925,0.05
nlu_0512_05,S0512,unseen,general,"Can you tell me how to plan a trip, given in the current round of review, the reviewing organization, before the next decision?",organization; before,2,2,0,,2,,"Can you tell me how to plan a trip given in the current round of review, the reviewing organization before the next decision?",,0.0869565217391304,,1.0,0,0,2,0.0,0.0,0.0,,,en,0,0,0.00042988348945324556,0.05
nlu_0471_01,S0471,unseen,technology,"The current findings was reviewed in relation to PostgreSQL and relational database, during the latest review, the reviewing organization, during the present round of discussion.",postgresql; relational; database,3,3,1,postgresql,3,6.0,"The current findings was reviewed in relation to Postgres QL and Relational Database. During the latest review, the reviewing organization during the present round of discussion.","The current findings was reviewed in relation to Postfer SQL and Relational Database. During the latest review, the reviewing organization during the present round of discussion.",0.24,0.24,0.3333333333333333,2,0,0,1.0,1.0,0.0,,,en,1,1,0.9999999999976847,0.05
nlu_0593_01,S0593,unseen,general,"I need help with ask about a parcel, in the current round of review, the assigned professional, before the next decision.",parcel,1,1,0,,1,,I need help with Ask About a parcel in the current round of review the assigned professional before the next decision.,,0.238095238095238,,1.0,0,0,1,0.0,0.0,0.0,,,en,0,0,0.0004231917324001892,0.05
nlu_0345_08,S0345,unseen,legal,"The case involves the reported concern involving governing law, and the relevant relevant records is being assessed; after the latest information became available, the decision-making group, before the matter is finalized. The record specifically references governing law.",governing,1,1,0,,1,,"The case involves the reported concern involving governing law and the relevant relevant records is being assessed. After the latest information became available, the decision-making group, before the matter is finalized. The record specifically references governing law.",,0.081081081081081,,1.0,0,0,1,0.0,0.0,0.0,,,en,0,0,0.0007631781170270082,0.05
nlu_0388_01,S0388,unseen,legal,"The current findings was reviewed in relation to defendant and answer, during the most recent assessment, the case team, before the next decision.",defendant; answer,2,2,0,,2,,"The current findings was reviewed in relation to defendant and answer. During the most recent assessment, the case team before the next decision.",,0.1304347826086956,,1.0,0,0,2,0.0,0.0,0.0,,,en,0,0,1.7964620086257582e-05,0.05
nlu_0218_03,S0218,unseen,finance,"The current available evidence requires further assessment, especially in relation to the relationship between mortgage underwriting and loan-to-value ratio; as part of the current review, the decision-making group, before the matter is finalized. The discussion also considers loan-to-value ratio.",mortgage underwriting; loan-to-value,2,2,0,,2,,"The current available evidence requires further assessment, especially in relation to the relationship between mortgage underwriting and loan-to-value ratio. As part of the current review, the decision-making group, before the matter is finalized. The discussion also considers loan-to-value ratio.",,0.0512820512820512,,1.0,0,0,2,0.0,0.0,0.0,,,en,0,0,0.00014469972635914065,0.05
nlu_0590_05,S0590,unseen,general,"Can you tell me how to send a document, given during the latest review, the current reviewer, after the latest information was reviewed?",document,1,1,0,,1,,"Can you tell me how to send a document given during the latest review, the current reviewer, after the latest information was reviewed?",,0.0434782608695652,,1.0,0,0,1,0.0,0.0,0.0,,,en,0,0,0.0004414313263393081,0.05
nlu_0045_03,S0045,unseen,medical,"The current available evidence requires further record, especially in relation to the relationship between echocardiography and left ventricular function; during the most recent assessment, the responsible specialist, before the matter is finalized. The discussion also considers left ventricular function.",echocardiography; ventricular; function,3,3,0,,3,,"The current available evidence requires further record, especially in relation to the relationship between echocardiography and left ventricular function. During the most recent assessment, the responsible specialist, before the matter, is finalized. The discussion also considers left ventricular function.",,0.0769230769230769,,1.0,0,0,3,0.0,0.0,0.0,,,en,0,0,0.0011658169753601718,0.05
nlu_0572_10,S0572,unseen,general,"I need some information because I want to plan a trip; in the current round of review, the decision-making group, before the next decision.",because,1,1,0,,1,,"I need some information because I want to plan a trip. In the current round of review, the decision-making group before the next decision.",,0.125,,1.0,0,0,1,0.0,0.0,0.0,,,en,0,0,0.0004273206773730653,0.05
nlu_0460_07,S0460,unseen,technology,"The latest exposure focused on the evidence related to access token; following the previous discussion, the technical or professional team, before the next decision. The discussion also considers authorization server.",server; access,2,2,0,,2,,"The latest exposure focused on the evidence related to access token, following the previous discussion, the technical or professional team, before the next decision. The discussion also considers authorization server.",,0.0333333333333333,,1.0,0,0,2,0.0,0.0,0.0,,,en,0,0,1.4196582178910188e-06,0.05
nlu_0471_03,S0471,unseen,technology,"The current available evidence requires further account, especially in relation to the relationship between PostgreSQL and relational database; during the latest review, the reviewing organization, during the present round of discussion. The discussion also considers relational database.",postgresql; relational; database,3,3,1,postgresql,3,6.0,"The current available evidence requires further account, especially in relation to the relationship between Postgres SQL and relational database. During the latest review, the reviewing organization during the present round of discussion. The discussion also considers relational database.","The current available evidence requires further account, especially in relation to the relationship between Post- the current available evidence requires further account, especially in relation to the relationship between Post- SQL and relational database. During the latest review, the reviewing organization during the present round of discussion. The discussion also considers relational database.",0.1351351351351351,0.5405405405405406,0.3333333333333333,2,0,0,1.0,1.0,0.0,,,en,1,1,0.9999999999885987,0.05
nlu_0068_09,S0068,unseen,medical,"The professional handling the matter is reviewing the effect of bradykinesia on the overall situation and the associated observed changes; after the latest information became available, the assigned professional, before the next decision.",bradykinesia,1,1,1,bradykinesia,1,6.0,"The professional handling the matter is reviewing the effect of bradikinesia on the overall situation and the associated observed changes. After the latest information became available, the assigned professional before the next decision.","The professional handling the matter is reviewing the effect of Fratikinuja on the overall situation and the associated observed changes. After the latest information became available, the assigned professional before the next decision.",0.1212121212121212,0.1212121212121212,1.0,0,0,0,0.0,0.0,0.0,,,en,1,1,1.0,0.05
nlu_0374_03,S0374,unseen,legal,"The current available evidence requires further validation, especially in relation to the relationship between termination provision and termination right; during the latest review, the decision-making group, before the next decision. The discussion also considers termination right.",termination provision,1,1,0,,1,,"The current available evidence requires further validation, especially in relation to the relationship between termination provision and termination right. During the latest review, the decision-making group, before the next decision. The discussion also considers termination right.",,0.0555555555555555,,1.0,0,0,1,0.0,0.0,0.0,,,en,0,0,0.0003831655352778768,0.05
nlu_0225_03,S0225,unseen,finance,"The current available evidence requires further record, especially in relation to the relationship between loan-to-value ratio and collateral value; after the recent update, the assigned professional, while considering the current evidence. The discussion also considers collateral value.",loan-to-value ratio; collateral,2,1,0,,1,,"The current available evidence requires further record, especially in relation to the relationship between loan-to-value ratio and collateral value. After the recent update, the assigned professional, while considering the current evidence. The discussion also considers collateral value.",,0.054054054054054,,1.0,0,0,1,0.0,0.0,0.0,,,en,0,0,3.107611668946536e-05,0.05
nlu_0147_02,S0147,unseen,medical,"The team is evaluating amoxicillin in the context of bacterial infection, with particular attention to the reported issue; in the current round of review, the technical or professional team, after the latest information was reviewed. The record specifically references amoxicillin.",amoxicillin; infection; bacterial,3,3,1,amoxicillin,3,6.0,"The team is evaluating a Moxacillin in the context of bacterial infection, with particular attention to the reported issue. In the current round of review, the technical or professional team, after the latest information, was reviewed. The record specifically references a Moxacillin.","The team is evaluating a Moxacillin in the context of bacterial infection, with particular attention to the reported issue. In the current round of review, the technical or professional team, after the latest information, was reviewed. The record specifically references a Moxacillin.",0.175,0.175,0.3333333333333333,2,0,0,1.0,1.0,0.0,,,en,1,1,0.9999999999139577,0.05
nlu_0058_04,S0058,unseen,medical,"A detailed review was requested concerning the implications of ventricular tachycardia; during the most recent assessment, the person handling the matter, before the matter is finalized.",ventricular tachycardia,1,1,0,,1,,"A detailed review was requested concerning the implications of ventricular tachycardia. During the most recent assessment, the person handling the matter before the matter is finalized.",,0.1153846153846153,,1.0,0,0,1,0.0,0.0,0.0,,,en,0,0,0.0009062227150448139,0.05
nlu_0229_03,S0229,unseen,finance,"The current available evidence requires further screening, especially in relation to the relationship between non-performing asset and loan delinquency; after the latest information became available, the relevant team, during the present round of discussion. The discussion also considers loan delinquency.",non-performing asset; delinquency,2,1,0,,1,,"The current available evidence requires further screening, especially in relation to the relationship between non-performing asset and loan delinquency. After the latest information became available, the relevant team during the present round of discussion. The discussion also considers loan delinquency.",,0.075,,1.0,0,0,1,0.0,0.0,0.0,,,en,0,0,0.00010310867991618783,0.05
nlu_0512_08,S0512,unseen,general,"Is it possible to plan a trip, considering in the current round of review, the reviewing organization, before the next decision?",possible,1,1,0,,1,,Is it possible to plan a trip considering in the current round of review the reviewing organization before the next decision?,,0.1428571428571428,,1.0,0,0,1,0.0,0.0,0.0,,,en,0,0,0.00042232586457826454,0.05
nlu_0272_05,S0272,unseen,finance,"The specialist discussed the documented issue involving discounted cash flow during the latest validation; during the most recent assessment, the decision-making group, during the present round of discussion. The record specifically references equity valuation.",equity valuation; discounted,2,2,1,equity valuation,2,6.0,"The specialist discussed the documented issue involving discounted cash flow during the latest validation, during the most recent assessment, the decision-making group, during the present round of discussion. The record specifically references equity valuation.","The specialist discussed the documented issue involving discounted cash flow during the latest validation, during the most recent assessment, the decision-making group, during the present round of discussion. The record specifically references equity evaluation.",0.0294117647058823,0.0588235294117647,0.3333333333333333,1,0,1,1.0,0.5,0.0,,,en,1,1,1.0,0.05
nlu_0433_04,S0433,unseen,legal,"A detailed validation was requested concerning the implications of jurisdiction; at the next decision point, the current reviewer, after the latest information was reviewed.",jurisdiction,1,1,0,,1,,"A detailed validation was requested concerning the implications of jurisdiction. At the next decision point, the current reviewer, after the latest information, was reviewed.",,0.125,,1.0,0,0,1,0.0,0.0,0.0,,,en,0,0,9.689373257304788e-06,0.05
nlu_0096_09,S0096,unseen,medical,"The professional handling the matter is reviewing the effect of seizure disorder on the overall situation and the associated observed changes; during the ongoing evaluation, the decision-making group, during the present round of discussion.",disorder; seizure,2,2,0,,2,,"The professional handling the matter is reviewing the effect of seizure disorder on the overall situation and the associated observed changes. During the ongoing evaluation, the decision-making group during the present round of discussion.",,0.088235294117647,,1.0,0,0,2,0.0,0.0,0.0,,,en,0,0,1.9999210072114177e-05,0.05
nlu_0271_03,S0271,unseen,finance,"The current available evidence requires further account, especially in relation to the relationship between equity valuation and discounted cash flow; at the next decision point, the reviewing organization, while considering the current evidence. The discussion also considers discounted cash flow.",equity valuation; discounted,2,2,0,,2,,"The current available evidence requires further account, especially in relation to the relationship between equity valuation and discounted cash flow. At the next decision point, the reviewing organization while considering the current evidence. The discussion also considers discounted cash flow.",,0.075,,1.0,0,0,2,0.0,0.0,0.0,,,en,0,0,3.827284707256748e-05,0.05
nlu_0389_02,S0389,unseen,legal,"The team is evaluating defendant in the context of claim, with particular attention to the reported issue; at the next decision point, the person handling the matter, before the next decision. The record specifically references defendant.",defendant,1,1,0,,1,,"The team is evaluating defendant in the context of claim, with particular attention to the reported issue. At the next decision point, the person handling the matter before the next decision. The record specifically references defendant.",,0.0833333333333333,,1.0,0,0,1,0.0,0.0,0.0,,,en,0,0,3.3122328861032867e-06,0.05
nlu_0204_07,S0204,unseen,finance,"The latest strategy focused on the evidence related to transaction monitoring; during the ongoing evaluation, the reviewing organization, before the next decision. The discussion also considers anti-money laundering.",laundering; anti-money,2,2,0,,2,,"The latest strategy focused on the evidence related to transaction monitoring during the ongoing evaluation, the reviewing organization, before the next decision. The discussion also considers anti-money laundering.",,0.0357142857142857,,1.0,0,0,2,0.0,0.0,0.0,,,en,0,0,0.0001613324344934366,0.05
nlu_0388_09,S0388,unseen,legal,"The professional handling the matter is reviewing the effect of answer on the overall situation and the associated observed changes; during the most recent assessment, the case team, before the next decision.",answer,1,1,0,,1,,"The professional handling the matter is reviewing the effective answer on the overall situation and the associated observed changes. During the most recent assessment, the case team before the next decision.",,0.15625,,1.0,0,0,1,0.0,0.0,0.0,,,en,0,0,4.383987646429545e-06,0.05
nlu_0218_05,S0218,unseen,finance,"The specialist discussed the documented issue involving loan-to-value ratio during the latest analysis; as part of the current review, the decision-making group, before the matter is finalized. The record specifically references mortgage underwriting.",mortgage underwriting; loan-to-value,2,2,0,,2,,"The specialist discussed the documented issue involving loan-to-value ratio during the latest analysis. As part of the current review, the decision-making group, before the matter is finalized. The record specifically references mortgage underwriting.",,0.0606060606060606,,1.0,0,0,2,0.0,0.0,0.0,,,en,0,0,2.5930582560570436e-05,0.05
nlu_0390_07,S0390,unseen,legal,"The latest validation focused on the evidence related to claim; during the ongoing evaluation, the reviewing group, before the matter is finalized. The discussion also considers answer.",answer,1,1,0,,1,,"The latest validation focused on the evidence related to claim. During the ongoing evaluation, the reviewing group, before the matter is finalized. The discussion also considers answer.",,0.074074074074074,,1.0,0,0,1,0.0,0.0,0.0,,,en,0,0,1.497511187413049e-06,0.05
nlu_0082_07,S0082,unseen,medical,"The latest monitoring focused on the evidence related to diffusion restriction; during the latest review, the reviewing group, while considering the current evidence. The discussion also considers brain MRI.",diffusion,1,1,0,,1,,"The latest monitoring focused on the evidence related to diffusion restriction during the latest review, the reviewing group, while considering the current evidence. The discussion also considers brain MRI.",,0.0344827586206896,,1.0,0,0,1,0.0,0.0,0.0,,,en,0,0,0.001674613105342859,0.05
nlu_0474_01,S0474,unseen,technology,"The current findings was reviewed in relation to PostgreSQL and relational database, during the latest review, the relevant team, before the matter is finalized.",postgresql; relational; database,3,3,1,postgresql,3,6.0,"The current findings was reviewed in relation to Postgres QL and Relational Database. During the latest review, the relevant team, before the matter, is finalized.","The current findings was reviewed in relation to Post-Fur SQL and Relational Database. During the latest review, the relevant team, before the matter, is finalized.",0.25,0.25,0.3333333333333333,2,0,0,1.0,1.0,0.0,,,en,1,1,0.999999999998757,0.05
nlu_0229_01,S0229,unseen,finance,"The current findings was reviewed in relation to non-performing asset and loan delinquency, after the latest information became available, the relevant team, during the present round of discussion.",non-performing asset; delinquency,2,1,0,,1,,"The current findings was reviewed in relation to non-performing asset and loan delinquency. After the latest information became available, the relevant team during the present round of discussion.",,0.1071428571428571,,1.0,0,0,1,0.0,0.0,0.0,,,en,0,0,9.51395382326093e-05,0.05
nlu_0518_02,S0518,unseen,general,"Could you help me with ask about a commute? This is following the previous discussion, the decision-making group, while comparing the available options.",commute,1,1,0,,1,,"Could you help me with Ask about a Commute? This is following the previous discussion, the decision-making group, while comparing the available options.",,0.0869565217391304,,1.0,0,0,1,0.0,0.0,0.0,,,en,0,0,0.0004244474842689636,0.05
nlu_0474_02,S0474,unseen,technology,"The team is evaluating PostgreSQL in the context of SQL query, with particular attention to the reported issue; during the latest review, the relevant team, before the matter is finalized. The record specifically references PostgreSQL.",postgresql,1,1,1,postgresql,1,6.0,"The team is evaluating Postgres SQL in the context of SQL query, with particular attention to the reported issue. During the latest review, the relevant team, before the matter is finalized. The record specifically references Postgres SQL.","The team is evaluating Postgres SQL in the context of SQL query, with particular attention to the reported issue. During the latest review, the relevant team, before the matter is finalized. The record specifically references Postgres SQL.",0.1714285714285714,0.1714285714285714,1.0,0,0,0,0.0,0.0,0.0,,,en,1,1,0.9999999997113036,0.05
nlu_0271_01,S0271,unseen,finance,"The current findings was reviewed in relation to equity valuation and discounted cash flow, at the next decision point, the reviewing organization, while considering the current evidence.",equity valuation; discounted,2,2,0,,2,,"The current findings was reviewed in relation to equity valuation and discounted cash flow. At the next decision point, the reviewing organization while considering the current evidence.",,0.1111111111111111,,1.0,0,0,2,0.0,0.0,0.0,,,en,0,0,2.4258405847776552e-05,0.05
nlu_0430_04,S0430,unseen,legal,"A detailed account was requested concerning the implications of civil procedure; after the recent update, the technical or professional team, while considering the current evidence.",civil procedure,1,1,0,,1,,"A detailed account was requested concerning the implications of civil procedure. After the recent update, the technical or professional team, while considering the current evidence.",,0.08,,1.0,0,0,1,0.0,0.0,0.0,,,en,0,0,3.0002025832695615e-08,0.05
nlu_0215_01,S0215,unseen,finance,"The current findings was reviewed in relation to mortgage underwriting and loan-to-value ratio, during the latest review, the decision-making group, while considering the current evidence.",mortgage underwriting; loan-to-value,2,2,0,,2,,"The current findings was reviewed in relation to mortgage underwriting and loan-to-value ratio. During the latest review, the decision-making group, while considering the current evidence.",,0.08,,1.0,0,0,2,0.0,0.0,0.0,,,en,0,0,6.074709078982836e-05,0.05
nlu_0058_09,S0058,unseen,medical,"The professional handling the matter is reviewing the effect of wide-complex rhythm on the overall situation and the associated observed changes; during the most recent assessment, the person handling the matter, before the matter is finalized.",wide-complex; rhythm,2,2,1,wide-complex,2,6.0,"The professional handling the matter is reviewing the effect of wide complex rhythm on the overall situation and the associated observed changes. During the most recent assessment, the person handling the matter before the matter is finalized.","The professional handling the matter is reviewing the effect of wide complex rhythm on the overall situation and the associated observed changes. During the most recent assessment, the person handling the matter before the matter is finalized.",0.1388888888888889,0.1388888888888889,0.5,1,0,0,1.0,1.0,0.0,,,en,1,1,0.9999965726057611,0.05
nlu_0143_10,S0143,unseen,medical,"Further model is needed before a final decision is made about the decision surrounding glucose control; at the next decision point, the responsible specialist, during the present round of discussion. The record specifically references insulin glargine.",insulin glargine; control; glucose,3,2,0,,2,,"Further model is needed before a final decision is made about the decision surrounding glucose control. At the next decision point, the responsible specialist during the present round of discussion. The record specifically references insulin-glargin.",,0.1388888888888889,,1.0,0,0,2,0.0,0.0,0.0,,,en,0,0,0.0008409865425811767,0.05
nlu_0595_02,S0595,unseen,general,"Could you help me with ask for opening hours? This is after the recent update, the assigned professional, during the present round of discussion.",opening,1,1,0,,1,,"Could you help me with ask for opening hours? This is after the recent update, the assigned professional, during the present round of discussion.",,0.0,,1.0,0,0,1,0.0,0.0,0.0,,,en,0,0,0.0004364563728036004,0.05
nlu_0577_01,S0577,unseen,general,"I need help with request contact information, during the most recent assessment, the technical or professional team, after the latest information was reviewed.",contact,1,1,0,,1,,"I need help with request contact information during the most recent assessment, the technical or professional team, after the latest information was reviewed.",,0.0434782608695652,,1.0,0,0,1,0.0,0.0,0.0,,,en,0,0,0.0004323180361538283,0.05
nlu_0594_04,S0594,unseen,general,"I wanted to ask about change a calendar event, particularly at the current stage, the technical or professional team, after the latest information was reviewed.",particularly; calendar; wanted; change,4,4,0,,4,,"I wanted to ask about change a calendar event, particularly at the current stage, the technical or professional team after the latest information was reviewed.",,0.04,,1.0,0,0,4,0.0,0.0,0.0,,,en,0,0,0.00043150185816751756,0.05
nlu_0128_09,S0128,unseen,medical,"The professional handling the matter is reviewing the effect of peripheral nerve on the overall situation and the associated observed changes; during the most recent assessment, the case team, before the matter is finalized.",peripheral,1,1,0,,1,,"The professional handling the matter is reviewing the effect of peripheral nerve on the overall situation and the associated observed changes. During the most recent assessment, the case team, before the matter, is finalized.",,0.088235294117647,,1.0,0,0,1,0.0,0.0,0.0,,,en,0,0,0.0010253379139414781,0.05
nlu_0007_08,S0007,unseen,medical,"The case involves the reported concern involving myocardial ischemia, and the relevant relevant records is being assessed; after the recent update, the responsible specialist, during the present round of discussion. The record specifically references myocardial ischemia.",myocardial; ischemia,2,2,0,,2,,"The case involves the reported concern involving myocardial ischemia and the relevant relevant records is being assessed after the recent update, the responsible specialist, during the present round of discussion. The record specifically references myocardial ischemia.",,0.0555555555555555,,1.0,0,0,2,0.0,0.0,0.0,,,en,0,0,3.038038130980109e-05,0.05
nlu_0168_08,S0168,unseen,medical,"The case involves the reported concern involving heparin, and the relevant relevant records is being assessed; at the next decision point, the responsible specialist, after the latest information was reviewed. The record specifically references heparin.",heparin,1,1,0,,1,,"The case involves the reported concern involving Heparin, and the relevant relevant records is being assessed. At the next decision point, the responsible specialist, after the latest information was reviewed. The record specifically references Heparin.",,0.1142857142857142,,1.0,0,0,1,0.0,0.0,0.0,,,en,0,0,0.00045404780547969673,0.05
nlu_0115_04,S0115,unseen,medical,"A detailed transfer was requested concerning the implications of multiple sclerosis; after the recent update, the assigned professional, after the latest information was reviewed.",multiple sclerosis,1,1,0,,1,,"A detailed transfer was requested concerning the implications of multiple sclerosis. After the recent update, the assigned professional, after the latest information was reviewed.",,0.0833333333333333,,1.0,0,0,1,0.0,0.0,0.0,,,en,0,0,0.0002955687190152469,0.05
nlu_0234_02,S0234,unseen,finance,"The team is evaluating non-performing asset in the context of default, with particular attention to the reported issue; following the previous discussion, the relevant team, before the next decision. The record specifically references non-performing asset.",non-performing asset; default,2,1,0,,1,,"The team is evaluating non-performing asset in the context of default, with particular attention to the reported issue, following the previous discussion, the relevant team, before the next decision. The record specifically references non-performing asset.",,0.0285714285714285,,1.0,0,0,1,0.0,0.0,0.0,,,en,0,0,8.039722565779568e-05,0.05
nlu_0349_02,S0349,unseen,legal,"The team is evaluating liquidated damages in the context of pre-agreed amount, with particular attention to the reported issue; during the latest review, the person handling the matter, while comparing the available options. The record specifically references liquidated damages.",liquidated damages; pre-agreed; amount,3,3,0,,3,,"The team is evaluating liquidated damages in the context of pre-agreed amount, with particular attention to the reported issue. During the latest review, the person handling the matter while comparing the available options. The record specifically references liquidated damages.",,0.0769230769230769,,1.0,0,0,3,0.0,0.0,0.0,,,en,0,0,0.00019728474356877504,0.05
nlu_0275_10,S0275,unseen,finance,"Further report is needed before a final decision is made about the decision surrounding enterprise value; after the latest information became available, the case team, while comparing the available options. The record specifically references equity valuation.",equity valuation; enterprise,2,2,0,,2,,"Further report is needed before a final decision is made about the decision surrounding enterprise value. After the latest information became available, the case team, while comparing the available options. The record specifically references equity valuation.",,0.0555555555555555,,1.0,0,0,2,0.0,0.0,0.0,,,en,0,0,3.6725353160792756e-05,0.05
nlu_0226_08,S0226,unseen,finance,"The case involves the reported concern involving loan-to-value ratio, and the relevant relevant records is being assessed; following the previous discussion, the case team, before the matter is finalized. The record specifically references loan-to-value ratio.",loan-to-value ratio,1,0,0,,0,,"The case involves the reported concern involving loan-to-value ratio, and the relevant relevant records is being assessed. Following the previous discussion, the case team, before the matter is finalized. The record specifically references loan-to-value ratio.",,0.0571428571428571,,,0,0,0,0.0,0.0,0.0,,,en,0,0,6.763314040896452e-05,0.05
nlu_0364_05,S0364,unseen,legal,"The specialist discussed the documented issue involving contractual representation during the latest monitoring; after the recent update, the relevant team, while comparing the available options. The record specifically references representations and warranties.",representations warranties; contractual,2,1,0,,1,,"The specialist discussed the documented issue involving contractual representation during the latest monitoring. After the recent update, the relevant team, while comparing the available options. The records specifically references representations and warranties.",,0.09375,,1.0,0,0,1,0.0,0.0,0.0,,,en,0,0,4.41725164822619e-09,0.05
nlu_0095_09,S0095,unseen,medical,"The professional handling the matter is reviewing the effect of seizure disorder on the overall situation and the associated observed changes; during the ongoing evaluation, the reviewing organization, before the matter is finalized.",disorder; seizure,2,2,0,,2,,"The professional handling the matter is reviewing the effective seizure disorder on the overall situation and the associated observed changes. During the ongoing evaluation, the reviewing organization, before the matter is finalized.",,0.1212121212121212,,1.0,0,0,2,0.0,0.0,0.0,,,en,0,0,1.2053723312295033e-05,0.05
nlu_0224_09,S0224,unseen,finance,"The professional handling the matter is reviewing the effect of collateral value on the overall situation and the associated observed changes; at the current stage, the reviewing group, during the present round of discussion.",collateral,1,1,0,,1,,"The professional handling the matter is reviewing the effect of collateral value on the overall situation and the associated observed changes. At the current stage, the reviewing group during the present round of discussion",,0.1176470588235294,,1.0,0,0,1,0.0,0.0,0.0,,,en,0,0,5.444974295879335e-05,0.05
nlu_0225_09,S0225,unseen,finance,"The professional handling the matter is reviewing the effect of collateral value on the overall situation and the associated observed changes; after the recent update, the assigned professional, while considering the current evidence.",collateral,1,1,0,,1,,"The professional handling the matter is reviewing the effect of collateral value on the overall situation and the associated observed changes. After the recent update, the assigned professional, while considering the current evidence.",,0.0606060606060606,,1.0,0,0,1,0.0,0.0,0.0,,,en,0,0,8.957886589351144e-07,0.05
nlu_0353_04,S0353,unseen,legal,"A detailed validation was requested concerning the implications of liquidated damages; as part of the current review, the reviewing organization, before the next decision.",liquidated damages,1,1,0,,1,,"A detailed validation was requested concerning the implications of liquidated damages. As part of the current review, the reviewing organization before the next decision.",,0.125,,1.0,0,0,1,0.0,0.0,0.0,,,en,0,0,0.0002141236262459195,0.05
nlu_0323_01,S0323,unseen,legal,"The current findings was reviewed in relation to force majeure and contract performance, during the latest review, the decision-making group, after the latest information was reviewed.",force majeure; performance; contract,3,2,0,,2,,"The current findings was reviewed in relation to force majura and contract performance. During the latest review, the decision-making group, after the latest information was reviewed.",,0.1153846153846153,,1.0,0,0,2,0.0,0.0,0.0,,,en,0,0,9.682044265908178e-07,0.05
nlu_0301_01,S0301,unseen,finance,"The current findings was reviewed in relation to derivative hedge and hedging strategy, at the next decision point, the current reviewer, while considering the current evidence.",derivative hedge; hedging,2,2,0,,2,,"The current findings was reviewed in relation to derivative hedge and hedging strategy. At the next decision point, the current reviewer, while considering the current evidence.",,0.0769230769230769,,1.0,0,0,2,0.0,0.0,0.0,,,en,0,0,3.087565640648645e-05,0.05
nlu_0470_08,S0470,unseen,technology,"The case involves the reported concern involving REST API, and the relevant relevant records is being assessed; as part of the current review, the person handling the matter, while comparing the available options. The record specifically references REST API.",rest,1,1,0,,1,,"The case involves the reported concern involving REST API and the relevant relevant records is being assessed. As part of the current review, the person handling the matter while comparing the available options. The records specifically references REST API.",,0.1282051282051282,,1.0,0,0,1,0.0,0.0,0.0,,,en,0,0,1.690913303977764e-05,0.05
nlu_0095_03,S0095,unseen,medical,"The current available evidence requires further authorization, especially in relation to the relationship between epilepsy and seizure disorder; during the ongoing evaluation, the reviewing organization, before the matter is finalized. The discussion also considers seizure disorder.",epilepsy; disorder; seizure,3,3,0,,3,,"The current available evidence requires further authorization, especially in relation to the relationship between epilepsy and seizure disorder. During the ongoing evaluation, the reviewing organization, before the matter is finalized. The discussion also considers seizure disorder.",,0.0555555555555555,,1.0,0,0,3,0.0,0.0,0.0,,,en,0,0,0.0004661584251144353,0.05
nlu_0353_09,S0353,unseen,legal,"The professional handling the matter is reviewing the effect of contractual remedy on the overall situation and the associated observed changes; as part of the current review, the reviewing organization, before the next decision.",contractual; remedy,2,2,0,,2,,"The professional handling the matter is reviewing the effect of contractual remedy on the overall situation and the associated observed changes. As part of the current review, the reviewing organization before the next decision.",,0.088235294117647,,1.0,0,0,2,0.0,0.0,0.0,,,en,0,0,0.00013037502190655538,0.05
nlu_0345_03,S0345,unseen,legal,"The current available evidence requires further record, especially in relation to the relationship between governing law and jurisdiction; after the latest information became available, the decision-making group, before the matter is finalized. The discussion also considers jurisdiction.",governing; jurisdiction,2,2,0,,2,,"The current available evidence requires further record, especially in relation to the relationship between governing law and jurisdiction. After the latest information became available, the decision-making group, before the matter is finalized. The discussion also considers jurisdiction.",,0.054054054054054,,1.0,0,0,2,0.0,0.0,0.0,,,en,0,0,0.00013953649362562163,0.05
nlu_0430_07,S0430,unseen,legal,"The latest validation focused on the evidence related to court filing; after the recent update, the technical or professional team, while considering the current evidence. The discussion also considers procedural rule.",procedural; filing,2,2,0,,2,,"The latest validation focused on the evidence related to court filing after the recent update, the technical or professional team, while considering the current evidence. The discussion also considers procedural rule.",,0.032258064516129,,1.0,0,0,2,0.0,0.0,0.0,,,en,0,0,9.324816074527638e-05,0.05
nlu_0275_09,S0275,unseen,finance,"The professional handling the matter is reviewing the effect of discounted cash flow on the overall situation and the associated observed changes; after the latest information became available, the case team, while comparing the available options.",discounted,1,1,0,,1,,"The professional handling the matter is reviewing the effect of discounted cash flow on the overall situation and the associated observed changes. After the latest information became available, the case team, while comparing the available options.",,0.0555555555555555,,1.0,0,0,1,0.0,0.0,0.0,,,en,0,0,0.00010963093379680573,0.05
nlu_0218_09,S0218,unseen,finance,"The professional handling the matter is reviewing the effect of loan-to-value ratio on the overall situation and the associated observed changes; as part of the current review, the decision-making group, before the matter is finalized.",loan-to-value,1,1,0,,1,,"The professional handling the matter is reviewing the effect of loan-to-value ratio on the overall situation and the associated observed changes. As part of the current review, the decision-making group, before the matter is finalized.",,0.0571428571428571,,1.0,0,0,1,0.0,0.0,0.0,,,en,0,0,4.093699370492512e-05,0.05
nlu_0160_05,S0160,unseen,medical,"The specialist discussed the documented issue involving macrolide antibiotic during the latest report; after the recent update, the decision-making group, after the latest information was reviewed. The record specifically references azithromycin.",azithromycin; antibiotic; macrolide,3,2,1,macrolide,2,0.0,"The specialist discussed the documented issue involving macrolide antibiotic during the latest report. After the recent update, the decision-making group, after the latest information was reviewed. The record specifically references Azath Ramaysen.","The specialist discussed the documented issue involving naturalized antibiotic during the latest report. After the recent update, the decision-making group, after the latest information was reviewed. The record specifically references Azath Ramaysen.",0.1290322580645161,0.1612903225806451,0.5,1,0,1,1.0,0.5,0.0,,,en,1,1,0.9999999999999174,0.05
nlu_0176_09,S0176,unseen,medical,"The professional handling the matter is reviewing the effect of statin on the overall situation and the associated observed changes; after the recent update, the case team, before the matter is finalized.",statin,1,1,1,statin,1,0.0,"The professional handling the matter is reviewing the effect of statin on the overall situation and the associated observed changes. After the recent update, the case team, before the matter is finalized.","The professional handling the matter is reviewing the effect of satin on the overall situation and the associated observed changes. After the recent update, the case team, before the matter is finalized.",0.0625,0.09375,1.0,0,0,1,0.0,0.0,0.0,,,en,1,1,0.9703075497199537,0.05
nlu_0406_05,S0406,unseen,legal,"The specialist discussed the documented issue involving document production during the latest strategy; at the current stage, the case team, before the next decision. The record specifically references discovery.",discovery; production,2,2,0,,2,,"The specialist discussed the documented issue involving document production during the latest strategy at the current stage, the case team, before the next decision. The record specifically references discovery.",,0.0344827586206896,,1.0,0,0,2,0.0,0.0,0.0,,,en,0,0,0.00010425542532412176,0.05
nlu_0333_03,S0333,unseen,legal,"The current available evidence requires further resolution, especially in relation to the relationship between indemnification clause and indemnity; at the current stage, the decision-making group, after the latest information was reviewed. The discussion also considers indemnity.",indemnification clause; indemnity,2,2,0,,2,,"The current available evidence requires further resolution, especially in relation to the relationship between indemnification clause and indemnity. At the current stage, the decision-making group, after the latest information was reviewed. The discussion also considers indemnity.",,0.0555555555555555,,1.0,0,0,2,0.0,0.0,0.0,,,en,0,0,0.0001223489639026833,0.05
nlu_0026_09,S0026,unseen,medical,"The professional handling the matter is reviewing the effect of electrocardiographic changes on the overall situation and the associated observed changes; after the latest information became available, the reviewing organization, before the matter is finalized.",electrocardiographic,1,1,0,,1,,"The professional handling the matter is reviewing the effect of electrocardiographic changes on the overall situation and the associated observed changes. After the latest information became available, the reviewing organization, before the matter is finalized.",,0.0571428571428571,,1.0,0,0,1,0.0,0.0,0.0,,,en,0,0,0.0006875472875954846,0.05
nlu_0349_10,S0349,unseen,legal,"Further transfer is needed before a final decision is made about the decision surrounding pre-agreed amount; during the latest review, the person handling the matter, while comparing the available options. The record specifically references liquidated damages.",liquidated damages; pre-agreed; amount,3,3,0,,3,,"Further transfer is needed before a final decision is made about the decision surrounding pre-agreed amount. During the latest review, the person handling the matter while comparing the available options. The record specifically references liquidated damages.",,0.0833333333333333,,1.0,0,0,3,0.0,0.0,0.0,,,en,0,0,6.386713936263374e-05,0.05
nlu_0197_08,S0197,unseen,finance,"The case involves the reported concern involving AML, and the relevant relevant records is being assessed; at the next decision point, the reviewing group, before the matter is finalized. The record specifically references AML.",finalized; before,2,2,0,,2,,"The case involves the reported concern involving AML and the relevant relevant records is being assessed. At the next decision point, the reviewing group, before the matter is finalized. The record specifically references AML.",,0.088235294117647,,1.0,0,0,2,0.0,0.0,0.0,,,en,0,0,0.0007529972889933117,0.05
nlu_0406_10,S0406,unseen,legal,"Further resolution is needed before a final decision is made about the decision surrounding interrogatories; at the current stage, the case team, before the next decision. The record specifically references discovery.",discovery; interrogatories,2,2,0,,2,,"Further resolution is needed before a final decision is made about the decision surrounding interrogatories. At the current stage, the case team before the next decision. The record specifically references discovery.",,0.0967741935483871,,1.0,0,0,2,0.0,0.0,0.0,,,en,0,0,2.2830628285709974e-05,0.05
nlu_0128_08,S0128,unseen,medical,"The case involves the reported concern involving neuropathy, and the relevant relevant records is being assessed; during the most recent assessment, the case team, before the matter is finalized. The record specifically references neuropathy.",neuropathy,1,1,0,,1,,"The case involves the reported concern involving neuropathy and the relevant relevant records is being assessed. During the most recent assessment, the case team, before the matter, is finalized. The record specifically references neuropathy. The case is being assessed. The case is being assessed.",,0.4117647058823529,,1.0,0,0,1,0.0,0.0,0.0,,,en,0,0,0.00034039011324794145,0.05
nlu_0045_07,S0045,unseen,medical,"The latest screening focused on the evidence related to ejection fraction; during the most recent assessment, the responsible specialist, before the matter is finalized. The discussion also considers left ventricular function.",ventricular; function; fraction; ejection,4,4,1,ejection,4,0.0,"The latest screening focused on the evidence related to ejection fraction. During the most recent assessment, the responsible specialist, before the matter is finalized. The discussion also considers left ventricular function.","The latest screening focused on the evidence related to objection fraction. During the most recent assessment, the responsible specialist, before the matter is finalized. The discussion also considers left ventricular function.",0.064516129032258,0.0967741935483871,0.25,3,0,1,1.0,0.75,0.0,,,en,1,1,0.9999999999999993,0.05
nlu_0406_04,S0406,unseen,legal,"A detailed adjustment was requested concerning the implications of discovery; at the current stage, the case team, before the next decision.",discovery,1,1,0,,1,,"A detailed adjustment was requested concerning the implications of discovery. At the current stage, the case team before the next decision.",,0.1428571428571428,,1.0,0,0,1,0.0,0.0,0.0,,,en,0,0,0.000258573181334007,0.05
nlu_0586_08,S0586,unseen,general,"Is it possible to check train status, considering following the previous discussion, the reviewing organization, during the present round of discussion?",possible,1,1,0,,1,,"Is it possible to check train status? Considering following the previous discussion, the reviewing organization during the present round of discussion.",,0.1904761904761904,,1.0,0,0,1,0.0,0.0,0.0,,,en,0,0,0.00043104396386455917,0.05
nlu_0058_01,S0058,unseen,medical,"The current findings was reviewed in relation to ventricular tachycardia and wide-complex rhythm, during the most recent assessment, the person handling the matter, before the matter is finalized.",ventricular tachycardia; wide-complex; rhythm,3,3,1,wide-complex,3,6.0,"The current findings was reviewed in relation to ventricular tachycardia and wide complex rhythm. During the most recent assessment, the person handling the matter before the matter is finalized.","The current findings was reviewed in relation to ventricular tachycardia and wide complex rhythm. During the most recent assessment, the person handling the matter before the matter is finalized.",0.1785714285714285,0.1785714285714285,0.25,2,0,0,1.0,1.0,0.0,,,en,1,1,0.9999997471284117,0.05
nlu_0333_04,S0333,unseen,legal,"A detailed validation was requested concerning the implications of indemnification clause; at the current stage, the decision-making group, after the latest information was reviewed.",indemnification clause,1,1,1,indemnification clause,1,3.0,"A detailed validation was requested concerning the implications of indemnification clause. At the current stage, the decision-making group, after the latest information was reviewed.","A detailed validation was requested concerning the implications of indemnification flaws. At the current stage, the decision-making group, after the latest information was reviewed.",0.0833333333333333,0.0833333333333333,0.5,0,0,1,0.0,0.0,0.0,,,en,1,1,0.9999999999999589,0.05
nlu_0301_02,S0301,unseen,finance,"The team is evaluating derivative hedge in the context of underlying exposure, with particular attention to the reported issue; at the next decision point, the current reviewer, while considering the current evidence. The record specifically references derivative hedge.",derivative hedge; underlying,2,2,0,,2,,"The team is evaluating derivative hedge in the context of underlying exposure, with particular attention to the reported issue. At the next decision point, the current reviewer, while considering the current evidence. The record specifically references derivative hedge.",,0.0526315789473684,,1.0,0,0,2,0.0,0.0,0.0,,,en,0,0,0.00014258747990277625,0.05
nlu_0058_03,S0058,unseen,medical,"The current available evidence requires further assessment, especially in relation to the relationship between ventricular tachycardia and wide-complex rhythm; during the most recent assessment, the person handling the matter, before the matter is finalized. The discussion also considers wide-complex rhythm.",ventricular tachycardia; wide-complex; rhythm,3,3,1,wide-complex,3,6.0,"The current available evidence requires further assessment, especially in relation to the relationship between ventricular tachycardia and wide complex rhythm. During the most recent assessment, the person handling the matter before the matter is finalized. The discussion also considers wide complex rhythm.","The current available evidence requires further assessment, especially in relation to the relationship between ventricular tachycardia and wide complex rhythm. During the most recent assessment, the person handling the matter before the matter is finalized. The discussion also considers wide complex rhythm.",0.175,0.175,0.25,2,0,0,1.0,1.0,0.0,,,en,1,1,0.9999998584351094,0.05
nlu_0349_03,S0349,unseen,legal,"The current available evidence requires further screening, especially in relation to the relationship between liquidated damages and contractual remedy; during the latest review, the person handling the matter, while comparing the available options. The discussion also considers contractual remedy.",liquidated damages; contractual; remedy,3,3,0,,3,,"The current available evidence requires further screening, especially in relation to the relationship between liquidated damages and contractual remedy. During the latest review, the person handling the matter while comparing the available options. The discussion also considers contractual remedy.",,0.0769230769230769,,1.0,0,0,3,0.0,0.0,0.0,,,en,0,0,0.00018133762646352852,0.05
nlu_0221_09,S0221,unseen,finance,"The professional handling the matter is reviewing the effect of collateral value on the overall situation and the associated observed changes; during the most recent assessment, the person handling the matter, while considering the current evidence.",collateral,1,1,0,,1,,"The professional handling the matter is reviewing the effect of collateral value on the overall situation and the associated observed changes. During the most recent assessment, the person handling the matter while considering the current evidence.",,0.0833333333333333,,1.0,0,0,1,0.0,0.0,0.0,,,en,0,0,2.260502662390712e-06,0.05
nlu_0518_01,S0518,unseen,general,"I need help with ask about a commute, following the previous discussion, the decision-making group, while comparing the available options.",commute,1,1,0,,1,,"I need help with Ask about a commute. Following the previous discussion, the decision-making group, while comparing the available options.",,0.15,,1.0,0,0,1,0.0,0.0,0.0,,,en,0,0,0.00042008682694630106,0.05
nlu_0225_07,S0225,unseen,finance,"The latest screening focused on the evidence related to mortgage; after the recent update, the assigned professional, while considering the current evidence. The discussion also considers collateral value.",collateral; mortgage,2,2,0,,2,,"The latest screening focused on the evidence related to mortgage after the recent update, the assigned professional while considering the current evidence. The discussion also considers collateral value.",,0.0714285714285714,,1.0,0,0,2,0.0,0.0,0.0,,,en,0,0,7.593833586077708e-06,0.05
nlu_0143_03,S0143,unseen,medical,"The current available evidence requires further risk, especially in relation to the relationship between insulin glargine and basal insulin; at the next decision point, the responsible specialist, during the present round of discussion. The discussion also considers basal insulin.",insulin glargine,1,0,0,,0,,"The current available evidence requires further risk, especially in relation to the relationship between insulin, Glargin, and basal insulin. At the next decision point, the responsible specialist during the present round of discussion. The discussion also considers basal insulin.",,0.1282051282051282,,,0,0,0,0.0,0.0,0.0,,,en,0,0,0.0002843565461818265,0.05
nlu_0147_05,S0147,unseen,medical,"The specialist discussed the documented issue involving antibiotic during the latest screening; in the current round of review, the technical or professional team, after the latest information was reviewed. The record specifically references amoxicillin.",amoxicillin; antibiotic,2,2,1,amoxicillin,2,3.0,"The specialist discussed the documented issue involving antibiotic during the latest screening. In the current round of review, the technical or professional team, after the latest information was reviewed. The record specifically references amoxicillin.","The specialist discussed the documented issue involving antibiotic during the latest screening. In the current round of review, the technical or professional team, after the latest information was reviewed. The record specifically references a Moxacillin.",0.0588235294117647,0.1176470588235294,0.5,1,0,1,1.0,0.5,0.0,,,en,1,1,0.9999997310446003,0.05
nlu_0333_07,S0333,unseen,legal,"The latest response focused on the evidence related to losses; at the current stage, the decision-making group, after the latest information was reviewed. The discussion also considers indemnity.",indemnity; losses,2,2,0,,2,,"The latest response focused on the evidence related to losses. At the current stage, the decision-making group, after the latest information was reviewed. The discussion also considers indemnity.",,0.0714285714285714,,1.0,0,0,2,0.0,0.0,0.0,,,en,0,0,6.954687031189948e-05,0.05
nlu_0406_06,S0406,unseen,legal,"The available evidence was considered before deciding how to address the current status of discovery; at the current stage, the case team, before the next decision.",discovery,1,1,0,,1,,"The available evidence was considered before deciding how to address the current status of discovery. At the current stage, the case team before the next decision.",,0.1153846153846153,,1.0,0,0,1,0.0,0.0,0.0,,,en,0,0,2.7514875379651685e-05,0.05
nlu_0577_05,S0577,unseen,general,"Can you tell me how to request contact information, given during the most recent assessment, the technical or professional team, after the latest information was reviewed?",contact,1,1,0,,1,,"Can you tell me how to request contact information given during the most recent assessment, the technical or professional team after the latest information was reviewed?",,0.0769230769230769,,1.0,0,0,1,0.0,0.0,0.0,,,en,0,0,0.0004350278255741328,0.05
nlu_0550_01,S0550,unseen,general,"I need help with send a document, following the previous discussion, the person handling the matter, before the matter is finalized.",finalized; document,2,2,0,,2,,"I need help with send a document following the previous discussion, the person handling the matter before the matter is finalized.",,0.0952380952380952,,1.0,0,0,2,0.0,0.0,0.0,,,en,0,0,0.00044276017512740335,0.05
nlu_0577_04,S0577,unseen,general,"I wanted to ask about request contact information, particularly during the most recent assessment, the technical or professional team, after the latest information was reviewed.",particularly; contact; wanted,3,3,0,,3,,"I wanted to ask about request contact information, particularly during the most recent assessment, the technical or professional team after the latest information was reviewed.",,0.04,,1.0,0,0,3,0.0,0.0,0.0,,,en,0,0,0.0004269411959567642,0.05
nlu_0282_01,S0282,unseen,finance,"The current findings was reviewed in relation to price-to-earnings ratio and P/E, at the next decision point, the reviewing group, during the present round of discussion.",price-to-earnings ratio,1,0,0,,0,,"The current findings was reviewed in relation to Price Dornings Ratio and PE. At the next decision point, the reviewing group during the present round of discussion.",,0.2307692307692307,,,0,0,0,0.0,0.0,0.0,,,en,0,0,6.36012575272076e-05,0.05
nlu_0074_10,S0074,unseen,medical,"Further case is needed before a final decision is made about the decision surrounding focal neurological deficit; in the current round of review, the reviewing group, before the next decision. The record specifically references ischemic stroke.",ischemic stroke; neurological; deficit,3,3,1,ischemic stroke,3,3.0,"Further case is needed before a final decision is made about the decision surrounding focal neurological deficit. In the current round of review, the reviewing group before the next decision. The record specifically references ischemic stroke.","Further case is needed before a final decision is made about the decision surrounding focal neurological deficit. In the current round of review, the reviewing group before the next decision. The record specifically references its kenic stroke.",0.0833333333333333,0.1388888888888889,0.25,2,0,1,1.0,0.6666666666666666,0.0,,,en,1,1,0.9999999999999996,0.05
nlu_0115_01,S0115,unseen,medical,"The current findings was reviewed in relation to multiple sclerosis and demyelinating lesion, after the recent update, the assigned professional, after the latest information was reviewed.",multiple sclerosis; demyelinating; lesion,3,3,1,lesion,3,0.0,"The current findings was reviewed in relation to multiple sclerosis and demyelinating lesion. After the recent update, the assigned professional, after the latest information was reviewed.","The current findings was reviewed in relation to multiple sclerosis and demyelinating agents. After the recent update, the assigned professional, after the latest information was reviewed.",0.0769230769230769,0.0769230769230769,0.25,2,0,1,1.0,0.6666666666666666,0.0,,,en,1,1,0.999999166045771,0.05
nlu_0100_08,S0100,unseen,medical,"The case involves the reported concern involving seizure disorder, and the relevant relevant records is being assessed; at the next decision point, the reviewing group, before the next decision. The record specifically references seizure disorder.",seizure disorder,1,1,0,,1,,"The case involves the reported concern involving seizure disorder, and the relevant relevant records is being assessed. At the next decision point, the reviewing group before the next decision. The record specifically references seizure disorder.",,0.0857142857142857,,1.0,0,0,1,0.0,0.0,0.0,,,en,0,0,7.382315172689567e-05,0.05
nlu_0593_08,S0593,unseen,general,"Is it possible to ask about a parcel, considering in the current round of review, the assigned professional, before the next decision?",possible; parcel,2,2,1,parcel,2,0.0,Is it possible to ask about a parcel considering in the current round of review the assigned professional before the next decision?,Is it possible to ask about a person considering in the current round of review the assigned professional before the next decision?,0.1363636363636363,0.1363636363636363,0.5,1,0,1,1.0,0.5,0.0,,,en,1,1,0.9999998542561005,0.05
nlu_0226_09,S0226,unseen,finance,"The professional handling the matter is reviewing the effect of collateral value on the overall situation and the associated observed changes; following the previous discussion, the case team, before the matter is finalized.",collateral,1,1,0,,1,,"The professional handling the matter is reviewing the effect of collateral value on the overall situation and the associated observed changes. Following the previous discussion, the case team, before the matter is finalized.",,0.0606060606060606,,1.0,0,0,1,0.0,0.0,0.0,,,en,0,0,1.2593208267854358e-06,0.05
nlu_0297_03,S0297,unseen,finance,"The current available evidence requires further response, especially in relation to the relationship between bond duration and interest-rate sensitivity; at the current stage, the assigned professional, while comparing the available options. The discussion also considers interest-rate sensitivity.",bond duration; interest-rate; sensitivity,3,3,1,interest-rate,3,6.0,"The current available evidence requires further response, especially in relation to the relationship between bond duration and interest rate sensitivity. At the current stage, the assigned professional, while comparing the available options. The discussion also considers interest rate sensitivity.","The current available evidence requires further response, especially in relation to the relationship between bond duration and interest rate sensitivity. At the current stage, the assigned professional, while comparing the available options. The discussion also considers interest rate sensitivity.",0.1621621621621621,0.1621621621621621,0.25,2,0,0,1.0,1.0,0.0,,,en,1,1,0.9999999995102171,0.05
nlu_0593_04,S0593,unseen,general,"I wanted to ask about ask about a parcel, particularly in the current round of review, the assigned professional, before the next decision.",particularly; wanted; parcel,3,3,1,parcel,3,0.0,"I wanted to ask about Ask about a parcel, particularly in the current round of review, the assigned professional before the next decision.","I wanted to ask about Ask About a Partial, particularly in the current round of review, the assigned professional before the next decision.",0.0869565217391304,0.1739130434782608,0.3333333333333333,2,0,1,1.0,0.6666666666666666,0.0,,,en,1,1,0.9999998719699956,0.05
nlu_0282_04,S0282,unseen,finance,"A detailed risk was requested concerning the implications of price-to-earnings ratio; at the next decision point, the reviewing group, during the present round of discussion.",price-to-earnings ratio,1,0,0,,0,,"A detailed risk was requested concerning the implications of price-to-earnings ratio. At the next decision point, the reviewing group during the present round of discussion",,0.16,,,0,0,0,0.0,0.0,0.0,,,en,0,0,6.0234467695790265e-05,0.05
nlu_0566_07,S0566,unseen,general,"I would like to check train status; the situation is after the latest information became available, the case team, before the matter is finalized.",finalized; before,2,2,0,,2,,"I would like to check train status. The situation is after the latest information became available, the case team, before the matter is finalized.",,0.0833333333333333,,1.0,0,0,2,0.0,0.0,0.0,,,en,0,0,0.0004214129064579699,0.05
nlu_0353_05,S0353,unseen,legal,"The specialist discussed the documented issue involving contractual remedy during the latest authorization; as part of the current review, the reviewing organization, before the next decision. The record specifically references liquidated damages.",liquidated damages; contractual; remedy,3,3,0,,3,,"The specialist discussed the documented issue involving contractual remedy during the latest authorization. As part of the current review, the reviewing organization before the next decision. The record specifically references liquidated damages.",,0.09375,,1.0,0,0,3,0.0,0.0,0.0,,,en,0,0,0.00014857238259530396,0.05
nlu_0095_01,S0095,unseen,medical,"The current findings was reviewed in relation to epilepsy and seizure disorder, during the ongoing evaluation, the reviewing organization, before the matter is finalized.",epilepsy; disorder; seizure,3,3,0,,3,,"The current findings was reviewed in relation to epilepsy and seizure disorder. During the ongoing evaluation, the reviewing organization, before the matter is finalized.",,0.0833333333333333,,1.0,0,0,3,0.0,0.0,0.0,,,en,0,0,0.0005662038667201502,0.05
nlu_0225_10,S0225,unseen,finance,"Further incident is needed before a final decision is made about the decision surrounding mortgage; after the recent update, the assigned professional, while considering the current evidence. The record specifically references loan-to-value ratio.",loan-to-value ratio; mortgage,2,1,0,,1,,"Further incident is needed before a final decision is made about the decision surrounding mortgage. After the recent update, the assigned professional, while considering the current evidence. The record specifically references loan-to-value ratio.",,0.0606060606060606,,1.0,0,0,1,0.0,0.0,0.0,,,en,0,0,9.43432827345453e-05,0.05
nlu_0380_05,S0380,unseen,legal,"The specialist discussed the documented issue involving claim during the latest report; as part of the current review, the relevant team, while comparing the available options. The record specifically references plaintiff.",plaintiff,1,1,0,,1,,"The specialist discussed the documented issue involving claim during the latest report, as part of the current review, the relevant team, while comparing the available options. The record specifically references plaintiff.",,0.032258064516129,,1.0,0,0,1,0.0,0.0,0.0,,,en,0,0,1.602281149813483e-05,0.05
nlu_0218_10,S0218,unseen,finance,"Further record is needed before a final decision is made about the decision surrounding debt-to-income; as part of the current review, the decision-making group, before the matter is finalized. The record specifically references mortgage underwriting.",mortgage underwriting; debt-to-income,2,2,1,debt-to-income,2,6.0,"Further record is needed before a final decision is made about the decision surrounding debt to income. As part of the current review, the decision-making group, before the matter is finalized. The record specifically references mortgage underwriting.","Further record is needed before a final decision is made about the decision surrounding debt to income. As part of the current review, the decision-making group, before the matter is finalized. The record specifically references mortgage underwriting.",0.1142857142857142,0.1142857142857142,0.3333333333333333,1,0,0,1.0,1.0,0.0,,,en,1,1,0.999999999998723,0.05
nlu_0104_08,S0104,unseen,medical,"The case involves the reported concern involving seizure disorder, and the relevant relevant records is being assessed; after the latest information became available, the person handling the matter, while comparing the available options. The record specifically references seizure disorder.",seizure disorder,1,1,0,,1,,"The case involves the reported concern involving seizure disorder, and the relevant, relevant records is being assessed. After the latest information became available, the person handling the matter while comparing the available options. The record specifically references seizure disorder.",,0.1025641025641025,,1.0,0,0,1,0.0,0.0,0.0,,,en,0,0,7.825783973411443e-05,0.05
nlu_0226_07,S0226,unseen,finance,"The latest model focused on the evidence related to mortgage; following the previous discussion, the case team, before the matter is finalized. The discussion also considers collateral value.",collateral; mortgage,2,2,0,,2,,"The latest model focused on the evidence related to mortgage, following the previous discussion, the case team, before the matter is finalized. The discussion also considers collateral value.",,0.0357142857142857,,1.0,0,0,2,0.0,0.0,0.0,,,en,0,0,6.559972591648164e-06,0.05
nlu_0593_10,S0593,unseen,general,"I need some information because I want to ask about a parcel; in the current round of review, the assigned professional, before the next decision.",because; parcel,2,2,0,,2,,"I need some information because I want to ask about a parcel. In the current round of review, the assigned professional before the next decision.",,0.12,,1.0,0,0,2,0.0,0.0,0.0,,,en,0,0,0.0004353565330890612,0.05
nlu_0229_02,S0229,unseen,finance,"The team is evaluating non-performing asset in the context of default, with particular attention to the reported issue; after the latest information became available, the relevant team, during the present round of discussion. The record specifically references non-performing asset.",non-performing asset; default,2,1,0,,1,,"The team is evaluating non-performing asset in the context of default, with particular attention to the reported issue. After the latest information became available, the relevant team, during the present round of discussion. The record specifically references non-performing asset.",,0.0512820512820512,,1.0,0,0,1,0.0,0.0,0.0,,,en,0,0,4.882909980799017e-05,0.05
nlu_0104_07,S0104,unseen,medical,"The latest strategy focused on the evidence related to EEG; after the latest information became available, the person handling the matter, while comparing the available options. The discussion also considers seizure activity.",activity; seizure,2,2,0,,2,,"The latest strategy focused on the evidence related to EEG. After the latest information became available, the person handling the matter while comparing the available options. The discussion also considers seizure activity.",,0.09375,,1.0,0,0,2,0.0,0.0,0.0,,,en,0,0,6.367553809139926e-06,0.05
nlu_0176_05,S0176,unseen,medical,"The specialist discussed the documented issue involving statin during the latest assessment; after the recent update, the case team, before the matter is finalized. The record specifically references atorvastatin.",atorvastatin; statin,2,2,1,atorvastatin,2,6.0,"The specialist discussed the documented issue involving statin during the latest assessment. After the recent update, the case team, before the matter, is finalized. The record specifically references Ador Vastatin.","The specialist discussed the documented issue involving statin during the latest assessment. After the recent update, the case team, before the matter, is finalized. The record specifically references Ador Vastitin.",0.1724137931034483,0.1724137931034483,0.5,1,0,0,1.0,1.0,0.0,,,en,1,1,0.9999999999999998,0.05
nlu_0390_02,S0390,unseen,legal,"The team is evaluating defendant in the context of claim, with particular attention to the reported issue; during the ongoing evaluation, the reviewing group, before the matter is finalized. The record specifically references defendant.",defendant,1,1,0,,1,,"The team is evaluating defendant in the context of claim, with particular attention to the reported issue. During the ongoing evaluation, the reviewing group, before the matter, is finalized. The record specifically references defendant.",,0.088235294117647,,1.0,0,0,1,0.0,0.0,0.0,,,en,0,0,1.2471468571309016e-07,0.05
nlu_0045_09,S0045,unseen,medical,"The professional handling the matter is reviewing the effect of left ventricular function on the overall situation and the associated observed changes; during the most recent assessment, the responsible specialist, before the matter is finalized.",ventricular; function,2,2,0,,2,,"The professional handling the matter is reviewing the effect of left ventricular function on the overall situation and the associated observed changes. During the most recent assessment, the responsible specialist, before the matter is finalized.",,0.0571428571428571,,1.0,0,0,2,0.0,0.0,0.0,,,en,0,0,0.001652748508755513,0.05
nlu_0597_01,S0597,unseen,general,"I need help with request contact information, during the most recent assessment, the responsible specialist, during the present round of discussion.",contact,1,1,0,,1,,"I need help with request contact information during the most recent assessment, the responsible specialist during the present round of discussion.",,0.0952380952380952,,1.0,0,0,1,0.0,0.0,0.0,,,en,0,0,0.0004303707861481478,0.05
nlu_0364_03,S0364,unseen,legal,"The current available evidence requires further exposure, especially in relation to the relationship between representations and warranties and contractual representation; after the recent update, the relevant team, while comparing the available options. The discussion also considers contractual representation.",representations warranties; contractual,2,1,0,,1,,"The current available evidence requires further exposure, especially in relation to the relationship between representations and warranties and contractual representation. After the recent update, the relevant team, while comparing the available options. The discussion also considers contractual representation.",,0.0526315789473684,,1.0,0,0,1,0.0,0.0,0.0,,,en,0,0,1.7111433731549536e-05,0.05
nlu_0275_04,S0275,unseen,finance,"A detailed transfer was requested concerning the implications of equity valuation; after the latest information became available, the case team, while comparing the available options.",equity valuation,1,1,0,,1,,"A detailed transfer was requested concerning the implications of equity valuation. After the latest information became available, the case team, while comparing the available options.",,0.08,,1.0,0,0,1,0.0,0.0,0.0,,,en,0,0,0.00010220566442340871,0.05
nlu_0047_01,S0047,unseen,medical,"The current findings was reviewed in relation to echocardiography and left ventricular function, after the recent update, the reviewing group, before the next decision.",echocardiography; ventricular; function,3,3,0,,3,,"The current findings was reviewed in relation to echocardiography and left ventricular function. After the recent update, the reviewing group before the next decision.",,0.125,,1.0,0,0,3,0.0,0.0,0.0,,,en,0,0,0.001341633879812642,0.05
nlu_0374_10,S0374,unseen,legal,"Further case is needed before a final decision is made about the decision surrounding notice period; during the latest review, the decision-making group, before the next decision. The record specifically references termination provision.",termination provision; period; notice,3,3,0,,3,,"Further case is needed before a final decision is made about the decision surrounding notice period. During the latest review, the decision-making group, before the next decision. The record specifically references termination provision.",,0.0606060606060606,,1.0,0,0,3,0.0,0.0,0.0,,,en,0,0,0.0004731596313397781,0.05
nlu_0047_03,S0047,unseen,medical,"The current available evidence requires further adjustment, especially in relation to the relationship between echocardiography and left ventricular function; after the recent update, the reviewing group, before the next decision. The discussion also considers left ventricular function.",echocardiography; ventricular; function,3,3,0,,3,,"The current available evidence requires further adjustment, especially in relation to the relationship between echocardiography and left ventricular function. After the recent update, the reviewing group before the next decision. The discussion also considers left ventricular function. The discussion also considers right ventricular function. The discussion also considers right ventricular function.",,0.4594594594594595,,1.0,0,0,3,0.0,0.0,0.0,,,en,0,0,0.001042419358432232,0.05
nlu_0430_02,S0430,unseen,legal,"The team is evaluating civil procedure in the context of court filing, with particular attention to the reported issue; after the recent update, the technical or professional team, while considering the current evidence. The record specifically references civil procedure.",civil procedure; filing,2,2,0,,2,,"The team is evaluating civil procedure in the context of court filing, with particular attention to the reported issue. After the recent update, the technical or professional team, while considering the current evidence. The record specifically references civil procedure.",,0.0512820512820512,,1.0,0,0,2,0.0,0.0,0.0,,,en,0,0,5.5089577291037e-05,0.05
nlu_0226_01,S0226,unseen,finance,"The current findings was reviewed in relation to loan-to-value ratio and collateral value, following the previous discussion, the case team, before the matter is finalized.",loan-to-value ratio; collateral,2,1,0,,1,,"The current findings was reviewed in relation to loan-to-value ratio and collateral value. Following the previous discussion, the case team, before the matter, is finalized.",,0.12,,1.0,0,0,1,0.0,0.0,0.0,,,en,0,0,0.00016210317532030027,0.05
nlu_0229_04,S0229,unseen,finance,"A detailed model was requested concerning the implications of non-performing asset; after the latest information became available, the relevant team, during the present round of discussion.",non-performing asset,1,0,0,,0,,"A detailed model was requested concerning the implications of non-performing asset. After the latest information became available, the relevant team during the present round of discussion",,0.1538461538461538,,,0,0,0,0.0,0.0,0.0,,,en,0,0,4.14629316624921e-05,0.05
nlu_0229_06,S0229,unseen,finance,"The available evidence was considered before deciding how to address the current status of non-performing asset; after the latest information became available, the relevant team, during the present round of discussion.",non-performing asset,1,0,0,,0,,"The available evidence was considered before deciding how to address the current status of non-performing asset. After the latest information became available, the relevant team during the present round of discussion.",,0.0967741935483871,,,0,0,0,0.0,0.0,0.0,,,en,0,0,0.00015684974681652963,0.05
nlu_0566_06,S0566,unseen,general,"I am trying to check train status, and this is after the latest information became available, the case team, before the matter is finalized.",trying,1,1,0,,1,,"I am trying to check train status, and this is after the latest information became available, the case team, before the matter is finalized.",,0.0,,1.0,0,0,1,0.0,0.0,0.0,,,en,0,0,0.00042940816056816894,0.05
nlu_0433_01,S0433,unseen,legal,"The current findings was reviewed in relation to jurisdiction and court authority, at the next decision point, the current reviewer, after the latest information was reviewed.",jurisdiction; authority,2,2,0,,2,,"The current findings was reviewed in relation to jurisdiction and court authority. At the next decision point, the current reviewer, after the latest information, was reviewed.",,0.1153846153846153,,1.0,0,0,2,0.0,0.0,0.0,,,en,0,0,5.4538659088416824e-05,0.05
nlu_0566_01,S0566,unseen,general,"I need help with check train status, after the latest information became available, the case team, before the matter is finalized.",finalized; before,2,2,0,,2,,"I need help with check-trained status. After the latest information became available, the case team, before the matter is finalized.",,0.1904761904761904,,1.0,0,0,2,0.0,0.0,0.0,,,en,0,0,0.0004496910363596784,0.05
nlu_0471_02,S0471,unseen,technology,"The team is evaluating PostgreSQL in the context of SQL query, with particular attention to the reported issue; during the latest review, the reviewing organization, during the present round of discussion. The record specifically references PostgreSQL.",postgresql,1,1,1,postgresql,1,6.0,"The team is evaluating Postgres SQL in the context of SQL query, with particular attention to the reported issue. During the latest review, the reviewing organization during the present round of discussion. The record specifically references Postgres SQL.","The team is evaluating Postgres SQL in the context of SQL query, with particular attention to the reported issue. During the latest review, the reviewing organization during the present round of discussion. The record specifically references Postgres SQL.",0.1944444444444444,0.1944444444444444,1.0,0,0,0,0.0,0.0,0.0,,,en,1,1,0.9999999995111726,0.05
nlu_0218_02,S0218,unseen,finance,"The team is evaluating mortgage underwriting in the context of debt-to-income, with particular attention to the reported issue; as part of the current review, the decision-making group, before the matter is finalized. The record specifically references mortgage underwriting.",mortgage underwriting; debt-to-income,2,2,1,debt-to-income,2,6.0,"The team is evaluating mortgage underwriting in the context of debt to income, with particular attention to the reported issue. As part of the current review, the decision-making group, before the matter, is finalized. The record specifically references mortgage underwriting.","The team is evaluating mortgage underwriting in the context of debt to income, with particular attention to the reported issue. As part of the current review, the decision-making group, before the matter, is finalized. The record specifically references mortgage underwriting.",0.1578947368421052,0.1578947368421052,0.3333333333333333,1,0,0,1.0,1.0,0.0,,,en,1,1,0.9999999990554087,0.05
nlu_0224_01,S0224,unseen,finance,"The current findings was reviewed in relation to loan-to-value ratio and collateral value, at the current stage, the reviewing group, during the present round of discussion.",loan-to-value ratio; collateral,2,1,0,,1,,"The current findings was reviewed in relation to loan-to-value ratio and collateral value. At the current stage, the reviewing group during the present round of discussion.",,0.1153846153846153,,1.0,0,0,1,0.0,0.0,0.0,,,en,0,0,0.0004681343289472923,0.05
nlu_0221_08,S0221,unseen,finance,"The case involves the reported concern involving loan-to-value ratio, and the relevant relevant records is being assessed; during the most recent assessment, the person handling the matter, while considering the current evidence. The record specifically references loan-to-value ratio.",loan-to-value ratio,1,0,0,,0,,"The case involves the reported concern involving loan-to-value ratio and the relevant relevant records is being assessed. During the most recent assessment, the person handling the matter while considering the current evidence. The record specifically references loan-to-value ratio.",,0.1052631578947368,,,0,0,0,0.0,0.0,0.0,,,en,0,0,4.625361396918447e-05,0.05
nlu_0374_02,S0374,unseen,legal,"The team is evaluating termination provision in the context of notice period, with particular attention to the reported issue; during the latest review, the decision-making group, before the next decision. The record specifically references termination provision.",termination provision; period; notice,3,3,0,,3,,"The team is evaluating termination provision in the context of notice period, with particular attention to the reported issue during the latest review, the decision-making group, before the next decision. The record specifically references termination provision.",,0.0277777777777777,,1.0,0,0,3,0.0,0.0,0.0,,,en,0,0,0.00028329446325313856,0.05
nlu_0430_06,S0430,unseen,legal,"The available evidence was considered before deciding how to address the current status of civil procedure; after the recent update, the technical or professional team, while considering the current evidence.",civil procedure,1,1,0,,1,,"The available evidence was considered before deciding how to address the current status of civil procedure. After the recent update, the technical or professional team, while considering the current evidence",,0.1,,1.0,0,0,1,0.0,0.0,0.0,,,en,0,0,2.2372190891625585e-07,0.05
nlu_0204_08,S0204,unseen,finance,"The case involves the reported concern involving AML, and the relevant relevant records is being assessed; during the ongoing evaluation, the reviewing organization, before the next decision. The record specifically references AML.",organization; evaluation,2,2,0,,2,,"The case involves the reported concern involving AML, and the relevant relevant records is being assessed. During the ongoing evaluation, the reviewing organization, before the next decision. The record specifically references AML.",,0.0625,,1.0,0,0,2,0.0,0.0,0.0,,,en,0,0,0.0007508355691955194,0.05
nlu_0168_05,S0168,unseen,medical,"The specialist discussed the documented issue involving anticoagulation during the latest model; at the next decision point, the responsible specialist, after the latest information was reviewed. The record specifically references heparin.",anticoagulation; heparin,2,2,1,anticoagulation,2,6.0,"The specialist discussed the documented issue involving anticoagulation during the latest model. At the next decision point, the responsible specialist, after the latest information was reviewed. The record specifically references Heparin.","The specialist discussed the documented issue involving anti-plagulation during the latest model. At the next decision point, the responsible specialist, after the latest information was reviewed. The record specifically references Heparin.",0.0967741935483871,0.1290322580645161,0.5,1,0,1,1.0,0.5,0.0,,,en,1,1,0.9999999906201346,0.05
nlu_0104_02,S0104,unseen,medical,"The team is evaluating seizure disorder in the context of EEG, with particular attention to the reported issue; after the latest information became available, the person handling the matter, while comparing the available options. The record specifically references seizure disorder.",seizure disorder,1,1,0,,1,,"The team is evaluating seizure disorder in the context of EEG, with particular attention to the reported issue. After the latest information became available, the person handling the matter, while comparing the available options. The record specifically references seizure disorder.",,0.05,,1.0,0,0,1,0.0,0.0,0.0,,,en,0,0,0.0001739726370082256,0.05
nlu_0433_10,S0433,unseen,legal,"Further analysis is needed before a final decision is made about the decision surrounding venue; at the next decision point, the current reviewer, after the latest information was reviewed. The record specifically references jurisdiction.",jurisdiction,1,1,0,,1,,"Further analysis is needed before a final decision is made about the decision surrounding venue. At the next decision point, the current reviewer, after the latest information was reviewed. The record specifically references jurisdiction.",,0.0588235294117647,,1.0,0,0,1,0.0,0.0,0.0,,,en,0,0,4.278280084697297e-05,0.05
nlu_0301_04,S0301,unseen,finance,"A detailed report was requested concerning the implications of derivative hedge; at the next decision point, the current reviewer, while considering the current evidence.",derivative hedge,1,1,1,derivative hedge,1,0.0,"A detailed report was requested concerning the implications of derivative hedge. At the next decision point, the current reviewer, while considering the current evidence.","A detailed report was requested concerning the implications of derivative head. At the next decision point, the current reviewer, while considering the current evidence",0.0833333333333333,0.125,0.5,0,0,1,0.0,0.0,0.0,,,en,1,1,0.9999999954302137,0.05
nlu_0225_08,S0225,unseen,finance,"The case involves the reported concern involving loan-to-value ratio, and the relevant relevant records is being assessed; after the recent update, the assigned professional, while considering the current evidence. The record specifically references loan-to-value ratio.",loan-to-value ratio,1,0,0,,0,,"The case involves the reported concern involving loan-to-value ratio and the relevant relevant records is being assessed. After the recent update, the assigned professional, while considering the current evidence. The record specifically references loan-to-value ratio.",,0.0857142857142857,,,0,0,0,0.0,0.0,0.0,,,en,0,0,4.3740677114185317e-05,0.05
nlu_0406_07,S0406,unseen,legal,"The latest model focused on the evidence related to interrogatories; at the current stage, the case team, before the next decision. The discussion also considers document production.",interrogatories; production,2,2,0,,2,,"The latest model focused on the evidence related to interrogatories at the current stage, the case team, before the next decision. The discussion also considers document production.",,0.037037037037037,,1.0,0,0,2,0.0,0.0,0.0,,,en,0,0,5.8221936476040374e-05,0.05
nlu_0470_07,S0470,unseen,technology,"The latest validation focused on the evidence related to request; as part of the current review, the person handling the matter, while comparing the available options. The discussion also considers HTTP endpoint.",endpoint,1,1,0,,1,,"The latest validation focused on the evidence related to request. As part of the current review, the person handling the matter while comparing the available options. The discussion also considers HTTP endpoint.",,0.09375,,1.0,0,0,1,0.0,0.0,0.0,,,en,0,0,2.7608704800938766e-05,0.05
nlu_0368_05,S0368,unseen,legal,"The specialist discussed the documented issue involving contractual representation during the latest model; during the latest review, the reviewing group, during the present round of discussion. The record specifically references representations and warranties.",representations warranties; contractual,2,1,0,,1,,"The specialist discussed the documented issue involving contractual representation during the latest model, during the latest review, the reviewing group, during the present round of discussion. The records specifically references representations and warranties.",,0.0606060606060606,,1.0,0,0,1,0.0,0.0,0.0,,,en,0,0,9.798956672999071e-05,0.05
nlu_0218_07,S0218,unseen,finance,"The latest report focused on the evidence related to debt-to-income; as part of the current review, the decision-making group, before the matter is finalized. The discussion also considers loan-to-value ratio.",debt-to-income; loan-to-value,2,2,1,debt-to-income,2,6.0,"The latest report focused on the evidence related to debt to income. As part of the current review, the decision-making group, before the matter is finalized. The discussion also considers loan-to-value ratio.","The latest report focused on the evidence related to debt to income. As part of the current review, the decision-making group, before the matter is finalized. The discussion also considers loan-to-value ratio.",0.1333333333333333,0.1333333333333333,0.5,1,0,0,1.0,1.0,0.0,,,en,1,1,0.9999999992237616,0.05
nlu_0590_01,S0590,unseen,general,"I need help with send a document, during the latest review, the current reviewer, after the latest information was reviewed.",document,1,1,0,,1,,"I need help with send a document during the latest review, the current reviewer after the latest information was reviewed.",,0.1,,1.0,0,0,1,0.0,0.0,0.0,,,en,0,0,0.0004342829955431581,0.05
nlu_0224_10,S0224,unseen,finance,"Further account is needed before a final decision is made about the decision surrounding mortgage; at the current stage, the reviewing group, during the present round of discussion. The record specifically references loan-to-value ratio.",loan-to-value ratio; mortgage,2,1,0,,1,,"Further account is needed before a final decision is made about the decision surrounding mortgage. At the current stage, the reviewing group during the present round of discussion. The record specifically references loan-to-value ratio.",,0.088235294117647,,1.0,0,0,1,0.0,0.0,0.0,,,en,0,0,4.455635313179168e-05,0.05
nlu_0575_02,S0575,unseen,general,"Could you help me with ask for opening hours? This is after the recent update, the technical or professional team, while comparing the available options.",opening,1,1,0,,1,,"Could you help me with Ask for Opening Hours? This is after the recent update, the technical or professional team, while comparing the available options.",,0.12,,1.0,0,0,1,0.0,0.0,0.0,,,en,0,0,0.0004534180982709368,0.05
nlu_0572_03,S0572,unseen,general,"Please help me plan a trip; this is in the current round of review, the decision-making group, before the next decision.",before,1,1,0,,1,,Please help me plan a trip. This is in the current round of review the decision-making group before the next decision.,,0.1904761904761904,,1.0,0,0,1,0.0,0.0,0.0,,,en,0,0,0.00042621703410164225,0.05
nlu_0047_05,S0047,unseen,medical,"The specialist discussed the documented issue involving left ventricular function during the latest screening; after the recent update, the reviewing group, before the next decision. The record specifically references echocardiography.",echocardiography; ventricular; function,3,3,0,,3,,"The specialist discussed the documented issue involving left ventricular function during the latest screening after the recent update, the reviewing group, before the next decision. The record specifically references echocardiography.",,0.0333333333333333,,1.0,0,0,3,0.0,0.0,0.0,,,en,0,0,0.0017245525384868832,0.05
nlu_0595_08,S0595,unseen,general,"Is it possible to ask for opening hours, considering after the recent update, the assigned professional, during the present round of discussion?",possible; opening,2,2,0,,2,,"Is it possible to ask for opening hours, considering after the recent update, the assigned professional during the present round of discussion?",,0.0454545454545454,,1.0,0,0,2,0.0,0.0,0.0,,,en,0,0,0.000422781232865766,0.05
nlu_0371_06,S0371,unseen,legal,"The available evidence was considered before deciding how to address the current status of termination provision; in the current round of review, the person handling the matter, before the next decision.",termination provision,1,1,0,,1,,"The available evidence was considered before deciding how to address the current status of termination provision. In the current round of review, the person handling the matter before the next decision.",,0.0967741935483871,,1.0,0,0,1,0.0,0.0,0.0,,,en,0,0,0.0002731358894378444,0.05
nlu_0371_04,S0371,unseen,legal,"A detailed incident was requested concerning the implications of termination provision; in the current round of review, the person handling the matter, before the next decision.",termination provision,1,1,0,,1,,"A detailed incident was requested concerning the implications of termination provision. In the current round of review, the person handling the matter before the next decision.",,0.1153846153846153,,1.0,0,0,1,0.0,0.0,0.0,,,en,0,0,0.00018890586478433673,0.05
nlu_0221_03,S0221,unseen,finance,"The current available evidence requires further case, especially in relation to the relationship between loan-to-value ratio and collateral value; during the most recent assessment, the person handling the matter, while considering the current evidence. The discussion also considers collateral value.",loan-to-value ratio; collateral,2,1,0,,1,,"The current available evidence requires further case, especially in relation to the relationship between loan-to-value ratio and collateral value. During the most recent assessment, the person handling the matter while considering the current evidence. The discussion also considers collateral value.",,0.075,,1.0,0,0,1,0.0,0.0,0.0,,,en,0,0,0.00013466840379679443,0.05
nlu_0082_10,S0082,unseen,medical,"Further screening is needed before a final decision is made about the decision surrounding diffusion restriction; during the latest review, the reviewing group, while considering the current evidence. The record specifically references cerebral infarction.",cerebral infarction; diffusion,2,2,1,cerebral infarction,2,0.0,"Further screening is needed before a final decision is made about the decision surrounding diffusion restriction during the latest review, the reviewing group, while considering the current evidence. The record specifically references cerebral infarction.","Further screening is needed before a final decision is made about the decision surrounding diffusion restriction during the latest review, the reviewing group, while considering the current evidence. The record specifically references to regal infarction.",0.0294117647058823,0.088235294117647,0.3333333333333333,1,0,1,1.0,0.5,0.0,,,en,1,1,1.0,0.05
nlu_0215_09,S0215,unseen,finance,"The professional handling the matter is reviewing the effect of loan-to-value ratio on the overall situation and the associated observed changes; during the latest review, the decision-making group, while considering the current evidence.",loan-to-value,1,1,0,,1,,"The professional handling the matter is reviewing the effect of loan-to-value ratio on the overall situation and the associated observed changes. During the latest review, the decision-making group, while considering the current evidence.",,0.0606060606060606,,1.0,0,0,1,0.0,0.0,0.0,,,en,0,0,1.7714876883613135e-05,0.05
nlu_0164_09,S0164,unseen,medical,"The professional handling the matter is reviewing the effect of anticoagulation on the overall situation and the associated observed changes; following the previous discussion, the decision-making group, before the matter is finalized.",anticoagulation,1,1,0,,1,,"The professional handling the matter is reviewing the effect of anticoagulation on the overall situation and the associated observed changes. Following the previous discussion, the decision-making group, before the matter is finalized.",,0.0625,,1.0,0,0,1,0.0,0.0,0.0,,,en,0,0,5.887250597117965e-07,0.05
nlu_0597_05,S0597,unseen,general,"Can you tell me how to request contact information, given during the most recent assessment, the responsible specialist, during the present round of discussion?",contact,1,1,0,,1,,"Can you tell me how to request contact information given during the most recent assessment, the responsible specialist during the present round of discussion?",,0.0833333333333333,,1.0,0,0,1,0.0,0.0,0.0,,,en,0,0,0.0004358632614493549,0.05
nlu_0389_03,S0389,unseen,legal,"The current available evidence requires further screening, especially in relation to the relationship between defendant and answer; at the next decision point, the person handling the matter, before the next decision. The discussion also considers answer.",defendant; answer,2,2,0,,2,,"The current available evidence requires further screening, especially in relation to the relationship between defendant and answer. At the next decision point, the person handling the matter before the next decision. The discussion also considers answer.",,0.0833333333333333,,1.0,0,0,2,0.0,0.0,0.0,,,en,0,0,6.095865604696445e-06,0.05
nlu_0389_10,S0389,unseen,legal,"Further transfer is needed before a final decision is made about the decision surrounding claim; at the next decision point, the person handling the matter, before the next decision. The record specifically references defendant.",defendant,1,1,0,,1,,"Further transfer is needed before a final decision is made about the decision surrounding claim. At the next decision point, the person handling the matter before the next decision. The record specifically references defendant.",,0.088235294117647,,1.0,0,0,1,0.0,0.0,0.0,,,en,0,0,1.6564980674184171e-06,0.05
nlu_0272_01,S0272,unseen,finance,"The current findings was reviewed in relation to equity valuation and discounted cash flow, during the most recent assessment, the decision-making group, during the present round of discussion.",equity valuation; discounted,2,2,0,,2,,"The current findings was reviewed in relation to equity valuation and discounted cash flow. During the most recent assessment, the decision-making group during the present round of discussion.",,0.1071428571428571,,1.0,0,0,2,0.0,0.0,0.0,,,en,0,0,2.6933758984579458e-05,0.05
nlu_0572_05,S0572,unseen,general,"Can you tell me how to plan a trip, given in the current round of review, the decision-making group, before the next decision?",before,1,1,0,,1,,Can you tell me how to plan a trip given in the current round of review the decision-making group before the next decision?,,0.1304347826086956,,1.0,0,0,1,0.0,0.0,0.0,,,en,0,0,0.0004264717100232415,0.05
nlu_0368_10,S0368,unseen,legal,"Further authorization is needed before a final decision is made about the decision surrounding warranty; during the latest review, the reviewing group, during the present round of discussion. The record specifically references representations and warranties.",representations warranties; warranty,2,1,0,,1,,"Further authorization is needed before a final decision is made about the decision surrounding warranty. During the latest review, the reviewing group, during the present round of discussion. The record specifically references representations and warranties.",,0.0571428571428571,,1.0,0,0,1,0.0,0.0,0.0,,,en,0,0,2.9305504610293558e-05,0.05
nlu_0411_05,S0411,unseen,legal,"The specialist discussed the documented issue involving complaint during the latest resolution; at the current stage, the relevant team, during the present round of discussion. The record specifically references motion to dismiss.",motion dismiss; complaint,2,1,0,,1,,"The specialist discussed the documented issue involving complaint during the latest resolution at the current stage, the relevant team during the present round of discussion. The record specifically references motion to dismiss.",,0.0625,,1.0,0,0,1,0.0,0.0,0.0,,,en,0,0,8.062795800281615e-05,0.05
nlu_0297_05,S0297,unseen,finance,"The specialist discussed the documented issue involving interest-rate sensitivity during the latest review; at the current stage, the assigned professional, while comparing the available options. The record specifically references bond duration.",bond duration; interest-rate; sensitivity,3,3,1,interest-rate,3,6.0,"The specialist discussed the documented issue involving interest rate sensitivity during the latest review. At the current stage, the assigned professional, while comparing the available options. The record specifically references bond duration.","The specialist discussed the documented issue involving interest rate sensitivity during the latest review. At the current stage, the assigned professional, while comparing the available options. The record specifically references bond duration.",0.1290322580645161,0.1290322580645161,0.25,2,0,0,1.0,1.0,0.0,,,en,1,1,0.9999999999387252,0.05
nlu_0411_09,S0411,unseen,legal,"The professional handling the matter is reviewing the effect of complaint on the overall situation and the associated observed changes; at the current stage, the relevant team, during the present round of discussion.",complaint,1,1,0,,1,,"The professional handling the matter is reviewing the effect of complaint on the overall situation and the associated observed changes. At the current stage, the relevant team during the present round of discussion.",,0.0909090909090909,,1.0,0,0,1,0.0,0.0,0.0,,,en,0,0,5.7529316783080945e-05,0.05
nlu_0168_07,S0168,unseen,medical,"The latest incident focused on the evidence related to activated partial thromboplastin time; at the next decision point, the responsible specialist, after the latest information was reviewed. The discussion also considers anticoagulation.",anticoagulation; thromboplastin; activated; partial,4,4,1,anticoagulation,4,0.0,"The latest incident focused on the evidence related to activated partial thromboplastin time. At the next decision point, the responsible specialist, after the latest information was reviewed. The discussion also considers anti-coagulation.","The latest incident focused on the evidence related to activated partial thromboplastin time. At the next decision point, the responsible specialist, after the latest information was reviewed. The discussion also considers anti-collagulation.",0.09375,0.09375,0.25,3,0,1,1.0,0.75,0.0,,,en,1,1,0.9999999966493578,0.05
nlu_0105_09,S0105,unseen,medical,"The professional handling the matter is reviewing the effect of visual aura on the overall situation and the associated observed changes; after the latest information became available, the reviewing group, during the present round of discussion.",visual,1,1,0,,1,,"The professional handling the matter is reviewing the effect of visual aura on the overall situation and the associated observed changes. After the latest information became available, the reviewing group during the present round of discussion.",,0.0833333333333333,,1.0,0,0,1,0.0,0.0,0.0,,,en,0,0,0.0003351550958406036,0.05
nlu_0197_01,S0197,unseen,finance,"The current findings was reviewed in relation to AML and anti-money laundering, at the next decision point, the reviewing group, before the matter is finalized.",laundering; anti-money,2,2,0,,2,,"The current findings was reviewed in relation to AML and anti-money laundering. At the next decision point, the reviewing group, before the matter, is finalized.",,0.12,,1.0,0,0,2,0.0,0.0,0.0,,,en,0,0,0.00026282153977155807,0.05
nlu_0433_07,S0433,unseen,legal,"The latest response focused on the evidence related to venue; at the next decision point, the current reviewer, after the latest information was reviewed. The discussion also considers court authority.",authority,1,1,0,,1,,"The latest response focused on the evidence related to venue. At the next decision point, the current reviewer after the latest information was reviewed. The discussion also considers court authority.",,0.1,,1.0,0,0,1,0.0,0.0,0.0,,,en,0,0,0.00015937437513654945,0.05
nlu_0430_01,S0430,unseen,legal,"The current findings was reviewed in relation to civil procedure and procedural rule, after the recent update, the technical or professional team, while considering the current evidence.",civil procedure; procedural,2,2,0,,2,,"The current findings was reviewed in relation to civil procedure and procedural rule. After the recent update, the technical or professional team, while considering the current evidence.",,0.074074074074074,,1.0,0,0,2,0.0,0.0,0.0,,,en,0,0,5.2584064235649335e-05,0.05
nlu_0550_08,S0550,unseen,general,"Is it possible to send a document, considering following the previous discussion, the person handling the matter, before the matter is finalized?",possible,1,1,0,,1,,"Is it possible to send a document considering following the previous discussion, the person handling the matter before the matter is finalized?",,0.0909090909090909,,1.0,0,0,1,0.0,0.0,0.0,,,en,0,0,0.0004574020809297243,0.05
nlu_0143_09,S0143,unseen,medical,"The professional handling the matter is reviewing the effect of basal insulin on the overall situation and the associated observed changes; at the next decision point, the responsible specialist, during the present round of discussion.",insulin,1,1,0,,1,,"The professional handling the matter is reviewing the effect of basal insulin on the overall situation and the associated observed changes. At the next decision point, the responsible specialist during the present round of discussion.",,0.0857142857142857,,1.0,0,0,1,0.0,0.0,0.0,,,en,0,0,0.0005420139328836948,0.05
nlu_0095_08,S0095,unseen,medical,"The case involves the reported concern involving epilepsy, and the relevant relevant records is being assessed; during the ongoing evaluation, the reviewing organization, before the matter is finalized. The record specifically references epilepsy.",epilepsy,1,1,0,,1,,"The case involves the reported concern involving epilepsy, and the relevant, relevant records is being assessed. During the ongoing evaluation, the reviewing organization, before the matter is finalized. The record specifically references epilepsy.",,0.0909090909090909,,1.0,0,0,1,0.0,0.0,0.0,,,en,0,0,0.00045563005309919046,0.05
nlu_0323_10,S0323,unseen,legal,"Further model is needed before a final decision is made about the decision surrounding unforeseeable event; during the latest review, the decision-making group, after the latest information was reviewed. The record specifically references force majeure.",force majeure; unforeseeable,2,1,1,unforeseeable,1,0.0,"Further model is needed before a final decision is made about the decision surrounding unforeseeable event. During the latest review, the decision-making group, after the latest information was reviewed. The record specifically references Force Majora.","Further model is needed before a final decision is made about the decision surrounding unforceable event. During the latest review, the decision-making group, after the latest information was reviewed. The record specifically references Force Majora.",0.1142857142857142,0.1428571428571428,1.0,0,0,1,0.0,0.0,0.0,,,en,1,1,1.0,0.05
nlu_0591_06,S0591,unseen,general,"I am trying to confirm a meeting, and this is during the ongoing evaluation, the reviewing group, before the next decision.",trying,1,1,0,,1,,"I am trying to confirm a meeting, and this is during the ongoing evaluation, the reviewing group before the next decision.",,0.0476190476190476,,1.0,0,0,1,0.0,0.0,0.0,,,en,0,0,0.0004685422827262696,0.05
nlu_0474_10,S0474,unseen,technology,"Further case is needed before a final decision is made about the decision surrounding SQL query; during the latest review, the relevant team, before the matter is finalized. The record specifically references PostgreSQL.",postgresql,1,1,1,postgresql,1,6.0,"Further case is needed before a final decision is made about the decision surrounding SQL query. During the latest review, the relevant team, before the matter is finalized. The record specifically references PostGIR SQL.","Further case is needed before a final decision is made about the decision surrounding SQL query. During the latest review, the relevant team, before the matter is finalized. The record specifically references Post-GIR SQL.",0.1212121212121212,0.1212121212121212,1.0,0,0,0,0.0,0.0,0.0,,,en,1,1,1.0,0.05
nlu_0371_05,S0371,unseen,legal,"The specialist discussed the documented issue involving termination right during the latest resolution; in the current round of review, the person handling the matter, before the next decision. The record specifically references termination provision.",termination provision,1,1,1,termination provision,1,3.0,"The specialist discussed the documented issue involving termination right during the latest resolution. In the current round of review, the person handling the matter before the next decision. The record specifically references termination provision.","The specialist discussed the documented issue involving termination right during the latest resolution. In the current round of review, the person handling the matter before the next decision. The record specifically references termination position.",0.088235294117647,0.1176470588235294,0.5,0,0,1,0.0,0.0,0.0,,,en,1,1,0.999999999821765,0.05
nlu_0128_02,S0128,unseen,medical,"The team is evaluating neuropathy in the context of sensory deficit, with particular attention to the reported issue; during the most recent assessment, the case team, before the matter is finalized. The record specifically references neuropathy.",neuropathy; deficit; sensory,3,3,0,,3,,"The team is evaluating neuropathy in the context of sensory deficit, with particular attention to the reported issue. During the most recent assessment, the case team, before the matter, is finalized. The record specifically references neuropathy.",,0.0833333333333333,,1.0,0,0,3,0.0,0.0,0.0,,,en,0,0,0.0013594346122268305,0.05
nlu_0590_06,S0590,unseen,general,"I am trying to send a document, and this is during the latest review, the current reviewer, after the latest information was reviewed.",trying,1,1,0,,1,,"I am trying to send a document, and this is during the latest review, the current reviewer, after the latest information was reviewed.",,0.0,,1.0,0,0,1,0.0,0.0,0.0,,,en,0,0,0.00043306635844562476,0.05
nlu_0572_09,S0572,unseen,general,"Could you check this for me regarding plan a trip, in the current round of review, the decision-making group, before the next decision?",regarding,1,1,0,,1,,"Could you check this for me regarding plan a trip? In the current round of review, the decision-making group before the next decision.",,0.1739130434782608,,1.0,0,0,1,0.0,0.0,0.0,,,en,0,0,0.000417514777934111,0.05
nlu_0550_09,S0550,unseen,general,"Could you check this for me regarding send a document, following the previous discussion, the person handling the matter, before the matter is finalized?",regarding,1,1,0,,1,,Could you check this for me regarding send a document following the previous discussion? The person handling the matter before the matter is finalized.,,0.2083333333333333,,1.0,0,0,1,0.0,0.0,0.0,,,en,0,0,0.0004457298934774034,0.05
nlu_0143_04,S0143,unseen,medical,"A detailed exposure was requested concerning the implications of insulin glargine; at the next decision point, the responsible specialist, during the present round of discussion.",insulin glargine,1,0,0,,0,,"A detailed exposure was requested concerning the implications of insulin glargin. At the next decision point, the responsible specialist during the present round of discussion.",,0.12,,,0,0,0,0.0,0.0,0.0,,,en,0,0,0.0008196016929479391,0.05
nlu_0234_05,S0234,unseen,finance,"The specialist discussed the documented issue involving loan delinquency during the latest transfer; following the previous discussion, the relevant team, before the next decision. The record specifically references non-performing asset.",non-performing asset; delinquency,2,1,0,,1,,"The specialist discussed the documented issue involving loan delinquency during the latest transfer, following the previous discussion, the relevant team, before the next decision. The record specifically references non-performing asset.",,0.0333333333333333,,1.0,0,0,1,0.0,0.0,0.0,,,en,0,0,8.41328407057747e-05,0.05
nlu_0460_04,S0460,unseen,technology,"A detailed case was requested concerning the implications of OAuth 2.0; following the previous discussion, the technical or professional team, before the next decision.",oauth,1,1,0,,1,,"A detailed case was requested concerning the implications of OAuth 2. Following the previous discussion, the technical or professional team before the next decision.",,0.125,,1.0,0,0,1,0.0,0.0,0.0,,,en,0,0,3.1666080976042235e-05,0.05
nlu_0251_01,S0251,unseen,finance,"The current findings was reviewed in relation to interest-rate reset and benchmark rate, after the recent update, the reviewing group, before the matter is finalized.",interest-rate reset; benchmark,2,1,0,,1,,"The current findings was reviewed in relation to interest rate reset and benchmark rate. After the recent update, the reviewing group, before the matter, is finalized.",,0.2,,1.0,0,0,1,0.0,0.0,0.0,,,en,0,0,0.00015252183750491714,0.05
nlu_0147_06,S0147,unseen,medical,"The available evidence was considered before deciding how to address the current status of amoxicillin; in the current round of review, the technical or professional team, after the latest information was reviewed.",amoxicillin,1,1,1,amoxicillin,1,6.0,"The available evidence was considered before deciding how to address the current status of a Moxacillin. In the current round of review, the technical or professional team after the latest information was reviewed.","The available evidence was considered before deciding how to address the current status of a Moxacillin. In the current round of review, the technical or professional team after the latest information was reviewed.",0.125,0.125,1.0,0,0,0,0.0,0.0,0.0,,,en,1,1,0.9999999998529396,0.05
nlu_0388_05,S0388,unseen,legal,"The specialist discussed the documented issue involving answer during the latest model; during the most recent assessment, the case team, before the next decision. The record specifically references defendant.",defendant; answer,2,2,1,defendant,2,3.0,"The specialist discussed the documented issue involving answer during the latest model. During the most recent assessment, the case team before the next decision. The record specifically references defendant.","The specialist discussed the documented issue involving answer during the latest model. During the most recent assessment, the case team before the next decision. The record specifically references descendant.",0.1034482758620689,0.1379310344827586,0.5,1,0,1,1.0,0.5,0.0,,,en,1,1,0.9955981738114683,0.05
nlu_0282_08,S0282,unseen,finance,"The case involves the reported concern involving price-to-earnings ratio, and the relevant relevant records is being assessed; at the next decision point, the reviewing group, during the present round of discussion. The record specifically references price-to-earnings ratio.",price-to-earnings ratio,1,0,0,,0,,"The case involves the reported concern involving price-tornings ratio, and the relevant relevant records is being assessed. At the next decision point, the reviewing group during the present round of discussion. The record specifically references price-tornings ratio.",,0.1351351351351351,,,0,0,0,0.0,0.0,0.0,,,en,0,0,1.7921457264938063e-06,0.05
nlu_0559_03,S0559,unseen,general,"Please help me set a personal reminder; this is in the current round of review, the responsible specialist, while considering the current evidence.",reminder; personal,2,2,0,,2,,"Please help me set a personal reminder. This is in the current round of review, the responsible specialist, while considering the current evidence.",,0.0869565217391304,,1.0,0,0,2,0.0,0.0,0.0,,,en,0,0,0.0004295527491261738,0.05
nlu_0389_04,S0389,unseen,legal,"A detailed model was requested concerning the implications of defendant; at the next decision point, the person handling the matter, before the next decision.",defendant,1,1,0,,1,,"A detailed model was requested concerning the implications of defendant. At the next decision point, the person handling the matter before the next decision.",,0.125,,1.0,0,0,1,0.0,0.0,0.0,,,en,0,0,3.3244700381719002e-09,0.05
nlu_0518_10,S0518,unseen,general,"I need some information because I want to ask about a commute; following the previous discussion, the decision-making group, while comparing the available options.",because; commute,2,2,0,,2,,"I need some information because I want to ask about a commute. Following the previous discussion, the decision-making group, while comparing the available options.",,0.0833333333333333,,1.0,0,0,2,0.0,0.0,0.0,,,en,0,0,0.0004298115497989453,0.05
nlu_0594_05,S0594,unseen,general,"Can you tell me how to change a calendar event, given at the current stage, the technical or professional team, after the latest information was reviewed?",calendar; change,2,2,0,,2,,"Can you tell me how to change a calendar event given at the current stage, the technical or professional team, after the latest information was reviewed?",,0.0384615384615384,,1.0,0,0,2,0.0,0.0,0.0,,,en,0,0,0.0004238818179495833,0.05
nlu_0411_01,S0411,unseen,legal,"The current findings was reviewed in relation to motion to dismiss and complaint, at the current stage, the relevant team, during the present round of discussion.",motion dismiss; complaint,2,1,0,,1,,"The current findings was reviewed in relation to motion to dismiss and complaint. At the current stage, the relevant team during the present round of discussion.",,0.1153846153846153,,1.0,0,0,1,0.0,0.0,0.0,,,en,0,0,0.00014251339412311618,0.05
nlu_0430_05,S0430,unseen,legal,"The specialist discussed the documented issue involving procedural rule during the latest incident; after the recent update, the technical or professional team, while considering the current evidence. The record specifically references civil procedure.",civil procedure; procedural,2,2,0,,2,,"The specialist discussed the documented issue involving procedural rule during the latest incident, after the recent update, the technical or professional team, while considering the current evidence. The record specifically references civil procedure.",,0.0303030303030303,,1.0,0,0,2,0.0,0.0,0.0,,,en,0,0,9.534965086816221e-05,0.05
nlu_0586_06,S0586,unseen,general,"I am trying to check train status, and this is following the previous discussion, the reviewing organization, during the present round of discussion.",trying,1,1,0,,1,,"I am trying to check train status, and this is following the previous discussion, the reviewing organization, during the present round of discussion.",,0.0,,1.0,0,0,1,0.0,0.0,0.0,,,en,0,0,0.0004388593977052959,0.05
nlu_0590_08,S0590,unseen,general,"Is it possible to send a document, considering during the latest review, the current reviewer, after the latest information was reviewed?",possible,1,1,0,,1,,Is it possible to send a document considering during the latest review the current reviewer after the latest information was reviewed?,,0.1428571428571428,,1.0,0,0,1,0.0,0.0,0.0,,,en,0,0,0.00044106964639412615,0.05
nlu_0566_02,S0566,unseen,general,"Could you help me with check train status? This is after the latest information became available, the case team, before the matter is finalized.",finalized; before,2,2,0,,2,,"Could you help me with check train status? This is after the latest information became available, the case team, before the matter is finalized.",,0.0,,1.0,0,0,2,0.0,0.0,0.0,,,en,0,0,0.00042581429103323505,0.05
nlu_0100_09,S0100,unseen,medical,"The professional handling the matter is reviewing the effect of seizure activity on the overall situation and the associated observed changes; at the next decision point, the reviewing group, before the next decision.",activity; seizure,2,2,0,,2,,"The professional handling the matter is reviewing the effect of seizure activity on the overall situation and the associated observed changes. At the next decision point, the reviewing group before the next decision.",,0.0909090909090909,,1.0,0,0,2,0.0,0.0,0.0,,,en,0,0,8.507934606504892e-05,0.05
nlu_0575_03,S0575,unseen,general,"Please help me ask for opening hours; this is after the recent update, the technical or professional team, while comparing the available options.",opening,1,1,0,,1,,"Please help me ask for opening hours. This is after the recent update, the technical or professional team, while comparing the available options.",,0.0869565217391304,,1.0,0,0,1,0.0,0.0,0.0,,,en,0,0,0.00045582364213197693,0.05
nlu_0045_01,S0045,unseen,medical,"The current findings was reviewed in relation to echocardiography and left ventricular function, during the most recent assessment, the responsible specialist, before the matter is finalized.",echocardiography; ventricular; function,3,3,0,,3,,"The current findings was reviewed in relation to echocardiography and left ventricular function. During the most recent assessment, the responsible specialist, before the matter is finalized.",,0.0769230769230769,,1.0,0,0,3,0.0,0.0,0.0,,,en,0,0,0.0017337940844084358,0.05
nlu_0595_01,S0595,unseen,general,"I need help with ask for opening hours, after the recent update, the assigned professional, during the present round of discussion.",opening,1,1,0,,1,,"I need help with ask for opening hours. After the recent update, the assigned professional during the present round of discussion.",,0.1428571428571428,,1.0,0,0,1,0.0,0.0,0.0,,,en,0,0,0.00042932328357327734,0.05
nlu_0324_02,S0324,unseen,legal,"The team is evaluating force majeure in the context of unforeseeable event, with particular attention to the reported issue; as part of the current review, the current reviewer, while considering the current evidence. The record specifically references force majeure.",force majeure; unforeseeable,2,1,1,unforeseeable,1,3.0,"The team is evaluating force majura in the context of unforeseeable event, with particular attention to the reported issue, as part of the current review, the current reviewer, while considering the current evidence. The record specifically references force majura.","The team is evaluating force majura in the context of unforceable event, with particular attention to the reported issue, as part of the current review, the current reviewer, while considering the current evidence. The record specifically references force majura.",0.0769230769230769,0.1025641025641025,1.0,0,0,1,0.0,0.0,0.0,,,en,1,1,0.9999999927423835,0.05
nlu_0470_01,S0470,unseen,technology,"The current findings was reviewed in relation to REST API and HTTP endpoint, as part of the current review, the person handling the matter, while comparing the available options.",rest; endpoint,2,2,0,,2,,The current findings was reviewed in relation to REST API and HTTP endpoint as part of the current review. The person handling the matter while comparing the available options.,,0.1379310344827586,,1.0,0,0,2,0.0,0.0,0.0,,,en,0,0,5.963079121093385e-05,0.05
nlu_0068_03,S0068,unseen,medical,"The current available evidence requires further strategy, especially in relation to the relationship between Parkinson disease and bradykinesia; after the latest information became available, the assigned professional, before the next decision. The discussion also considers bradykinesia.",parkinson disease; bradykinesia,2,2,1,bradykinesia,2,6.0,"The current available evidence requires further strategy, especially in relation to the relationship between Parkinson disease and bradicanesia. After the latest information became available, the assigned professional before the next decision. The discussion also considers bradicanesia.","The current available evidence requires further strategy, especially in relation to the relationship between Parkinson disease and bradicanesia. After the latest information became available, the assigned professional before the next decision. The discussion also considers bradicanesia.",0.1111111111111111,0.1111111111111111,0.3333333333333333,1,0,0,1.0,1.0,0.0,,,en,1,1,0.9999999999997276,0.05
nlu_0147_03,S0147,unseen,medical,"The current available evidence requires further adjustment, especially in relation to the relationship between amoxicillin and antibiotic; in the current round of review, the technical or professional team, after the latest information was reviewed. The discussion also considers antibiotic.",amoxicillin; antibiotic,2,2,1,amoxicillin,2,6.0,"The current available evidence requires further adjustment, especially in relation to the relationship between a Moxacillin and antibiotic. In the current round of review, the technical or professional team after the latest information was reviewed. The discussion also considers antibiotic.","The current available evidence requires further adjustment, especially in relation to the relationship between a Moxacillin and antibiotic. In the current round of review, the technical or professional team after the latest information was reviewed. The discussion also considers antibiotic.",0.1282051282051282,0.1282051282051282,0.5,1,0,0,1.0,1.0,0.0,,,en,1,1,0.9999993156591231,0.05
nlu_0324_09,S0324,unseen,legal,"The professional handling the matter is reviewing the effect of contract performance on the overall situation and the associated observed changes; as part of the current review, the current reviewer, while considering the current evidence.",performance; contract,2,2,0,,2,,"The professional handling the matter is reviewing the effect of contract performance on the overall situation and the associated observed changes. As part of the current review, the current reviewer, while considering the current evidence.",,0.0571428571428571,,1.0,0,0,2,0.0,0.0,0.0,,,en,0,0,2.4570156924095297e-05,0.05
nlu_0323_06,S0323,unseen,legal,"The available evidence was considered before deciding how to address the current status of force majeure; during the latest review, the decision-making group, after the latest information was reviewed.",force majeure,1,0,0,,0,,"The available evidence was considered before deciding how to address the current status of force majira. During the latest review, the decision-making group, after the latest information was reviewed.",,0.0689655172413793,,,0,0,0,0.0,0.0,0.0,,,en,0,0,3.726275272562877e-06,0.05
nlu_0072_10,S0072,unseen,medical,"Further review is needed before a final decision is made about the decision surrounding resting tremor; in the current round of review, the case team, before the next decision. The record specifically references Parkinson disease.",parkinson disease; resting; tremor,3,3,1,parkinson disease,3,6.0,"Further review is needed before a final decision is made about the decision surrounding resting tremor. In the current round of review, the case team before the next decision. The record specifically references Parkinson disease.","Further review is needed before a final decision is made about the decision surrounding resting tremor. In the current round of review, the case team before the next decision. The record specifically references Parkinson's disease.",0.0857142857142857,0.1142857142857142,0.25,2,0,1,1.0,0.6666666666666666,0.0,,,en,1,1,0.9999999918546084,0.05
nlu_0167_01,S0167,unseen,medical,"The current findings was reviewed in relation to warfarin and anticoagulation, during the ongoing evaluation, the case team, before the matter is finalized.",anticoagulation; warfarin,2,2,1,anticoagulation,2,6.0,"The current findings was reviewed in relation to warfarin and anticoagulation. During the ongoing evaluation, the case team, before the matter, is finalized.","The current findings was reviewed in relation to Warfarin and anti-collagulation. During the ongoing evaluation, the case team, before the matter, is finalized.",0.1304347826086956,0.1739130434782608,0.5,1,0,1,1.0,0.5,0.0,,,en,1,1,0.999999999999249,0.05
nlu_0597_06,S0597,unseen,general,"I am trying to request contact information, and this is during the most recent assessment, the responsible specialist, during the present round of discussion.",contact; trying,2,2,0,,2,,"I am trying to request contact information, and this is during the most recent assessment, the responsible specialist, during the present round of discussion.",,0.0,,1.0,0,0,2,0.0,0.0,0.0,,,en,0,0,0.00043596237505744183,0.05
nlu_0235_06,S0235,unseen,finance,"The available evidence was considered before deciding how to address the current status of non-performing asset; after the recent update, the assigned professional, while comparing the available options.",non-performing asset,1,0,0,,0,,"The available evidence was considered before deciding how to address the current status of non-performing asset. After the recent update, the assigned professional, while comparing the available options.",,0.0714285714285714,,,0,0,0,0.0,0.0,0.0,,,en,0,0,7.705413661111846e-07,0.05
nlu_0045_05,S0045,unseen,medical,"The specialist discussed the documented issue involving left ventricular function during the latest adjustment; during the most recent assessment, the responsible specialist, before the matter is finalized. The record specifically references echocardiography.",echocardiography; ventricular; function,3,3,0,,3,,"The specialist discussed the documented issue involving left ventricular function during the latest adjustment. During the most recent assessment, the responsible specialist, before the matter is finalized. The record specifically references echocardiography.",,0.0625,,1.0,0,0,3,0.0,0.0,0.0,,,en,0,0,0.0007576881278065522,0.05
nlu_0301_07,S0301,unseen,finance,"The latest record focused on the evidence related to underlying exposure; at the next decision point, the current reviewer, while considering the current evidence. The discussion also considers hedging strategy.",underlying; hedging,2,2,0,,2,,"The latest record focused on the evidence related to underlying exposure. At the next decision point, the current reviewer, while considering the current evidence. The discussion also considers hedging strategy.",,0.0666666666666666,,1.0,0,0,2,0.0,0.0,0.0,,,en,0,0,8.628445772872434e-05,0.05
nlu_0221_07,S0221,unseen,finance,"The latest record focused on the evidence related to mortgage; during the most recent assessment, the person handling the matter, while considering the current evidence. The discussion also considers collateral value.",collateral; mortgage,2,2,1,mortgage,2,0.0,"The latest record focused on the evidence related to mortgage. During the most recent assessment, the person handling the matter while considering the current evidence. The discussion also considers collateral value.","The latest record focused on the evidence related to more data. During the most recent assessment, the person handling the matter while considering the current evidence. The discussion also considers collateral value.",0.0967741935483871,0.1290322580645161,0.5,1,0,1,1.0,0.5,0.0,,,en,1,1,0.9999999999960227,0.05
nlu_0433_08,S0433,unseen,legal,"The case involves the reported concern involving jurisdiction, and the relevant relevant records is being assessed; at the next decision point, the current reviewer, after the latest information was reviewed. The record specifically references jurisdiction.",jurisdiction,1,1,0,,1,,"The case involves the reported concern involving jurisdiction, and the relevant relevant records is being assessed. At the next decision point, the current reviewer, after the latest information, was reviewed. The record specifically references jurisdiction.",,0.0857142857142857,,1.0,0,0,1,0.0,0.0,0.0,,,en,0,0,6.334972190479936e-05,0.05
nlu_0364_06,S0364,unseen,legal,"The available evidence was considered before deciding how to address the current status of representations and warranties; after the recent update, the relevant team, while comparing the available options.",representations warranties,1,0,0,,0,,"The available evidence was considered before deciding how to address the current status of representations and warranties. After the recent update, the relevant team, while comparing the available options.",,0.0689655172413793,,,0,0,0,0.0,0.0,0.0,,,en,0,0,4.271293965642067e-05,0.05
nlu_0072_05,S0072,unseen,medical,"The specialist discussed the documented issue involving bradykinesia during the latest validation; in the current round of review, the case team, before the next decision. The record specifically references Parkinson disease.",parkinson disease; bradykinesia,2,1,1,bradykinesia,1,6.0,"The specialist discussed the documented issue involving bradikinesia during the latest validation in the current round of review, the case team, before the next decision. The record specifically references Parkinson's disease.","The specialist discussed the documented issue involving Braddock, and Euge during the latest validation in the current round of review, the case team, before the next decision. The record specifically references Parkinson's disease.",0.0967741935483871,0.1612903225806451,1.0,0,0,0,0.0,0.0,0.0,,,en,1,1,1.0,0.05
nlu_0251_02,S0251,unseen,finance,"The team is evaluating interest-rate reset in the context of loan pricing, with particular attention to the reported issue; after the recent update, the reviewing group, before the matter is finalized. The record specifically references interest-rate reset.",interest-rate reset; pricing,2,1,0,,1,,"The team is evaluating interest rate reset in the context of loan pricing, with particular attention to the reported issue. After the recent update, the reviewing group, before the matter, is finalized. The record specifically references interest rate reset.",,0.1891891891891892,,1.0,0,0,1,0.0,0.0,0.0,,,en,0,0,0.00035028493111073167,0.05
nlu_0074_06,S0074,unseen,medical,"The available evidence was considered before deciding how to address the current status of ischemic stroke; in the current round of review, the reviewing group, before the next decision.",ischemic stroke,1,0,0,,0,,"The available evidence was considered before deciding how to address the current status of a schematic stroke. In the current round of review, the reviewing group before the next decision.",,0.1724137931034483,,,0,0,0,0.0,0.0,0.0,,,en,0,0,8.586258857219902e-06,0.05
nlu_0164_08,S0164,unseen,medical,"The case involves the reported concern involving warfarin, and the relevant relevant records is being assessed; following the previous discussion, the decision-making group, before the matter is finalized. The record specifically references warfarin.",warfarin,1,1,0,,1,,"The case involves the reported concern involving Warfarin, and the relevant relevant records is being assessed. Following the previous discussion, the decision-making group, before the matter is finalized. The record specifically references Warfarin.",,0.1212121212121212,,1.0,0,0,1,0.0,0.0,0.0,,,en,0,0,1.2737864910789197e-05,0.05
nlu_0167_08,S0167,unseen,medical,"The case involves the reported concern involving warfarin, and the relevant relevant records is being assessed; during the ongoing evaluation, the case team, before the matter is finalized. The record specifically references warfarin.",warfarin,1,1,0,,1,,"The case involves the reported concern involving Warfarin, and the relevant relevant records is being assessed. During the ongoing evaluation, the case team, before the matter, is finalized. The record specifically references Warfarin.",,0.1515151515151515,,1.0,0,0,1,0.0,0.0,0.0,,,en,0,0,1.4162824407802393e-05,0.05
nlu_0324_01,S0324,unseen,legal,"The current findings was reviewed in relation to force majeure and contract performance, as part of the current review, the current reviewer, while considering the current evidence.",force majeure; performance; contract,3,2,0,,2,,"The current findings was reviewed in relation to force majura and contract performance. As part of the current review, the current reviewer, while considering the current evidence.",,0.1111111111111111,,1.0,0,0,2,0.0,0.0,0.0,,,en,0,0,1.0445726114087362e-05,0.05
nlu_0324_03,S0324,unseen,legal,"The current available evidence requires further exposure, especially in relation to the relationship between force majeure and contract performance; as part of the current review, the current reviewer, while considering the current evidence. The discussion also considers contract performance.",force majeure; performance; contract,3,2,0,,2,,"The current available evidence requires further exposure, especially in relation to the relationship between force majura and contract performance. As part of the current review, the current reviewer, while considering the current evidence. The discussion also considers contract performance.",,0.0769230769230769,,1.0,0,0,2,0.0,0.0,0.0,,,en,0,0,2.2953680414343624e-06,0.05
nlu_0368_04,S0368,unseen,legal,"A detailed screening was requested concerning the implications of representations and warranties; during the latest review, the reviewing group, during the present round of discussion.",representations warranties,1,0,0,,0,,"A detailed screening was requested concerning the implications of representations and warranties. During the latest review, the reviewing group, during the present round of discussion.",,0.08,,,0,0,0,0.0,0.0,0.0,,,en,0,0,0.00028227106695787296,0.05
nlu_0559_07,S0559,unseen,general,"I would like to set a personal reminder; the situation is in the current round of review, the responsible specialist, while considering the current evidence.",reminder; personal,2,2,0,,2,,"I would like to set a personal reminder. The situation is in the current round of review, the responsible specialist, while considering the current evidence.",,0.08,,1.0,0,0,2,0.0,0.0,0.0,,,en,0,0,0.0004293321022254068,0.05
nlu_0349_06,S0349,unseen,legal,"The available evidence was considered before deciding how to address the current status of liquidated damages; during the latest review, the person handling the matter, while comparing the available options.",liquidated damages,1,1,0,,1,,"The available evidence was considered before deciding how to address the current status of liquidated damages. During the latest review, the person handling the matter while comparing the available options.",,0.1,,1.0,0,0,1,0.0,0.0,0.0,,,en,0,0,0.00017342031495178053,0.05
nlu_0388_04,S0388,unseen,legal,"A detailed screening was requested concerning the implications of defendant; during the most recent assessment, the case team, before the next decision.",defendant,1,1,0,,1,,"A detailed screening was requested concerning the implications of defendant. During the most recent assessment, the case team before the next decision.",,0.1363636363636363,,1.0,0,0,1,0.0,0.0,0.0,,,en,0,0,3.383658225840509e-05,0.05
nlu_0090_02,S0090,unseen,medical,"The team is evaluating epilepsy in the context of electroencephalography, with particular attention to the reported issue; at the next decision point, the reviewing group, while considering the current evidence. The record specifically references epilepsy.",electroencephalography; epilepsy,2,2,1,electroencephalography,2,0.0,"The team is evaluating epilepsy in the context of electroencephalography, with particular attention to the reported issue. At the next decision point, the reviewing group, while considering the current evidence. The record specifically references epilepsy.","The team is evaluating epilepsy in the context of a left-to-in-thephylography, with particular attention to the reported issue. At the next decision point, the reviewing group, while considering the current evidence. The record specifically references epilepsy.",0.0571428571428571,0.1142857142857142,0.5,1,0,1,1.0,0.5,0.0,,,en,1,1,0.9999999999283946,0.05
nlu_0572_06,S0572,unseen,general,"I am trying to plan a trip, and this is in the current round of review, the decision-making group, before the next decision.",trying,1,1,0,,1,,"I am trying to plan a trip, and this is in the current round of review, the decision-making group, before the next decision.",,0.0,,1.0,0,0,1,0.0,0.0,0.0,,,en,0,0,0.00042675068083039753,0.05
nlu_0229_10,S0229,unseen,finance,"Further transfer is needed before a final decision is made about the decision surrounding default; after the latest information became available, the relevant team, during the present round of discussion. The record specifically references non-performing asset.",non-performing asset; default,2,1,0,,1,,"Further transfer is needed before a final decision is made about the decision surrounding default. After the latest information became available, the relevant team during the present round of discussion. The record specifically references non-performing asset.",,0.0833333333333333,,1.0,0,0,1,0.0,0.0,0.0,,,en,0,0,7.699854797651667e-05,0.05
nlu_0275_01,S0275,unseen,finance,"The current findings was reviewed in relation to equity valuation and discounted cash flow, after the latest information became available, the case team, while comparing the available options.",equity valuation; discounted,2,2,0,,2,,"The current findings was reviewed in relation to equity valuation and discounted cash flow. After the latest information became available, the case team, while comparing the available options.",,0.0714285714285714,,1.0,0,0,2,0.0,0.0,0.0,,,en,0,0,1.8548725828908586e-05,0.05
nlu_0028_06,S0028,unseen,medical,"The available evidence was considered before deciding how to address the current status of ST-segment elevation; as part of the current review, the decision-making group, while considering the current evidence.",elevation; st-segment,2,2,1,st-segment,2,6.0,"The available evidence was considered before deciding how to address the current status of ST Segment Elevation. As part of the current review, the decision-making group, while considering the current evidence.","The available evidence was considered before deciding how to address the current status of SD segment elevation. As part of the current review, the decision-making group, while considering the current evidence",0.1333333333333333,0.1666666666666666,0.5,1,0,0,1.0,1.0,0.0,,,en,1,1,0.9999999999996789,0.05
nlu_0104_06,S0104,unseen,medical,"The available evidence was considered before deciding how to address the current status of seizure disorder; after the latest information became available, the person handling the matter, while comparing the available options.",seizure disorder,1,1,0,,1,,"The available evidence was considered before deciding how to address the current status of seizure disorder. After the latest information became available, the person handling the matter while comparing the available options. The information was considered to be considered as a result of the The information was considered to be considered as a result of the The information was considered to be considered as a result of the information as a result of the information was considered as a result of the information was considered",,1.75,,1.0,0,0,1,0.0,0.0,0.0,,,en,0,0,2.4622477455429674e-05,0.05
nlu_0105_04,S0105,unseen,medical,"A detailed monitoring was requested concerning the implications of migraine with aura; after the latest information became available, the reviewing group, during the present round of discussion.",migraine with aura,1,1,1,migraine with aura,1,0.0,"A detailed monitoring was requested concerning the implications of migraine with aura. After the latest information became available, the reviewing group, during the present round of discussion.","A detailed monitoring was requested concerning the implications of migraine before. After the latest information became available, the reviewing group, during the present round of discussion.",0.074074074074074,0.1111111111111111,0.6666666666666666,0,0,1,0.0,0.0,0.0,,,en,1,1,1.0,0.05
nlu_0239_02,S0239,unseen,finance,"The team is evaluating credit risk in the context of borrower assessment, with particular attention to the reported issue; at the current stage, the reviewing group, before the next decision. The record specifically references credit risk.",credit risk; borrower,2,2,0,,2,,"The team is evaluating credit risk in the context of borrower assessment, with particular attention to the reported issue. At the current stage, the reviewing group before the next decision. The record specifically references credit risk.",,0.0833333333333333,,1.0,0,0,2,0.0,0.0,0.0,,,en,0,0,0.0003150783732821397,0.05
nlu_0128_05,S0128,unseen,medical,"The specialist discussed the documented issue involving peripheral nerve during the latest model; during the most recent assessment, the case team, before the matter is finalized. The record specifically references neuropathy.",neuropathy; peripheral,2,2,0,,2,,"The specialist discussed the documented issue involving peripheral nerve during the latest model. During the most recent assessment, the case team, before the matter is finalized. The record specifically references neuropathy.",,0.064516129032258,,1.0,0,0,2,0.0,0.0,0.0,,,en,0,0,0.002631732072815938,0.05
nlu_0597_04,S0597,unseen,general,"I wanted to ask about request contact information, particularly during the most recent assessment, the responsible specialist, during the present round of discussion.",particularly; contact; wanted,3,3,0,,3,,"I wanted to ask about request contact information, particularly during the most recent assessment, the responsible specialist during the present round of discussion.",,0.0434782608695652,,1.0,0,0,3,0.0,0.0,0.0,,,en,0,0,0.0004417506879409364,0.05
nlu_0058_06,S0058,unseen,medical,"The available evidence was considered before deciding how to address the current status of ventricular tachycardia; during the most recent assessment, the person handling the matter, before the matter is finalized.",ventricular tachycardia,1,1,0,,1,,"The available evidence was considered before deciding how to address the current status of ventricular tachycardia. During the most recent assessment, the person handling the matter before the matter is finalized.",,0.0967741935483871,,1.0,0,0,1,0.0,0.0,0.0,,,en,0,0,0.00025055424559992327,0.05
nlu_0235_01,S0235,unseen,finance,"The current findings was reviewed in relation to non-performing asset and loan delinquency, after the recent update, the assigned professional, while comparing the available options.",non-performing asset; delinquency,2,1,0,,1,,"The current findings was reviewed in relation to non-performing asset and loan delinquency. After the recent update, the assigned professional, while comparing the available options.",,0.08,,1.0,0,0,1,0.0,0.0,0.0,,,en,0,0,6.009617890536313e-05,0.05
nlu_0575_05,S0575,unseen,general,"Can you tell me how to ask for opening hours, given after the recent update, the technical or professional team, while comparing the available options?",opening,1,1,0,,1,,"Can you tell me how to ask for opening hours? Given after the recent update, the technical or professional team, while comparing the available options.",,0.12,,1.0,0,0,1,0.0,0.0,0.0,,,en,0,0,0.00043804309058520887,0.05
nlu_0215_08,S0215,unseen,finance,"The case involves the reported concern involving mortgage underwriting, and the relevant relevant records is being assessed; during the latest review, the decision-making group, while considering the current evidence. The record specifically references mortgage underwriting.",mortgage underwriting,1,1,0,,1,,"The case involves the reported concern involving mortgage underwriting, and the relevant relevant records is being assessed during the latest review, the decision-making group, while considering the current evidence. The record specifically references mortgage underwriting.",,0.0285714285714285,,1.0,0,0,1,0.0,0.0,0.0,,,en,0,0,0.0001667998449357174,0.05
nlu_0127_10,S0127,unseen,medical,"Further validation is needed before a final decision is made about the decision surrounding sensory deficit; at the current stage, the case team, after the latest information was reviewed. The record specifically references neuropathy.",neuropathy; deficit; sensory,3,3,0,,3,,"Further validation is needed before a final decision is made about the decision surrounding sensory deficit. At the current stage, the case team, after the latest information, was reviewed. The record specifically references neuropathy.",,0.088235294117647,,1.0,0,0,3,0.0,0.0,0.0,,,en,0,0,0.0003050971143046961,0.05
nlu_0128_04,S0128,unseen,medical,"A detailed screening was requested concerning the implications of neuropathy; during the most recent assessment, the case team, before the matter is finalized.",neuropathy,1,1,0,,1,,"A detailed screening was requested concerning the implications of neuropathy. During the most recent assessment, the case team, before the matter is finalized.",,0.0869565217391304,,1.0,0,0,1,0.0,0.0,0.0,,,en,0,0,0.0008681585083206709,0.05
nlu_0096_06,S0096,unseen,medical,"The available evidence was considered before deciding how to address the current status of epilepsy; during the ongoing evaluation, the decision-making group, during the present round of discussion.",epilepsy,1,1,0,,1,,"The available evidence was considered before deciding how to address the current status of epilepsy. During the ongoing evaluation, the decision-making group, during the present round of discussion.",,0.0714285714285714,,1.0,0,0,1,0.0,0.0,0.0,,,en,0,0,0.001230428437153342,0.05
nlu_0389_09,S0389,unseen,legal,"The professional handling the matter is reviewing the effect of answer on the overall situation and the associated observed changes; at the next decision point, the person handling the matter, before the next decision.",answer,1,1,0,,1,,"The professional handling the matter is reviewing the effective answer on the overall situation and the associated observed changes. At the next decision point, the person handling the matter before the next decision.",,0.1470588235294117,,1.0,0,0,1,0.0,0.0,0.0,,,en,0,0,2.181377476384988e-05,0.05
nlu_0031_07,S0031,unseen,medical,"The latest authorization focused on the evidence related to ischemic pattern; as part of the current review, the reviewing group, during the present round of discussion. The discussion also considers electrocardiographic changes.",electrocardiographic; ischemic; pattern,3,3,1,ischemic,3,6.0,"The latest authorization focused on the evidence related to ischemic pattern as part of the current review, the reviewing group during the present round of discussion. The discussion also considers electrocardiographic changes.","The latest authorization focused on the evidence related to a schematic pattern as part of the current review, the reviewing group during the present round of discussion. The discussion also considers electrocardiographic changes.",0.0625,0.125,0.3333333333333333,2,0,1,1.0,0.6666666666666666,0.0,,,en,1,1,0.9999999999997582,0.05
nlu_0234_06,S0234,unseen,finance,"The available evidence was considered before deciding how to address the current status of non-performing asset; following the previous discussion, the relevant team, before the next decision.",non-performing asset,1,0,0,,0,,"The available evidence was considered before deciding how to address the current status of non-performing asset. Following the previous discussion, the relevant team before the next decision.",,0.1111111111111111,,,0,0,0,0.0,0.0,0.0,,,en,0,0,5.1441265235977e-05,0.05
nlu_0371_03,S0371,unseen,legal,"The current available evidence requires further account, especially in relation to the relationship between termination provision and termination right; in the current round of review, the person handling the matter, before the next decision. The discussion also considers termination right.",termination provision,1,1,0,,1,,"The current available evidence requires further account, especially in relation to the relationship between termination provision and termination right. In the current round of review, the person handling the matter before the next decision. The discussion also considers termination right.",,0.075,,1.0,0,0,1,0.0,0.0,0.0,,,en,0,0,0.0003435629035711172,0.05
nlu_0364_09,S0364,unseen,legal,"The professional handling the matter is reviewing the effect of contractual representation on the overall situation and the associated observed changes; after the recent update, the relevant team, while comparing the available options.",contractual,1,1,0,,1,,"The professional handling the matter is reviewing the effect of contractual representation on the overall situation and the associated observed changes. After the recent update, the relevant team, while comparing the available options.",,0.0606060606060606,,1.0,0,0,1,0.0,0.0,0.0,,,en,0,0,2.0150866895446204e-05,0.05
nlu_0127_07,S0127,unseen,medical,"The latest account focused on the evidence related to sensory deficit; at the current stage, the case team, after the latest information was reviewed. The discussion also considers peripheral nerve.",peripheral; deficit; sensory,3,3,0,,3,,"The latest account focused on the evidence related to sensory deficit. At the current stage, the case team, after the latest information was reviewed. The discussion also considers peripheral nerve.",,0.0666666666666666,,1.0,0,0,3,0.0,0.0,0.0,,,en,0,0,0.0052357230897180805,0.05
nlu_0411_10,S0411,unseen,legal,"Further assessment is needed before a final decision is made about the decision surrounding failure to state a claim; at the current stage, the relevant team, during the present round of discussion. The record specifically references motion to dismiss.",motion dismiss; failure,2,1,0,,1,,"Further assessment is needed before a final decision is made about the decision surrounding failure to state a claim. At the current stage, the relevant team during the present round of discussion. The record specifically references motion to dismiss.",,0.0769230769230769,,1.0,0,0,1,0.0,0.0,0.0,,,en,0,0,7.929129521219487e-05,0.05
nlu_0594_01,S0594,unseen,general,"I need help with change a calendar event, at the current stage, the technical or professional team, after the latest information was reviewed.",calendar; change,2,2,0,,2,,"I need help with change a calendar event at the current stage, the technical or professional team, after the latest information was reviewed.",,0.0434782608695652,,1.0,0,0,2,0.0,0.0,0.0,,,en,0,0,0.000422459157122277,0.05
nlu_0026_01,S0026,unseen,medical,"The current findings was reviewed in relation to ST-segment elevation and electrocardiographic changes, after the latest information became available, the reviewing organization, before the matter is finalized.",electrocardiographic; elevation; st-segment,3,3,1,st-segment,3,6.0,"The current findings was reviewed in relation to ST segment elevation and electrocardiographic changes. After the latest information became available, the reviewing organization, before the matter is finalized.","The current findings was reviewed in relation to ST segment elevation and electrocardiographic changes. After the latest information became available, the reviewing organization, before the matter is finalized.",0.1481481481481481,0.1481481481481481,0.3333333333333333,2,0,0,1.0,1.0,0.0,,,en,1,1,0.999999999701024,0.05
nlu_0512_10,S0512,unseen,general,"I need some information because I want to plan a trip; in the current round of review, the reviewing organization, before the next decision.",because,1,1,0,,1,,"I need some information because I want to plan a trip. In the current round of review, the reviewing organization before the next decision.",,0.125,,1.0,0,0,1,0.0,0.0,0.0,,,en,0,0,0.00043636606332722236,0.05
nlu_0072_06,S0072,unseen,medical,"The available evidence was considered before deciding how to address the current status of Parkinson disease; in the current round of review, the case team, before the next decision.",parkinson disease,1,0,0,,0,,"The available evidence was considered before deciding how to address the current status of Parkinson's disease. In the current round of review, the case team, before the next decision.",,0.1034482758620689,,,0,0,0,0.0,0.0,0.0,,,en,0,0,0.00044364779739984025,0.05
nlu_0575_04,S0575,unseen,general,"I wanted to ask about ask for opening hours, particularly after the recent update, the technical or professional team, while comparing the available options.",particularly; opening; wanted,3,3,0,,3,,"I wanted to ask about Ask for opening hours, particularly after the recent update, the technical or professional team, while comparing the available options.",,0.0416666666666666,,1.0,0,0,3,0.0,0.0,0.0,,,en,0,0,0.0004325641277281107,0.05
nlu_0217_10,S0217,unseen,finance,"Further exposure is needed before a final decision is made about the decision surrounding debt-to-income; following the previous discussion, the responsible specialist, during the present round of discussion. The record specifically references mortgage underwriting.",mortgage underwriting; debt-to-income,2,2,1,debt-to-income,2,6.0,"Further exposure is needed before a final decision is made about the decision surrounding debt to income. Following the previous discussion, the responsible specialist during the present round of discussion. The record specifically references mortgage underwriting.","Further exposure is needed before a final decision is made about the decision surrounding debt to income. Following the previous discussion, the responsible specialist during the present round of discussion. The record specifically references mortgage underwriting.",0.1470588235294117,0.1470588235294117,0.3333333333333333,1,0,0,1.0,1.0,0.0,,,en,1,1,0.9999999999985225,0.05
nlu_0225_02,S0225,unseen,finance,"The team is evaluating loan-to-value ratio in the context of mortgage, with particular attention to the reported issue; after the recent update, the assigned professional, while considering the current evidence. The record specifically references loan-to-value ratio.",loan-to-value ratio; mortgage,2,1,0,,1,,"The team is evaluating loan-to-value ratio in the context of mortgage, with particular attention to the reported issue. After the recent update, the assigned professional, while considering the current evidence. The record specifically references loan-to-value ratio.",,0.0555555555555555,,1.0,0,0,1,0.0,0.0,0.0,,,en,0,0,0.00022869175683381775,0.05
nlu_0285_09,S0285,unseen,finance,"The professional handling the matter is reviewing the effect of realized return on the overall situation and the associated observed changes; in the current round of review, the current reviewer, while considering the current evidence.",realized; return,2,2,0,,2,,"The professional handling the matter is reviewing the effect of realized return on the overall situation and the associated observed changes. In the current round of review, the current reviewer, while considering the current evidence.",,0.0571428571428571,,1.0,0,0,2,0.0,0.0,0.0,,,en,0,0,0.00037096603970043784,0.05
nlu_0471_06,S0471,unseen,technology,"The available evidence was considered before deciding how to address the current status of PostgreSQL; during the latest review, the reviewing organization, during the present round of discussion.",postgresql,1,1,1,postgresql,1,6.0,"The available evidence was considered before deciding how to address the current status of PostGIR SQL. During the latest review, the reviewing organization during the present round of discussion","The available evidence was considered before deciding how to address the current status of poster SQL. During the latest review, the reviewing organization during the present round of discussion",0.1785714285714285,0.1785714285714285,1.0,0,0,0,0.0,0.0,0.0,,,en,1,1,0.9999999746180586,0.05
nlu_0460_01,S0460,unseen,technology,"The current findings was reviewed in relation to OAuth 2.0 and authorization server, following the previous discussion, the technical or professional team, before the next decision.",oauth; server,2,2,1,server,2,0.0,"The current findings was reviewed in relation to OAuth 2 and authorization server. Following the previous discussion, the technical or professional team before the next decision.","The current findings was reviewed in relation to OAuth 2 and authorization service. Following the previous discussion, the technical or professional team before the next decision.",0.1538461538461538,0.1538461538461538,0.5,1,0,1,1.0,0.5,0.0,,,en,1,1,0.9999999999667559,0.05
nlu_0028_04,S0028,unseen,medical,"A detailed screening was requested concerning the implications of ST-segment elevation; as part of the current review, the decision-making group, while considering the current evidence.",elevation; st-segment,2,2,1,st-segment,2,6.0,"A detailed screening was requested concerning the implications of SD segment elevation. As part of the current review, the decision-making group, while considering the current evidence.","A detailed screening was requested concerning the implications of SD segment elevation. As part of the current review, the decision-making group, while considering the current evidence.",0.16,0.16,0.5,1,0,0,1.0,1.0,0.0,,,en,1,1,0.9999999999994678,0.05
nlu_0575_01,S0575,unseen,general,"I need help with ask for opening hours, after the recent update, the technical or professional team, while comparing the available options.",opening,1,1,0,,1,,"I need help with Ask for opening hours. After the recent update, the technical or professional team, while comparing the available options.",,0.1363636363636363,,1.0,0,0,1,0.0,0.0,0.0,,,en,0,0,0.0004382689364496953,0.05
nlu_0226_04,S0226,unseen,finance,"A detailed adjustment was requested concerning the implications of loan-to-value ratio; following the previous discussion, the case team, before the matter is finalized.",loan-to-value ratio,1,0,0,,0,,"A detailed adjustment was requested concerning the implications of loan-to-value ratio. Following the previous discussion, the case team, before the matter, is finalized.",,0.1304347826086956,,,0,0,0,0.0,0.0,0.0,,,en,0,0,3.101006108562035e-05,0.05
nlu_0323_05,S0323,unseen,legal,"The specialist discussed the documented issue involving contract performance during the latest record; during the latest review, the decision-making group, after the latest information was reviewed. The record specifically references force majeure.",force majeure; performance; contract,3,2,0,,2,,"The specialist discussed the documented issue involving contract performance during the latest record. During the latest review, the decision-making group, after the latest information was reviewed. The record specifically references force Majora.",,0.09375,,1.0,0,0,2,0.0,0.0,0.0,,,en,0,0,0.000412226196250262,0.05
nlu_0390_10,S0390,unseen,legal,"Further response is needed before a final decision is made about the decision surrounding claim; during the ongoing evaluation, the reviewing group, before the matter is finalized. The record specifically references defendant.",defendant,1,1,0,,1,,"Further response is needed before a final decision is made about the decision surrounding claim. During the ongoing evaluation, the reviewing group, before the matter is finalized. The record specifically references defendant.",,0.0625,,1.0,0,0,1,0.0,0.0,0.0,,,en,0,0,8.081192626653289e-08,0.05
nlu_0364_04,S0364,unseen,legal,"A detailed record was requested concerning the implications of representations and warranties; after the recent update, the relevant team, while comparing the available options.",representations warranties,1,0,0,,0,,"A detailed record was requested concerning the implications of representations and warranties. After the recent update, the relevant team, while comparing the available options.",,0.0833333333333333,,,0,0,0,0.0,0.0,0.0,,,en,0,0,4.95986822238326e-05,0.05
nlu_0368_07,S0368,unseen,legal,"The latest incident focused on the evidence related to warranty; during the latest review, the reviewing group, during the present round of discussion. The discussion also considers contractual representation.",contractual; warranty,2,2,0,,2,,"The latest incident focused on the evidence related to warranty during the latest review, the reviewing group, during the present round of discussion. The discussion also considers contractual representation.",,0.0344827586206896,,1.0,0,0,2,0.0,0.0,0.0,,,en,0,0,1.4743292436659145e-05,0.05
nlu_0324_04,S0324,unseen,legal,"A detailed record was requested concerning the implications of force majeure; as part of the current review, the current reviewer, while considering the current evidence.",force majeure,1,0,0,,0,,"A detailed record was requested concerning the implications of force majura. As part of the current review, the current reviewer, while considering the current evidence.",,0.08,,,0,0,0,0.0,0.0,0.0,,,en,0,0,0.0001027507370104406,0.05
nlu_0285_05,S0285,unseen,finance,"The specialist discussed the documented issue involving realized return during the latest adjustment; in the current round of review, the current reviewer, while considering the current evidence. The record specifically references capital gains.",capital gains; realized; return,3,3,0,,3,,"The specialist discussed the documented issue involving realized return during the latest adjustment, in the current round of review, the current reviewer, while considering the current evidence. The record specifically references capital gains.",,0.0303030303030303,,1.0,0,0,3,0.0,0.0,0.0,,,en,0,0,0.00032244808289389533,0.05
nlu_0251_07,S0251,unseen,finance,"The latest authorization focused on the evidence related to loan pricing; after the recent update, the reviewing group, before the matter is finalized. The discussion also considers benchmark rate.",benchmark; pricing,2,2,0,,2,,"The latest authorization focused on the evidence related to loan pricing. After the recent update, the reviewing group, before the matter, is finalized. The discussion also considers benchmark rate.",,0.1034482758620689,,1.0,0,0,2,0.0,0.0,0.0,,,en,0,0,0.0001303029578229218,0.05
nlu_0251_08,S0251,unseen,finance,"The case involves the reported concern involving interest-rate reset, and the relevant relevant records is being assessed; after the recent update, the reviewing group, before the matter is finalized. The record specifically references interest-rate reset.",interest-rate reset,1,0,0,,0,,"The case involves the reported concern involving interest rate reset and the relevant relevant records is being assessed. After the recent update, the reviewing group, before the matter, is finalized. The record specifically references interest rate reset.",,0.2285714285714285,,,0,0,0,0.0,0.0,0.0,,,en,0,0,8.71538482636584e-05,0.05
nlu_0105_01,S0105,unseen,medical,"The current findings was reviewed in relation to migraine with aura and visual aura, after the latest information became available, the reviewing group, during the present round of discussion.",migraine with aura; visual,2,2,0,,2,,"The current findings was reviewed in relation to migraine with aura and visual aura. After the latest information became available, the reviewing group during the present round of discussion.",,0.1034482758620689,,1.0,0,0,2,0.0,0.0,0.0,,,en,0,0,0.001441193308560837,0.05
nlu_0127_06,S0127,unseen,medical,"The available evidence was considered before deciding how to address the current status of neuropathy; at the current stage, the case team, after the latest information was reviewed.",neuropathy,1,1,0,,1,,"The available evidence was considered before deciding how to address the current status of neuropathy. At the current stage, the case team, after the latest information, was reviewed.",,0.1071428571428571,,1.0,0,0,1,0.0,0.0,0.0,,,en,0,0,0.0050522265263469035,0.05
nlu_0028_08,S0028,unseen,medical,"The case involves the reported concern involving ST-segment elevation, and the relevant relevant records is being assessed; as part of the current review, the decision-making group, while considering the current evidence. The record specifically references ST-segment elevation.",elevation; st-segment,2,2,1,st-segment,2,6.0,"The case involves the reported concern involving ST segment elevation, and the relevant relevant records is being assessed, as part of the current review, the decision-making group, while considering the current evidence. The record specifically references ST segment elevation. The decision-making group is being assessed,","The case involves the reported concern involving ST segment elevation, and the relevant relevant records is being assessed, as part of the current review, the decision-making group, while considering the current evidence. The record specifically references ST segment elevation. The decision-making group is being assessed,",0.2972972972972973,0.2972972972972973,0.5,1,0,0,1.0,1.0,0.0,,,en,1,1,0.9999999995751352,0.05
nlu_0239_03,S0239,unseen,finance,"The current available evidence requires further review, especially in relation to the relationship between credit risk and default probability; at the current stage, the reviewing group, before the next decision. The discussion also considers default probability.",credit risk; probability; default,3,3,0,,3,,"The current available evidence requires further review, especially in relation to the relationship between credit risk and default probability. At the current stage, the reviewing group before the next decision. The discussion also considers default probability.",,0.0833333333333333,,1.0,0,0,3,0.0,0.0,0.0,,,en,0,0,0.0003143819571107281,0.05
nlu_0058_02,S0058,unseen,medical,"The team is evaluating ventricular tachycardia in the context of ventricular rate, with particular attention to the reported issue; during the most recent assessment, the person handling the matter, before the matter is finalized. The record specifically references ventricular tachycardia.",ventricular tachycardia,1,1,0,,1,,"The team is evaluating ventricular tachycardia in the context of ventricular rate, with particular attention to the reported issue. During the most recent assessment, the person handling the matter before the matter is finalized. The record specifically references ventricular tachycardia.",,0.075,,1.0,0,0,1,0.0,0.0,0.0,,,en,0,0,0.0012350346438565428,0.05
nlu_0353_07,S0353,unseen,legal,"The latest response focused on the evidence related to pre-agreed amount; as part of the current review, the reviewing organization, before the next decision. The discussion also considers contractual remedy.",contractual; pre-agreed; remedy; amount,4,4,0,,4,,"The latest response focused on the evidence related to pre-agreed amount, as part of the current review, the reviewing organization, before the next decision. The discussion also considers contractual remedy.",,0.0333333333333333,,1.0,0,0,4,0.0,0.0,0.0,,,en,0,0,0.00015017476113765802,0.05
nlu_0575_09,S0575,unseen,general,"Could you check this for me regarding ask for opening hours, after the recent update, the technical or professional team, while comparing the available options?",regarding; opening,2,2,0,,2,,"Could you check this for me regarding Ask for Opening Hours? After the recent update, the technical or professional team, while comparing the available options.",,0.2,,1.0,0,0,2,0.0,0.0,0.0,,,en,0,0,0.0004613892258229139,0.05
nlu_0559_10,S0559,unseen,general,"I need some information because I want to set a personal reminder; in the current round of review, the responsible specialist, while considering the current evidence.",reminder; personal; because,3,3,0,,3,,"I need some information because I want to set a personal reminder. In the current round of review, the responsible specialist, while considering the current evidence.",,0.0769230769230769,,1.0,0,0,3,0.0,0.0,0.0,,,en,0,0,0.0004278373163953009,0.05
nlu_0333_10,S0333,unseen,legal,"Further analysis is needed before a final decision is made about the decision surrounding losses; at the current stage, the decision-making group, after the latest information was reviewed. The record specifically references indemnification clause.",indemnification clause; losses,2,1,0,,1,,"Further analysis is needed before a final decision is made about the decision surrounding losses. At the current stage, the decision-making group, after the latest information was reviewed. The record specifically references in Demnification Clause.",,0.1470588235294117,,1.0,0,0,1,0.0,0.0,0.0,,,en,0,0,1.5574156074037947e-07,0.05
nlu_0272_10,S0272,unseen,finance,"Further review is needed before a final decision is made about the decision surrounding enterprise value; during the most recent assessment, the decision-making group, during the present round of discussion. The record specifically references equity valuation.",equity valuation; enterprise,2,2,0,,2,,"Further review is needed before a final decision is made about the decision surrounding enterprise value. During the most recent assessment, the decision-making group during the present round of discussion. The record specifically references equity valuation.",,0.0833333333333333,,1.0,0,0,2,0.0,0.0,0.0,,,en,0,0,0.00017564785694542488,0.05
nlu_0374_09,S0374,unseen,legal,"The professional handling the matter is reviewing the effect of termination right on the overall situation and the associated observed changes; during the latest review, the decision-making group, before the next decision.",termination,1,1,0,,1,,"The professional handling the matter is reviewing the effect of termination right on the overall situation and the associated observed changes. During the latest review, the decision-making group, before the next decision.",,0.0625,,1.0,0,0,1,0.0,0.0,0.0,,,en,0,0,0.0003274819208867607,0.05
nlu_0324_10,S0324,unseen,legal,"Further account is needed before a final decision is made about the decision surrounding unforeseeable event; as part of the current review, the current reviewer, while considering the current evidence. The record specifically references force majeure.",force majeure; unforeseeable,2,1,1,unforeseeable,1,3.0,"Further account is needed before a final decision is made about the decision surrounding unforeseeable event, as part of the current review, the current reviewer, while considering the current evidence. The record specifically references Force Majora.","Further account is needed before a final decision is made about the decision surrounding unforceable event. As part of the current review, the current reviewer, while considering the current evidence. The record specifically references Force Majora.",0.0833333333333333,0.1388888888888889,1.0,0,0,1,0.0,0.0,0.0,,,en,1,1,1.0,0.05
nlu_0239_04,S0239,unseen,finance,"A detailed analysis was requested concerning the implications of credit risk; at the current stage, the reviewing group, before the next decision.",credit risk,1,1,0,,1,,"A detailed analysis was requested concerning the implications of credit risk. At the current stage, the reviewing group before the next decision.",,0.1363636363636363,,1.0,0,0,1,0.0,0.0,0.0,,,en,0,0,0.0007274421362516242,0.05
nlu_0160_02,S0160,unseen,medical,"The team is evaluating azithromycin in the context of infection, with particular attention to the reported issue; after the recent update, the decision-making group, after the latest information was reviewed. The record specifically references azithromycin.",azithromycin; infection,2,1,0,,1,,"The team is evaluating Azath Ramaysen in the context of infection, with particular attention to the reported issue. After the recent update, the decision-making group, after the latest information was reviewed. The record specifically references Azath Ramaysen.",,0.1714285714285714,,1.0,0,0,1,0.0,0.0,0.0,,,en,0,0,4.637591403166386e-06,0.05
nlu_0217_03,S0217,unseen,finance,"The current available evidence requires further response, especially in relation to the relationship between mortgage underwriting and loan-to-value ratio; following the previous discussion, the responsible specialist, during the present round of discussion. The discussion also considers loan-to-value ratio.",mortgage underwriting; loan-to-value,2,2,0,,2,,"The current available evidence requires further response, especially in relation to the relationship between mortgage underwriting and loan-to-value ratio, following the previous discussion, the responsible specialist, during the present round of discussion. The discussion also considers loan-to-value ratio.",,0.0263157894736842,,1.0,0,0,2,0.0,0.0,0.0,,,en,0,0,0.00016896375939306745,0.05
nlu_0204_01,S0204,unseen,finance,"The current findings was reviewed in relation to AML and anti-money laundering, during the ongoing evaluation, the reviewing organization, before the next decision.",laundering; anti-money,2,2,0,,2,,"The current findings was reviewed in relation to AML and anti-money laundering. During the ongoing evaluation, the reviewing organization before the next decision.",,0.1304347826086956,,1.0,0,0,2,0.0,0.0,0.0,,,en,0,0,0.0003337022782364677,0.05
nlu_0090_03,S0090,unseen,medical,"The current available evidence requires further model, especially in relation to the relationship between epilepsy and seizure disorder; at the next decision point, the reviewing group, while considering the current evidence. The discussion also considers seizure disorder.",epilepsy; disorder; seizure,3,3,0,,3,,"The current available evidence requires further model, especially in relation to the relationship between epilepsy and seizure disorder. At the next decision point, the reviewing group, while considering the current evidence. The discussion also considers seizure disorder.",,0.054054054054054,,1.0,0,0,3,0.0,0.0,0.0,,,en,0,0,0.0008600971368204126,0.05
nlu_0274_08,S0274,unseen,finance,"The case involves the reported concern involving equity valuation, and the relevant relevant records is being assessed; during the ongoing evaluation, the technical or professional team, during the present round of discussion. The record specifically references equity valuation.",equity valuation,1,1,0,,1,,"The case involves the reported concern involving equity valuation, and the relevant, relevant records is being assessed during the ongoing evaluation, the technical or professional team during the present round of discussion. The record specifically references equity valuation.",,0.0789473684210526,,1.0,0,0,1,0.0,0.0,0.0,,,en,0,0,2.037721542379664e-05,0.05
nlu_0160_07,S0160,unseen,medical,"The latest exposure focused on the evidence related to infection; after the recent update, the decision-making group, after the latest information was reviewed. The discussion also considers macrolide antibiotic.",antibiotic; infection; macrolide,3,3,0,,3,,"The latest exposure focused on the evidence related to infection. After the recent update, the decision-making group, after the latest information was reviewed. The discussion also considers macrolide antibiotic.",,0.0689655172413793,,1.0,0,0,3,0.0,0.0,0.0,,,en,0,0,0.00085761188319304,0.05
nlu_0566_03,S0566,unseen,general,"Please help me check train status; this is after the latest information became available, the case team, before the matter is finalized.",finalized; before,2,2,0,,2,,"Please help me check train status. This is after the latest information became available, the case team, before the matter is finalized.",,0.0909090909090909,,1.0,0,0,2,0.0,0.0,0.0,,,en,0,0,0.00042673427037626647,0.05
nlu_0274_07,S0274,unseen,finance,"The latest assessment focused on the evidence related to enterprise value; during the ongoing evaluation, the technical or professional team, during the present round of discussion. The discussion also considers discounted cash flow.",discounted; enterprise,2,2,0,,2,,"The latest assessment focused on the evidence related to enterprise value during the ongoing evaluation, the technical or professional team during the present round of discussion. The discussion also considers discounted cash flow.",,0.0606060606060606,,1.0,0,0,2,0.0,0.0,0.0,,,en,0,0,5.809425077926462e-05,0.05
nlu_0433_02,S0433,unseen,legal,"The team is evaluating jurisdiction in the context of venue, with particular attention to the reported issue; at the next decision point, the current reviewer, after the latest information was reviewed. The record specifically references jurisdiction.",jurisdiction,1,1,0,,1,,"The team is evaluating jurisdiction in the context of venue, with particular attention to the reported issue. At the next decision point, the current reviewer, after the latest information was reviewed. The record specifically references jurisdiction.",,0.0555555555555555,,1.0,0,0,1,0.0,0.0,0.0,,,en,0,0,0.00014640200349556155,0.05
nlu_0147_04,S0147,unseen,medical,"A detailed strategy was requested concerning the implications of amoxicillin; in the current round of review, the technical or professional team, after the latest information was reviewed.",amoxicillin,1,1,1,amoxicillin,1,6.0,"A detailed strategy was requested concerning the implications of a Moxacillin. In the current round of review, the technical or professional team after the latest information was reviewed.","A detailed strategy was requested concerning the implications of a Moxacillin. In the current round of review, the technical or professional team after the latest information was reviewed.",0.1481481481481481,0.1481481481481481,1.0,0,0,0,0.0,0.0,0.0,,,en,1,1,0.9999999958639605,0.05
nlu_0081_07,S0081,unseen,medical,"The latest record focused on the evidence related to diffusion restriction; after the recent update, the reviewing organization, before the matter is finalized. The discussion also considers brain MRI.",diffusion,1,1,0,,1,,"The latest record focused on the evidence related to diffusion restriction. After the recent update, the reviewing organization before the matter is finalized. The discussion also considers brain MRI. The latest record is released by the The latest record is released by the The latest record is released by the",,0.8275862068965517,,1.0,0,0,1,0.0,0.0,0.0,,,en,0,0,0.0002134960638898926,0.05
nlu_0595_07,S0595,unseen,general,"I would like to ask for opening hours; the situation is after the recent update, the assigned professional, during the present round of discussion.",opening,1,1,0,,1,,"I would like to ask for opening hours. The situation is after the recent update, the assigned professional during the present round of discussion.",,0.125,,1.0,0,0,1,0.0,0.0,0.0,,,en,0,0,0.0004286346091235118,0.05
nlu_0224_05,S0224,unseen,finance,"The specialist discussed the documented issue involving collateral value during the latest monitoring; at the current stage, the reviewing group, during the present round of discussion. The record specifically references loan-to-value ratio.",loan-to-value ratio; collateral,2,1,0,,1,,"The specialist discussed the documented issue involving collateral value during the latest monitoring at the current stage, the reviewing group during the present round of discussion. The record specifically references loan-to-value ratio.",,0.0625,,1.0,0,0,1,0.0,0.0,0.0,,,en,0,0,0.00024198173160590585,0.05
nlu_0204_04,S0204,unseen,finance,"A detailed record was requested concerning the implications of AML; during the ongoing evaluation, the reviewing organization, before the next decision.",organization; evaluation,2,2,0,,2,,"A detailed record was requested concerning the implications of AML. During the ongoing evaluation, the reviewing organization before the next decision.",,0.1428571428571428,,1.0,0,0,2,0.0,0.0,0.0,,,en,0,0,0.0008914765393747407,0.05
nlu_0465_09,S0465,unseen,technology,"The professional handling the matter is reviewing the effect of HTTP endpoint on the overall situation and the associated observed changes; after the latest information became available, the current reviewer, while considering the current evidence.",endpoint,1,1,0,,1,,"The professional handling the matter is reviewing the effect of HTTP endpoint on the overall situation and the associated observed changes. After the latest information became available, the current reviewer, while considering the current evidence.",,0.0571428571428571,,1.0,0,0,1,0.0,0.0,0.0,,,en,0,0,3.889824447982343e-05,0.05
nlu_0127_03,S0127,unseen,medical,"The current available evidence requires further adjustment, especially in relation to the relationship between neuropathy and peripheral nerve; at the current stage, the case team, after the latest information was reviewed. The discussion also considers peripheral nerve.",neuropathy; peripheral,2,2,0,,2,,"The current available evidence requires further adjustment, especially in relation to the relationship between neuropathy and peripheral nerve. At the current stage, the case team, after the latest information, was reviewed. The discussion also considers peripheral nerve.",,0.081081081081081,,1.0,0,0,2,0.0,0.0,0.0,,,en,0,0,0.0022348465024144264,0.05
nlu_0028_02,S0028,unseen,medical,"The team is evaluating ST-segment elevation in the context of ischemic pattern, with particular attention to the reported issue; as part of the current review, the decision-making group, while considering the current evidence. The record specifically references ST-segment elevation.",elevation; st-segment; ischemic; pattern,4,4,2,st-segment; ischemic,4,6.0,"The team is evaluating SD segment elevation in the context of a schematic pattern, with particular attention to the reported issue. As part of the current review, the decision-making group, while considering the current evidence. The record specifically references SD segment elevation.","The team is evaluating SD segment elevation in the context of a schematic pattern, with particular attention to the reported issue. As part of the current review, the decision-making group, while considering the current evidence. The record specifically references SD segment elevation.",0.2051282051282051,0.2051282051282051,0.5,2,0,0,1.0,1.0,0.0,,,en,1,1,0.999999866491254,0.05
nlu_0204_03,S0204,unseen,finance,"The current available evidence requires further exposure, especially in relation to the relationship between AML and anti-money laundering; during the ongoing evaluation, the reviewing organization, before the next decision. The discussion also considers anti-money laundering.",laundering; anti-money,2,2,0,,2,,"The current available evidence requires further exposure, especially in relation to the relationship between AML and anti-money laundering, during the ongoing evaluation, the reviewing organization, before the next decision. The discussion also considers anti-money laundering.",,0.0285714285714285,,1.0,0,0,2,0.0,0.0,0.0,,,en,0,0,0.0008008644597343739,0.05
nlu_0082_04,S0082,unseen,medical,"A detailed risk was requested concerning the implications of cerebral infarction; during the latest review, the reviewing group, while considering the current evidence.",cerebral infarction,1,1,0,,1,,"A detailed risk was requested concerning the implications of cerebral infarction. During the latest review, the reviewing group, while considering the current evidence.",,0.0869565217391304,,1.0,0,0,1,0.0,0.0,0.0,,,en,0,0,0.00022187980082377545,0.05
nlu_0074_09,S0074,unseen,medical,"The professional handling the matter is reviewing the effect of cerebral infarction on the overall situation and the associated observed changes; in the current round of review, the reviewing group, before the next decision.",infarction; cerebral,2,2,0,,2,,"The professional handling the matter is reviewing the effect of cerebral infarction on the overall situation and the associated observed changes. In the current round of review, the reviewing group before the next decision.",,0.088235294117647,,1.0,0,0,2,0.0,0.0,0.0,,,en,0,0,4.693205393706863e-08,0.05
nlu_0353_02,S0353,unseen,legal,"The team is evaluating liquidated damages in the context of pre-agreed amount, with particular attention to the reported issue; as part of the current review, the reviewing organization, before the next decision. The record specifically references liquidated damages.",liquidated damages; pre-agreed; amount,3,3,0,,3,,"The team is evaluating liquidated damages in the context of pre-agreed amount, with particular attention to the reported issue. As part of the current review, the reviewing organization before the next decision. The record specifically references liquidated damages.",,0.0789473684210526,,1.0,0,0,3,0.0,0.0,0.0,,,en,0,0,0.00011764251964829736,0.05
nlu_0591_07,S0591,unseen,general,"I would like to confirm a meeting; the situation is during the ongoing evaluation, the reviewing group, before the next decision.",evaluation; ongoing,2,2,0,,2,,"I would like to confirm a meeting. The situation is during the ongoing evaluation, the reviewing group, before the next decision.",,0.0952380952380952,,1.0,0,0,2,0.0,0.0,0.0,,,en,0,0,0.0004417228392803578,0.05
nlu_0277_10,S0277,unseen,finance,"Further exposure is needed before a final decision is made about the decision surrounding earnings per share; after the recent update, the relevant team, before the next decision. The record specifically references price-to-earnings ratio.",price-to-earnings ratio; earnings,2,1,0,,1,,"Further exposure is needed before a final decision is made about the decision surrounding earnings per share. After the recent update, the relevant team before the next decision. The record specifically references price-to-earnings ratio.",,0.088235294117647,,1.0,0,0,1,0.0,0.0,0.0,,,en,0,0,1.4122614986812145e-05,0.05
nlu_0323_04,S0323,unseen,legal,"A detailed exposure was requested concerning the implications of force majeure; during the latest review, the decision-making group, after the latest information was reviewed.",force majeure,1,0,0,,0,,"A detailed exposure was requested concerning the implications of force majeura. During the latest review, the decision-making group, after the latest information was reviewed.",,0.0833333333333333,,,0,0,0,0.0,0.0,0.0,,,en,0,0,0.00020061604357082127,0.05
nlu_0147_07,S0147,unseen,medical,"The latest account focused on the evidence related to bacterial infection; in the current round of review, the technical or professional team, after the latest information was reviewed. The discussion also considers antibiotic.",antibiotic; infection; bacterial,3,3,0,,3,,"The latest account focused on the evidence related to bacterial infection. In the current round of review, the technical or professional team after the latest information was reviewed. The discussion also considers antibiotic.",,0.0909090909090909,,1.0,0,0,3,0.0,0.0,0.0,,,en,0,0,0.0007320651729988137,0.05
nlu_0586_01,S0586,unseen,general,"I need help with check train status, following the previous discussion, the reviewing organization, during the present round of discussion.",organization,1,1,0,,1,,"I need help with check-trained status. Following the previous discussion, the reviewing organization during the present round of discussion.",,0.25,,1.0,0,0,1,0.0,0.0,0.0,,,en,0,0,0.0005010151551326648,0.05
nlu_0591_10,S0591,unseen,general,"I need some information because I want to confirm a meeting; during the ongoing evaluation, the reviewing group, before the next decision.",because,1,1,0,,1,,"I need some information because I want to confirm a meeting. During the ongoing evaluation, the reviewing group before the next decision.",,0.1363636363636363,,1.0,0,0,1,0.0,0.0,0.0,,,en,0,0,0.0004612096192129788,0.05
nlu_0176_01,S0176,unseen,medical,"The current findings was reviewed in relation to atorvastatin and statin, after the recent update, the case team, before the matter is finalized.",atorvastatin; statin,2,2,1,atorvastatin,2,6.0,"The current findings was reviewed in relation to AtorVastatin and statin. After the recent update, the case team, before the matter is finalized.","The current findings was reviewed in relation to actor Vastitin and statin. After the recent update, the case team, before the matter is finalized.",0.1304347826086956,0.1739130434782608,0.5,1,0,1,1.0,0.5,0.0,,,en,1,1,1.0,0.05
nlu_0390_05,S0390,unseen,legal,"The specialist discussed the documented issue involving answer during the latest incident; during the ongoing evaluation, the reviewing group, before the matter is finalized. The record specifically references defendant.",defendant; answer,2,2,0,,2,,"The specialist discussed the documented issue involving answer during the latest incident. During the ongoing evaluation, the reviewing group, before the matter is finalized. The record specifically references defendant.",,0.0689655172413793,,1.0,0,0,2,0.0,0.0,0.0,,,en,0,0,1.5088764948376643e-06,0.05
nlu_0033_10,S0033,unseen,medical,"Further analysis is needed before a final decision is made about the decision surrounding myocardial injury; as part of the current review, the relevant team, during the present round of discussion. The record specifically references troponin.",troponin; myocardial; injury,3,3,1,troponin,3,6.0,"Further analysis is needed before a final decision is made about the decision surrounding myocardial injury. As part of the current review, the relevant team during the present round of discussion. The record specifically references troponin.","Further analysis is needed before a final decision is made about the decision surrounding myocardial injury as part of the current review, the relevant team, during the present round of discussion. The record specifically references Troppenin.",0.0833333333333333,0.0555555555555555,0.3333333333333333,2,0,1,1.0,0.6666666666666666,0.0,,,en,1,1,1.0,0.05
nlu_0301_05,S0301,unseen,finance,"The specialist discussed the documented issue involving hedging strategy during the latest risk; at the next decision point, the current reviewer, while considering the current evidence. The record specifically references derivative hedge.",derivative hedge; hedging,2,2,0,,2,,"The specialist discussed the documented issue involving hedging strategy during the latest risk. At the next decision point, the current reviewer, while considering the current evidence. The record specifically references derivative hedge.",,0.0625,,1.0,0,0,2,0.0,0.0,0.0,,,en,0,0,4.4934403930626123e-05,0.05
nlu_0007_01,S0007,unseen,medical,"The current findings was reviewed in relation to myocardial ischemia and ST-segment elevation, after the recent update, the responsible specialist, during the present round of discussion.",st-segment; myocardial; elevation; ischemia,4,4,1,st-segment,4,6.0,"The current findings was reviewed in relation to myocardial ischemia and ST segment elevation. After the recent update, the responsible specialist during the present round of discussion.","The current findings was reviewed in relation to myocardial ischemia and ST segment elevation. After the recent update, the responsible specialist, during the present round of discussion.",0.1923076923076923,0.1538461538461538,0.25,3,0,0,1.0,1.0,0.0,,,en,1,1,0.9999999944550013,0.05
nlu_0272_02,S0272,unseen,finance,"The team is evaluating equity valuation in the context of enterprise value, with particular attention to the reported issue; during the most recent assessment, the decision-making group, during the present round of discussion. The record specifically references equity valuation.",equity valuation; enterprise,2,2,0,,2,,"The team is evaluating equity valuation in the context of enterprise value, with particular attention to the reported issue. During the most recent assessment, the decision-making group during the present round of discussion. The record specifically references equity valuation. The decision-making group is also The decision-making group is also a decision-making group.",,0.4102564102564102,,1.0,0,0,2,0.0,0.0,0.0,,,en,0,0,0.00012055919340175468,0.05
nlu_0297_10,S0297,unseen,finance,"Further exposure is needed before a final decision is made about the decision surrounding fixed income; at the current stage, the assigned professional, while comparing the available options. The record specifically references bond duration.",bond duration; income,2,2,0,,2,,"Further exposure is needed before a final decision is made about the decision surrounding fixed income. At the current stage, the assigned professional, while comparing the available options. The record specifically references bond duration.",,0.0588235294117647,,1.0,0,0,2,0.0,0.0,0.0,,,en,0,0,0.0001298434174888855,0.05
nlu_0406_03,S0406,unseen,legal,"The current available evidence requires further monitoring, especially in relation to the relationship between discovery and document production; at the current stage, the case team, before the next decision. The discussion also considers document production.",discovery; production,2,2,0,,2,,"The current available evidence requires further monitoring, especially in relation to the relationship between discovery and document production. At the current stage, the case team before the next decision. The discussion also considers document production.",,0.0857142857142857,,1.0,0,0,2,0.0,0.0,0.0,,,en,0,0,0.00010224045125009672,0.05
nlu_0218_06,S0218,unseen,finance,"The available evidence was considered before deciding how to address the current status of mortgage underwriting; as part of the current review, the decision-making group, before the matter is finalized.",mortgage underwriting,1,1,0,,1,,"The available evidence was considered before deciding how to address the current status of mortgage underwriting. As part of the current review, the decision-making group, before the matter is finalized.",,0.0666666666666666,,1.0,0,0,1,0.0,0.0,0.0,,,en,0,0,0.0001537786853979304,0.05
nlu_0593_06,S0593,unseen,general,"I am trying to ask about a parcel, and this is in the current round of review, the assigned professional, before the next decision.",trying; parcel,2,2,0,,2,,"I am trying to ask about a parcel, and this is in the current round of review, the assigned professional before the next decision.",,0.0416666666666666,,1.0,0,0,2,0.0,0.0,0.0,,,en,0,0,0.00043569298177392626,0.05
nlu_0045_02,S0045,unseen,medical,"The team is evaluating echocardiography in the context of ejection fraction, with particular attention to the reported issue; during the most recent assessment, the responsible specialist, before the matter is finalized. The record specifically references echocardiography.",echocardiography; fraction; ejection,3,3,0,,3,,"The team is evaluating echocardiography in the context of ejection fraction, with particular attention to the reported issue. During the most recent assessment, the responsible specialist, before the matter, is finalized. The record specifically references echocardiography.",,0.0833333333333333,,1.0,0,0,3,0.0,0.0,0.0,,,en,0,0,0.0012919507549813414,0.05
nlu_0277_09,S0277,unseen,finance,"The professional handling the matter is reviewing the effect of P/E on the overall situation and the associated observed changes; after the recent update, the relevant team, before the next decision.",before; update,2,2,0,,2,,"The professional handling the matter is reviewing the effect of PE on the overall situation and the associated observed changes. After the recent update, the relevant team before the next decision.",,0.1290322580645161,,1.0,0,0,2,0.0,0.0,0.0,,,en,0,0,1.847723436977708e-06,0.05
nlu_0277_02,S0277,unseen,finance,"The team is evaluating price-to-earnings ratio in the context of earnings per share, with particular attention to the reported issue; after the recent update, the relevant team, before the next decision. The record specifically references price-to-earnings ratio.",price-to-earnings ratio; earnings,2,1,0,,1,,"The team is evaluating price-to-earnings ratio in the context of earnings per share, with particular attention to the reported issue. After the recent update, the relevant team before the next decision. The record specifically references price-to-earnings ratio.",,0.081081081081081,,1.0,0,0,1,0.0,0.0,0.0,,,en,0,0,4.05703191300414e-05,0.05
nlu_0128_10,S0128,unseen,medical,"Further authorization is needed before a final decision is made about the decision surrounding sensory deficit; during the most recent assessment, the case team, before the matter is finalized. The record specifically references neuropathy.",neuropathy; deficit; sensory,3,3,0,,3,,"Further authorization is needed before a final decision is made about the decision surrounding sensory deficit. During the most recent assessment, the case team, before the matter, is finalized. The record specifically references neuropathy.",,0.088235294117647,,1.0,0,0,3,0.0,0.0,0.0,,,en,0,0,0.0006471839430251208,0.05
nlu_0095_04,S0095,unseen,medical,"A detailed transfer was requested concerning the implications of epilepsy; during the ongoing evaluation, the reviewing organization, before the matter is finalized.",epilepsy,1,1,0,,1,,"A detailed transfer was requested concerning the implications of epilepsy. During the ongoing evaluation, the reviewing organization, before the matter is finalized.",,0.0909090909090909,,1.0,0,0,1,0.0,0.0,0.0,,,en,0,0,0.0007072688562281818,0.05
nlu_0033_08,S0033,unseen,medical,"The case involves the reported concern involving troponin, and the relevant relevant records is being assessed; as part of the current review, the relevant team, during the present round of discussion. The record specifically references troponin.",troponin,1,1,1,troponin,1,6.0,"The case involves the reported concern involving troponin and the relevant relevant records is being assessed, as part of the current review, the relevant team, during the present round of discussion. The record specifically references troponin.","The case involves the reported concern involving Troppenin and the relevant relevant records is being assessed, as part of the current review, the relevant team, during the present round of discussion. The record specifically references Troppenin.",0.0555555555555555,0.0833333333333333,1.0,0,0,1,0.0,0.0,0.0,,,en,1,1,1.0,0.05
nlu_0095_07,S0095,unseen,medical,"The latest review focused on the evidence related to electroencephalography; during the ongoing evaluation, the reviewing organization, before the matter is finalized. The discussion also considers seizure disorder.",electroencephalography; disorder; seizure,3,3,0,,3,,"The latest review focused on the evidence related to electroencephalography during the ongoing evaluation, the reviewing organization, before the matter is finalized. The discussion also considers seizure disorder.",,0.0357142857142857,,1.0,0,0,3,0.0,0.0,0.0,,,en,0,0,0.00026885672959484893,0.05
nlu_0217_02,S0217,unseen,finance,"The team is evaluating mortgage underwriting in the context of debt-to-income, with particular attention to the reported issue; following the previous discussion, the responsible specialist, during the present round of discussion. The record specifically references mortgage underwriting.",mortgage underwriting; debt-to-income,2,2,1,debt-to-income,2,6.0,"The team is evaluating mortgage underwriting in the context of debt to income, with particular attention to the reported issue, following the previous discussion, the responsible specialist, during the present round of discussion. The record specifically references mortgage underwriting.","The team is evaluating mortgage underwriting in the context of debt to income, with particular attention to the reported issue, following the previous discussion, the responsible specialist, during the present round of discussion. The record specifically references mortgage underwriting.",0.1081081081081081,0.1081081081081081,0.3333333333333333,1,0,0,1.0,1.0,0.0,,,en,1,1,0.9999999995105133,0.05
nlu_0593_07,S0593,unseen,general,"I would like to ask about a parcel; the situation is in the current round of review, the assigned professional, before the next decision.",parcel,1,1,0,,1,,I would like to ask about a parcel. The situation is in the current round of review the assigned professional before the next decision.,,0.1666666666666666,,1.0,0,0,1,0.0,0.0,0.0,,,en,0,0,0.00043423673613240266,0.05
nlu_0234_03,S0234,unseen,finance,"The current available evidence requires further validation, especially in relation to the relationship between non-performing asset and loan delinquency; following the previous discussion, the relevant team, before the next decision. The discussion also considers loan delinquency.",non-performing asset; delinquency,2,1,0,,1,,"The current available evidence requires further validation, especially in relation to the relationship between non-performing asset and loan delinquency, following the previous discussion, the relevant team, before the next decision. The discussion also considers loan delinquency.",,0.0277777777777777,,1.0,0,0,1,0.0,0.0,0.0,,,en,0,0,9.246029143785095e-05,0.05
nlu_0272_08,S0272,unseen,finance,"The case involves the reported concern involving equity valuation, and the relevant relevant records is being assessed; during the most recent assessment, the decision-making group, during the present round of discussion. The record specifically references equity valuation.",equity valuation,1,1,0,,1,,"The case involves the reported concern involving equity valuation, and the relevant relevant records is being assessed. During the most recent assessment, the decision-making group, during the present round of discussion. The record specifically references equity valuation.",,0.054054054054054,,1.0,0,0,1,0.0,0.0,0.0,,,en,0,0,0.00022680284170699145,0.05
nlu_0096_02,S0096,unseen,medical,"The team is evaluating epilepsy in the context of electroencephalography, with particular attention to the reported issue; during the ongoing evaluation, the decision-making group, during the present round of discussion. The record specifically references epilepsy.",electroencephalography; epilepsy,2,2,1,electroencephalography,2,3.0,"The team is evaluating epilepsy in the context of electroencephalography, with particular attention to the reported issue. During the ongoing evaluation, the decision-making group, during the present round of discussion. The record specifically references epilepsy.","The team is evaluating epilepsy in the context of a lecture in cephalography with particular attention to the reported issue. During the ongoing evaluation, the decision-making group, during the present round of discussion. The record specifically references epilepsy.",0.0571428571428571,0.1714285714285714,0.5,1,0,1,1.0,0.5,0.0,,,en,1,1,0.999999999955069,0.05
nlu_0559_04,S0559,unseen,general,"I wanted to ask about set a personal reminder, particularly in the current round of review, the responsible specialist, while considering the current evidence.",particularly; reminder; personal; wanted,4,4,0,,4,,"I wanted to ask about set a personal reminder, particularly in the current round of review, the responsible specialist, while considering the current evidence.",,0.0,,1.0,0,0,4,0.0,0.0,0.0,,,en,0,0,0.00043629384020585203,0.05
nlu_0176_10,S0176,unseen,medical,"Further risk is needed before a final decision is made about the decision surrounding LDL cholesterol; after the recent update, the case team, before the matter is finalized. The record specifically references atorvastatin.",atorvastatin; cholesterol,2,2,1,atorvastatin,2,6.0,"Further risk is needed before a final decision is made about the decision surrounding LDL cholesterol. After the recent update, the case team, before the matter, is finalized. The record specifically references atorvastatin.","Further risk is needed before a final decision is made about the decision surrounding LDL cholesterol. After the recent update, the case team, before the matter, is finalized. The record specifically references at Rvastitin.",0.0909090909090909,0.1515151515151515,0.5,1,0,1,1.0,0.5,0.0,,,en,1,1,1.0,0.05
nlu_0371_02,S0371,unseen,legal,"The team is evaluating termination provision in the context of notice period, with particular attention to the reported issue; in the current round of review, the person handling the matter, before the next decision. The record specifically references termination provision.",termination provision; period; notice,3,3,0,,3,,"The team is evaluating termination provision in the context of notice period, with particular attention to the reported issue. In the current round of review, the person handling the matter before the next decision. The record specifically references termination provision.",,0.075,,1.0,0,0,3,0.0,0.0,0.0,,,en,0,0,0.00027632346555415564,0.05
nlu_0221_04,S0221,unseen,finance,"A detailed report was requested concerning the implications of loan-to-value ratio; during the most recent assessment, the person handling the matter, while considering the current evidence.",loan-to-value ratio,1,0,0,,0,,"A detailed report was requested concerning the implications of loan-to-value ratio. During the most recent assessment, the person handling the matter while considering the current evidence.",,0.1153846153846153,,,0,0,0,0.0,0.0,0.0,,,en,0,0,7.113630583096071e-05,0.05
nlu_0272_04,S0272,unseen,finance,"A detailed resolution was requested concerning the implications of equity valuation; during the most recent assessment, the decision-making group, during the present round of discussion.",equity valuation,1,1,1,equity valuation,1,3.0,"A detailed resolution was requested concerning the implications of equity valuation. During the most recent assessment, the decision-making group, during the present round of discussion","A detailed resolution was requested concerning the implications of equity evaluation. During the most recent assessment, the decision-making group, during the present round of discussion",0.12,0.12,0.5,0,0,1,0.0,0.0,0.0,,,en,1,1,1.0,0.05
nlu_0595_03,S0595,unseen,general,"Please help me ask for opening hours; this is after the recent update, the assigned professional, during the present round of discussion.",opening,1,1,0,,1,,"Please help me ask for opening hours. This is after the recent update, the assigned professional, during the present round of discussion.",,0.0909090909090909,,1.0,0,0,1,0.0,0.0,0.0,,,en,0,0,0.0004380322555241792,0.05
nlu_0271_09,S0271,unseen,finance,"The professional handling the matter is reviewing the effect of discounted cash flow on the overall situation and the associated observed changes; at the next decision point, the reviewing organization, while considering the current evidence.",discounted,1,1,0,,1,,"The professional handling the matter is reviewing the effect of discounted cash flow on the overall situation and the associated observed changes. At the next decision point, the reviewing organization while considering the current evidence.",,0.0857142857142857,,1.0,0,0,1,0.0,0.0,0.0,,,en,0,0,7.158397742903687e-05,0.05
nlu_0380_08,S0380,unseen,legal,"The case involves the reported concern involving plaintiff, and the relevant relevant records is being assessed; as part of the current review, the relevant team, while comparing the available options. The record specifically references plaintiff.",plaintiff,1,1,0,,1,,"The case involves the reported concern involving plaintiff, and the relevant relevant records is being assessed as part of the current review, the relevant team, while comparing the available options. The records specifically references plaintiff.",,0.0571428571428571,,1.0,0,0,1,0.0,0.0,0.0,,,en,0,0,1.0983533685249168e-05,0.05
nlu_0345_10,S0345,unseen,legal,"Further incident is needed before a final decision is made about the decision surrounding contract interpretation; after the latest information became available, the decision-making group, before the matter is finalized. The record specifically references governing law.",governing; interpretation; contract,3,3,0,,3,,"Further incident is needed before a final decision is made about the decision surrounding contract interpretation. After the latest information became available, the decision-making group, before the matter is finalized. The record specifically references governing law.",,0.0555555555555555,,1.0,0,0,3,0.0,0.0,0.0,,,en,0,0,3.569847538108326e-05,0.05
nlu_0388_07,S0388,unseen,legal,"The latest incident focused on the evidence related to claim; during the most recent assessment, the case team, before the next decision. The discussion also considers answer.",answer,1,1,0,,1,,"The latest incident focused on the evidence related to claim during the most recent assessment, the case team, before the next decision. The discussion also considers answer.",,0.037037037037037,,1.0,0,0,1,0.0,0.0,0.0,,,en,0,0,9.30468671088422e-06,0.05
nlu_0274_01,S0274,unseen,finance,"The current findings was reviewed in relation to equity valuation and discounted cash flow, during the ongoing evaluation, the technical or professional team, during the present round of discussion.",equity valuation; discounted,2,2,0,,2,,"The current findings was reviewed in relation to equity valuation and discounted cash flow. During the ongoing evaluation, the technical or professional team during the present round of discussion.",,0.1034482758620689,,1.0,0,0,2,0.0,0.0,0.0,,,en,0,0,2.670166356532899e-05,0.05
nlu_0164_10,S0164,unseen,medical,"Further account is needed before a final decision is made about the decision surrounding INR; following the previous discussion, the decision-making group, before the matter is finalized. The record specifically references warfarin.",warfarin,1,1,0,,1,,"Further account is needed before a final decision is made about the decision surrounding INR. Following the previous discussion, the decision-making group, before the matter is finalized. The record specifically references Warfarin.",,0.09375,,1.0,0,0,1,0.0,0.0,0.0,,,en,0,0,2.1197745641348755e-05,0.05
nlu_0597_03,S0597,unseen,general,"Please help me request contact information; this is during the most recent assessment, the responsible specialist, during the present round of discussion.",contact,1,1,0,,1,,"Please help me request contact information. This is during the most recent assessment, the responsible specialist, during the present round of discussion.",,0.0909090909090909,,1.0,0,0,1,0.0,0.0,0.0,,,en,0,0,0.0004452662169831513,0.05
nlu_0235_10,S0235,unseen,finance,"Further report is needed before a final decision is made about the decision surrounding default; after the recent update, the assigned professional, while comparing the available options. The record specifically references non-performing asset.",non-performing asset; default,2,1,0,,1,,"Further report is needed before a final decision is made about the decision surrounding default. After the recent update, the assigned professional, while comparing the available options. The record specifically references non-performing asset.",,0.0606060606060606,,1.0,0,0,1,0.0,0.0,0.0,,,en,0,0,3.756216809866082e-06,0.05
nlu_0082_05,S0082,unseen,medical,"The specialist discussed the documented issue involving brain MRI during the latest exposure; during the latest review, the reviewing group, while considering the current evidence. The record specifically references cerebral infarction.",cerebral infarction,1,1,1,cerebral infarction,1,0.0,"The specialist discussed the documented issue involving brain MRI during the latest exposure, during the latest review, the reviewing group, while considering the current evidence. The record specifically references cerebral infarction.","The specialist discussed the documented issue involving brain MRI during the latest exposure, during the latest review, the reviewing group, while considering the current evidence. The record specifically references to re-roll infarction.",0.032258064516129,0.0967741935483871,0.5,0,0,1,0.0,0.0,0.0,,,en,1,1,1.0,0.05
nlu_0575_10,S0575,unseen,general,"I need some information because I want to ask for opening hours; after the recent update, the technical or professional team, while comparing the available options.",opening; because,2,2,0,,2,,"I need some information because I want to ask for opening hours. After the recent update, the technical or professional team, while comparing the available options.",,0.0769230769230769,,1.0,0,0,2,0.0,0.0,0.0,,,en,0,0,0.0004496945618248414,0.05
nlu_0333_06,S0333,unseen,legal,"The available evidence was considered before deciding how to address the current status of indemnification clause; at the current stage, the decision-making group, after the latest information was reviewed.",indemnification clause,1,1,1,indemnification clause,1,0.0,"The available evidence was considered before deciding how to address the current status of indemnification clause. At the current stage, the decision-making group, after the latest information was reviewed.","The available evidence was considered before deciding how to address the current status of indemnification files. At the current stage, the decision-making group, after the latest information was reviewed.",0.0689655172413793,0.0689655172413793,0.5,0,0,1,0.0,0.0,0.0,,,en,1,1,0.9999999999473332,0.05
nlu_0411_07,S0411,unseen,legal,"The latest authorization focused on the evidence related to failure to state a claim; at the current stage, the relevant team, during the present round of discussion. The discussion also considers complaint.",complaint; failure,2,2,0,,2,,"The latest authorization focused on the evidence related to failure to state a claim, at the current stage, the relevant team during the present round of discussion. The discussion also considers complaint.",,0.0625,,1.0,0,0,2,0.0,0.0,0.0,,,en,0,0,3.563455670247027e-07,0.05
nlu_0594_06,S0594,unseen,general,"I am trying to change a calendar event, and this is at the current stage, the technical or professional team, after the latest information was reviewed.",calendar; trying; change,3,3,0,,3,,"I am trying to change a calendar event, and this is at the current stage, the technical or professional team, after the latest information was reviewed.",,0.0,,1.0,0,0,3,0.0,0.0,0.0,,,en,0,0,0.0004292718994765327,0.05
nlu_0323_09,S0323,unseen,legal,"The professional handling the matter is reviewing the effect of contract performance on the overall situation and the associated observed changes; during the latest review, the decision-making group, after the latest information was reviewed.",performance; contract,2,2,0,,2,,"The professional handling the matter is reviewing the effect of contract performance on the overall situation and the associated observed changes. During the latest review, the decision-making group, after the latest information was reviewed.",,0.0588235294117647,,1.0,0,0,2,0.0,0.0,0.0,,,en,0,0,7.228016864884249e-06,0.05
nlu_0225_04,S0225,unseen,finance,"A detailed monitoring was requested concerning the implications of loan-to-value ratio; after the recent update, the assigned professional, while considering the current evidence.",loan-to-value ratio,1,0,0,,0,,"A detailed monitoring was requested concerning the implications of loan-to-value ratio. After the recent update, the assigned professional, while considering the current evidence.",,0.0869565217391304,,,0,0,0,0.0,0.0,0.0,,,en,0,0,2.1431923038749206e-05,0.05
nlu_0234_07,S0234,unseen,finance,"The latest assessment focused on the evidence related to default; following the previous discussion, the relevant team, before the next decision. The discussion also considers loan delinquency.",delinquency; default,2,2,0,,2,,"The latest assessment focused on the evidence related to default, following the previous discussion, the relevant team, before the next decision. The discussion also considers loan delinquency.",,0.037037037037037,,1.0,0,0,2,0.0,0.0,0.0,,,en,0,0,2.0377704483110253e-05,0.05
nlu_0096_01,S0096,unseen,medical,"The current findings was reviewed in relation to epilepsy and seizure disorder, during the ongoing evaluation, the decision-making group, during the present round of discussion.",epilepsy; disorder; seizure,3,3,0,,3,,"The current findings was reviewed in relation to epilepsy and seizure disorder. During the ongoing evaluation, the decision-making group during the present round of discussion.",,0.12,,1.0,0,0,3,0.0,0.0,0.0,,,en,0,0,0.0005911451968517725,0.05
nlu_0221_05,S0221,unseen,finance,"The specialist discussed the documented issue involving collateral value during the latest risk; during the most recent assessment, the person handling the matter, while considering the current evidence. The record specifically references loan-to-value ratio.",loan-to-value ratio; collateral,2,1,0,,1,,"The specialist discussed the documented issue involving collateral value during the latest risk. During the most recent assessment, the person handling the matter while considering the current evidence. The record specifically references loan-to-value ratio.",,0.088235294117647,,1.0,0,0,1,0.0,0.0,0.0,,,en,0,0,0.00020078275774943938,0.05
nlu_0204_06,S0204,unseen,finance,"The available evidence was considered before deciding how to address the current status of AML; during the ongoing evaluation, the reviewing organization, before the next decision.",organization; evaluation,2,2,0,,2,,"The available evidence was considered before deciding how to address the current status of AML. During the ongoing evaluation, the reviewing organization before the next decision.",,0.1153846153846153,,1.0,0,0,2,0.0,0.0,0.0,,,en,0,0,0.000620883273112509,0.05
nlu_0272_03,S0272,unseen,finance,"The current available evidence requires further incident, especially in relation to the relationship between equity valuation and discounted cash flow; during the most recent assessment, the decision-making group, during the present round of discussion. The discussion also considers discounted cash flow.",equity valuation; discounted,2,2,0,,2,,"The current available evidence requires further incident, especially in relation to the relationship between equity valuation and discounted cash flow. During the most recent assessment, the decision-making group, during the present round of discussion. The discussion also considers discounted cash flow.",,0.048780487804878,,1.0,0,0,2,0.0,0.0,0.0,,,en,0,0,5.157426616793345e-05,0.05
nlu_0100_03,S0100,unseen,medical,"The current available evidence requires further analysis, especially in relation to the relationship between seizure disorder and seizure activity; at the next decision point, the reviewing group, before the next decision. The discussion also considers seizure activity.",seizure disorder; activity,2,2,0,,2,,"The current available evidence requires further analysis, especially in relation to the relationship between seizure disorder and seizure activity. At the next decision point, the reviewing group before the next decision. The discussion also considers seizure activity.",,0.081081081081081,,1.0,0,0,2,0.0,0.0,0.0,,,en,0,0,0.0002561400962408922,0.05
nlu_0235_04,S0235,unseen,finance,"A detailed transfer was requested concerning the implications of non-performing asset; after the recent update, the assigned professional, while comparing the available options.",non-performing asset,1,0,0,,0,,"A detailed transfer was requested concerning the implications of non-performing asset. After the recent update, the assigned professional, while comparing the available options,",,0.1304347826086956,,,0,0,0,0.0,0.0,0.0,,,en,0,0,1.4082094584160879e-07,0.05
nlu_0297_06,S0297,unseen,finance,"The available evidence was considered before deciding how to address the current status of bond duration; at the current stage, the assigned professional, while comparing the available options.",bond duration,1,1,0,,1,,"The available evidence was considered before deciding how to address the current status of bond duration. At the current stage, the assigned professional, while comparing the available options.",,0.0714285714285714,,1.0,0,0,1,0.0,0.0,0.0,,,en,0,0,8.407972968111136e-05,0.05
nlu_0368_08,S0368,unseen,legal,"The case involves the reported concern involving representations and warranties, and the relevant relevant records is being assessed; during the latest review, the reviewing group, during the present round of discussion. The record specifically references representations and warranties.",representations warranties,1,0,0,,0,,"The case involves the reported concern involving representations and warranties, and the relevant relevant records is being assessed during the latest review, the reviewing group during the present round of discussion. The records specifically references representations and warranties.",,0.0789473684210526,,,0,0,0,0.0,0.0,0.0,,,en,0,0,6.561344242469604e-05,0.05
nlu_0595_06,S0595,unseen,general,"I am trying to ask for opening hours, and this is after the recent update, the assigned professional, during the present round of discussion.",opening; trying,2,2,0,,2,,"I am trying to ask for opening hours, and this is after the recent update, the assigned professional during the present round of discussion.",,0.0416666666666666,,1.0,0,0,2,0.0,0.0,0.0,,,en,0,0,0.00043900344697671095,0.05
nlu_0033_01,S0033,unseen,medical,"The current findings was reviewed in relation to troponin and cardiac biomarker, as part of the current review, the relevant team, during the present round of discussion.",troponin; biomarker; cardiac,3,3,1,troponin,3,6.0,"The current findings was reviewed in relation to Troponin and Cardiac Biomarker. As part of the current review, the relevant team during the present round of discussion.","The current findings was reviewed in relation to Troppenin and Cardiac Biomarker. As part of the current review, the relevant team during the present round of discussion.",0.1851851851851851,0.1851851851851851,0.3333333333333333,2,0,1,1.0,0.6666666666666666,0.0,,,en,1,1,1.0,0.05
nlu_0168_04,S0168,unseen,medical,"A detailed screening was requested concerning the implications of heparin; at the next decision point, the responsible specialist, after the latest information was reviewed.",heparin,1,1,0,,1,,"A detailed screening was requested concerning the implications of heparin. At the next decision point, the responsible specialist, after the latest information was reviewed.",,0.0833333333333333,,1.0,0,0,1,0.0,0.0,0.0,,,en,0,0,0.0001831531654542266,0.05
nlu_0204_10,S0204,unseen,finance,"Further account is needed before a final decision is made about the decision surrounding transaction monitoring; during the ongoing evaluation, the reviewing organization, before the next decision. The record specifically references AML.",organization; evaluation,2,2,0,,2,,"Further account is needed before a final decision is made about the decision surrounding transaction monitoring. During the ongoing evaluation, the reviewing organization before the next decision. The record specifically references AML.",,0.09375,,1.0,0,0,2,0.0,0.0,0.0,,,en,0,0,0.00013295347901127826,0.05
nlu_0115_02,S0115,unseen,medical,"The team is evaluating multiple sclerosis in the context of brain MRI, with particular attention to the reported issue; after the recent update, the assigned professional, after the latest information was reviewed. The record specifically references multiple sclerosis.",multiple sclerosis,1,1,0,,1,,"The team is evaluating multiple sclerosis in the context of brain MRI with particular attention to the reported issue. After the recent update, the assigned professional, after the latest information was reviewed. The record specifically references multiple sclerosis.",,0.0789473684210526,,1.0,0,0,1,0.0,0.0,0.0,,,en,0,0,0.003509456411818756,0.05
nlu_0277_03,S0277,unseen,finance,"The current available evidence requires further response, especially in relation to the relationship between price-to-earnings ratio and P/E; after the recent update, the relevant team, before the next decision. The discussion also considers P/E.",price-to-earnings ratio,1,0,0,,0,,"The current available evidence requires further response, especially in relation to the relationship between Price Dornings Ratio and PE. After the recent update, the relevant team before the next decision. The discussion also considers PE.",,0.2058823529411764,,,0,0,0,0.0,0.0,0.0,,,en,0,0,1.1122024799268923e-07,0.05
nlu_0047_08,S0047,unseen,medical,"The case involves the reported concern involving echocardiography, and the relevant relevant records is being assessed; after the recent update, the reviewing group, before the next decision. The record specifically references echocardiography.",echocardiography,1,1,0,,1,,"The case involves the reported concern involving echocardiography, and the relevant relevant records is being assessed after the recent update, the reviewing group, before the next decision. The record specifically references echocardiography.",,0.03125,,1.0,0,0,1,0.0,0.0,0.0,,,en,0,0,0.0006069357900183863,0.05
nlu_0433_05,S0433,unseen,legal,"The specialist discussed the documented issue involving court authority during the latest authorization; at the next decision point, the current reviewer, after the latest information was reviewed. The record specifically references jurisdiction.",jurisdiction; authority,2,2,0,,2,,"The specialist discussed the documented issue involving court authority during the latest authorization. At the next decision point, the current reviewer, after the latest information was reviewed. The record specifically references jurisdiction.",,0.0625,,1.0,0,0,2,0.0,0.0,0.0,,,en,0,0,5.840398421589782e-05,0.05
nlu_0374_06,S0374,unseen,legal,"The available evidence was considered before deciding how to address the current status of termination provision; during the latest review, the decision-making group, before the next decision.",termination provision,1,1,0,,1,,"The available evidence was considered before deciding how to address the current status of termination provision. During the latest review, the decision-making group, before the next decision.",,0.074074074074074,,1.0,0,0,1,0.0,0.0,0.0,,,en,0,0,0.0003413803334434952,0.05
nlu_0271_10,S0271,unseen,finance,"Further assessment is needed before a final decision is made about the decision surrounding enterprise value; at the next decision point, the reviewing organization, while considering the current evidence. The record specifically references equity valuation.",equity valuation; enterprise,2,2,0,,2,,"Further assessment is needed before a final decision is made about the decision surrounding enterprise value. At the next decision point, the reviewing organization while considering the current evidence. The record specifically references equity valuation.",,0.0857142857142857,,1.0,0,0,2,0.0,0.0,0.0,,,en,0,0,5.621367640902927e-05,0.05
nlu_0345_09,S0345,unseen,legal,"The professional handling the matter is reviewing the effect of jurisdiction on the overall situation and the associated observed changes; after the latest information became available, the decision-making group, before the matter is finalized.",jurisdiction,1,1,0,,1,,"The professional handling the matter is reviewing the effect of jurisdiction on the overall situation and the associated observed changes. After the latest information became available, the decision-making group, before the matter is finalized.",,0.0588235294117647,,1.0,0,0,1,0.0,0.0,0.0,,,en,0,0,8.185869637356011e-07,0.05
nlu_0559_01,S0559,unseen,general,"I need help with set a personal reminder, in the current round of review, the responsible specialist, while considering the current evidence.",reminder; personal,2,2,0,,2,,"I need help with set a personal reminder in the current round of review, the responsible specialist, while considering the current evidence.",,0.0454545454545454,,1.0,0,0,2,0.0,0.0,0.0,,,en,0,0,0.0004315119058672324,0.05
nlu_0274_10,S0274,unseen,finance,"Further case is needed before a final decision is made about the decision surrounding enterprise value; during the ongoing evaluation, the technical or professional team, during the present round of discussion. The record specifically references equity valuation.",equity valuation; enterprise,2,1,0,,1,,"Further case is needed before a final decision is made about the decision surrounding enterprise value. During the ongoing evaluation, the technical or professional team during the present round of discussion. The record specifically references equity evaluation.",,0.1081081081081081,,1.0,0,0,1,0.0,0.0,0.0,,,en,0,0,7.348259800445068e-07,0.05
nlu_0559_08,S0559,unseen,general,"Is it possible to set a personal reminder, considering in the current round of review, the responsible specialist, while considering the current evidence?",reminder; possible; personal,3,3,0,,3,,Is it possible to set a personal reminder considering in the current round of review the responsible specialist while considering the current evidence?,,0.1304347826086956,,1.0,0,0,3,0.0,0.0,0.0,,,en,0,0,0.0004510932506638368,0.05
nlu_0007_07,S0007,unseen,medical,"The latest account focused on the evidence related to coronary occlusion; after the recent update, the responsible specialist, during the present round of discussion. The discussion also considers ST-segment elevation.",st-segment; elevation; occlusion; coronary,4,4,1,st-segment,4,6.0,"The latest account focused on the evidence related to coronary occlusion after the recent update, the responsible specialist, during the present round of discussion. The discussion also considers a ST segment elevation.","The latest account focused on the evidence related to coronary occlusion after the recent update, the responsible specialist, during the present round of discussion. The discussion also considers a ST segment elevation.",0.1333333333333333,0.1333333333333333,0.25,3,0,0,1.0,1.0,0.0,,,en,1,1,0.9999999997731976,0.05
nlu_0031_03,S0031,unseen,medical,"The current available evidence requires further account, especially in relation to the relationship between ST-segment elevation and electrocardiographic changes; as part of the current review, the reviewing group, during the present round of discussion. The discussion also considers electrocardiographic changes.",electrocardiographic; elevation; st-segment,3,3,1,st-segment,3,6.0,"The current available evidence requires further account, especially in relation to the relationship between SD segment elevation and electrocardiographic changes. As part of the current review, the reviewing group during the present round of discussion. The discussion also considers electrocardiographic changes.","The current available evidence requires further account, especially in relation to the relationship between SD segment elevation and electrocardiographic changes. As part of the current review, the reviewing group during the present round of discussion. The discussion also considers electrocardiographic changes.",0.125,0.125,0.3333333333333333,2,0,0,1.0,1.0,0.0,,,en,1,1,0.9999999767368467,0.05
nlu_0277_07,S0277,unseen,finance,"The latest case focused on the evidence related to earnings per share; after the recent update, the relevant team, before the next decision. The discussion also considers P/E.",earnings,1,1,0,,1,,"The latest case focused on the evidence related to earnings per share. After the recent update, the relevant team before the next decision. The discussion also considers P.E.",,0.1428571428571428,,1.0,0,0,1,0.0,0.0,0.0,,,en,0,0,2.5687801560984484e-05,0.05
nlu_0128_07,S0128,unseen,medical,"The latest incident focused on the evidence related to sensory deficit; during the most recent assessment, the case team, before the matter is finalized. The discussion also considers peripheral nerve.",peripheral; deficit; sensory,3,3,0,,3,,"The latest incident focused on the evidence related to sensory deficit. During the most recent assessment, the case team, before the matter, is finalized. The discussion also considers peripheral nerve.",,0.1,,1.0,0,0,3,0.0,0.0,0.0,,,en,0,0,0.003136283324830924,0.05
nlu_0229_07,S0229,unseen,finance,"The latest resolution focused on the evidence related to default; after the latest information became available, the relevant team, during the present round of discussion. The discussion also considers loan delinquency.",delinquency; default,2,2,0,,2,,"The latest resolution focused on the evidence related to default. After the latest information became available, the relevant team during the present round of discussion. The discussion also considers loan delinquency.",,0.0967741935483871,,1.0,0,0,2,0.0,0.0,0.0,,,en,0,0,2.5977812092483387e-05,0.05
nlu_0176_04,S0176,unseen,medical,"A detailed response was requested concerning the implications of atorvastatin; after the recent update, the case team, before the matter is finalized.",atorvastatin,1,1,1,atorvastatin,1,6.0,"A detailed response was requested concerning the implications of Ador Vastitin. After the recent update, the case team, before the matter, is finalized.","A detailed response was requested concerning the implications of Ador Vastitin. After the recent update, the case team, before the matter, is finalized.",0.1818181818181818,0.1818181818181818,1.0,0,0,0,0.0,0.0,0.0,,,en,1,1,0.999999950167487,0.05
nlu_0197_09,S0197,unseen,finance,"The professional handling the matter is reviewing the effect of anti-money laundering on the overall situation and the associated observed changes; at the next decision point, the reviewing group, before the matter is finalized.",laundering; anti-money,2,2,0,,2,,"The professional handling the matter is reviewing the effect of anti-money, laundering on the overall situation, and the associated observed changes. At the next decision point, the reviewing group, before the matter is finalized.",,0.1176470588235294,,1.0,0,0,2,0.0,0.0,0.0,,,en,0,0,0.00021901436698891207,0.05
nlu_0572_02,S0572,unseen,general,"Could you help me with plan a trip? This is in the current round of review, the decision-making group, before the next decision.",before,1,1,0,,1,,"Could you help me with plan a trip? This is in the current round of review, the decision-making group, before the next decision.",,0.0,,1.0,0,0,1,0.0,0.0,0.0,,,en,0,0,0.00041880406949639166,0.05
nlu_0470_10,S0470,unseen,technology,"Further response is needed before a final decision is made about the decision surrounding request; as part of the current review, the person handling the matter, while comparing the available options. The record specifically references REST API.",rest,1,1,0,,1,,"Further response is needed before a final decision is made about the decision surrounding request. As part of the current review, the person handling the matter while comparing the available options. The records specifically references REST API.",,0.1081081081081081,,1.0,0,0,1,0.0,0.0,0.0,,,en,0,0,5.020784710387829e-05,0.05
nlu_0197_10,S0197,unseen,finance,"Further exposure is needed before a final decision is made about the decision surrounding transaction monitoring; at the next decision point, the reviewing group, before the matter is finalized. The record specifically references AML.",monitoring; finalized,2,2,0,,2,,"Further exposure is needed before a final decision is made about the decision surrounding transaction monitoring. At the next decision point, the reviewing group, before the matter is finalized. The record specifically references AML.",,0.0588235294117647,,1.0,0,0,2,0.0,0.0,0.0,,,en,0,0,0.0006340529047263238,0.05
nlu_0068_02,S0068,unseen,medical,"The team is evaluating Parkinson disease in the context of resting tremor, with particular attention to the reported issue; after the latest information became available, the assigned professional, before the next decision. The record specifically references Parkinson disease.",parkinson disease; resting; tremor,3,2,1,tremor,2,0.0,"The team is evaluating Parkinson's disease in the context of resting tremor, with particular attention to the reported issue. After the latest information became available, the assigned professional before the next decision. The record specifically references Parkinson's disease.","The team is evaluating Parkinson's disease in the context of resting cremer, with particular attention to the reported issue. After the latest information became available, the assigned professional before the next decision. The record specifically references Parkinson's disease.",0.131578947368421,0.1578947368421052,0.5,1,0,1,1.0,0.5,0.0,,,en,1,1,0.9999999998067091,0.05
nlu_0090_10,S0090,unseen,medical,"Further response is needed before a final decision is made about the decision surrounding electroencephalography; at the next decision point, the reviewing group, while considering the current evidence. The record specifically references epilepsy.",electroencephalography; epilepsy,2,2,0,,2,,"Further response is needed before a final decision is made about the decision surrounding electroencephalography. At the next decision point, the reviewing group, while considering the current evidence. The record specifically references epilepsy.",,0.0606060606060606,,1.0,0,0,2,0.0,0.0,0.0,,,en,0,0,0.0004953671270128759,0.05
nlu_0512_06,S0512,unseen,general,"I am trying to plan a trip, and this is in the current round of review, the reviewing organization, before the next decision.",trying,1,1,0,,1,,"I am trying to plan a trip, and this is in the current round of review, the reviewing organization before the next decision.",,0.0434782608695652,,1.0,0,0,1,0.0,0.0,0.0,,,en,0,0,0.0004367675373036533,0.05
nlu_0591_09,S0591,unseen,general,"Could you check this for me regarding confirm a meeting, during the ongoing evaluation, the reviewing group, before the next decision?",regarding,1,1,0,,1,,"Could you check this for me regarding confirm a meeting? During the ongoing evaluation, the reviewing group before the next decision.",,0.1904761904761904,,1.0,0,0,1,0.0,0.0,0.0,,,en,0,0,0.0004696882593110471,0.05
nlu_0282_05,S0282,unseen,finance,"The specialist discussed the documented issue involving P/E during the latest exposure; at the next decision point, the reviewing group, during the present round of discussion. The record specifically references price-to-earnings ratio.",price-to-earnings ratio,1,0,0,,0,,"The specialist discussed the documented issue involving P.E. during the latest exposure. At the next decision point, the reviewing group during the present round of discussion. The record specifically references Price-To-earnings ratio.",,0.15625,,,0,0,0,0.0,0.0,0.0,,,en,0,0,8.03124815447773e-05,0.05
nlu_0217_06,S0217,unseen,finance,"The available evidence was considered before deciding how to address the current status of mortgage underwriting; following the previous discussion, the responsible specialist, during the present round of discussion.",mortgage underwriting,1,1,0,,1,,"The available evidence was considered before deciding how to address the current status of mortgage underwriting. Following the previous discussion, the responsible specialist during the present round of discussion",,0.1379310344827586,,1.0,0,0,1,0.0,0.0,0.0,,,en,0,0,0.00012582126941091833,0.05
nlu_0068_04,S0068,unseen,medical,"A detailed screening was requested concerning the implications of Parkinson disease; after the latest information became available, the assigned professional, before the next decision.",parkinson disease,1,0,0,,0,,"A detailed screening was requested concerning the implications of Parkinson's disease. After the latest information became available, the assigned professional before the next decision.",,0.1666666666666666,,,0,0,0,0.0,0.0,0.0,,,en,0,0,6.288511812161819e-05,0.05
nlu_0072_07,S0072,unseen,medical,"The latest transfer focused on the evidence related to resting tremor; in the current round of review, the case team, before the next decision. The discussion also considers bradykinesia.",bradykinesia; resting; tremor,3,3,1,bradykinesia,3,6.0,"The latest transfer focused on the evidence related to resting tremor in the current round of review, the case team, before the next decision. The discussion also considers bradicanasia.","The latest transfer focused on the evidence related to resting tremor in the current round of review, the case team, before the next decision. The discussion also considers Braddock and Eja.",0.0689655172413793,0.1379310344827586,0.3333333333333333,2,0,0,1.0,1.0,0.0,,,en,1,1,0.9999995273200788,0.05
nlu_0147_01,S0147,unseen,medical,"The current findings was reviewed in relation to amoxicillin and antibiotic, in the current round of review, the technical or professional team, after the latest information was reviewed.",amoxicillin; antibiotic,2,2,1,amoxicillin,2,6.0,"The current findings was reviewed in relation to a Moxacillin and antibiotic. In the current round of review, the technical or professional team after the latest information was reviewed.","The current findings was reviewed in relation to a Moxysillin and antibiotic. In the current round of review, the technical or professional team after the latest information was reviewed.",0.1785714285714285,0.1785714285714285,0.5,1,0,0,1.0,1.0,0.0,,,en,1,1,0.9999999999999929,0.05
nlu_0167_09,S0167,unseen,medical,"The professional handling the matter is reviewing the effect of anticoagulation on the overall situation and the associated observed changes; during the ongoing evaluation, the case team, before the matter is finalized.",anticoagulation,1,1,0,,1,,"The professional handling the matter is reviewing the effect of anticoagulation on the overall situation and the associated observed changes. During the ongoing evaluation, the case team, before the matter, is finalized.",,0.09375,,1.0,0,0,1,0.0,0.0,0.0,,,en,0,0,3.0025924287986224e-05,0.05
nlu_0164_04,S0164,unseen,medical,"A detailed record was requested concerning the implications of warfarin; following the previous discussion, the decision-making group, before the matter is finalized.",warfarin,1,1,0,,1,,"A detailed record was requested concerning the implications of Warfarin. Following the previous discussion, the decision-making group, before the matter is finalized.",,0.0909090909090909,,1.0,0,0,1,0.0,0.0,0.0,,,en,0,0,1.1019905486631048e-05,0.05
nlu_0550_05,S0550,unseen,general,"Can you tell me how to send a document, given following the previous discussion, the person handling the matter, before the matter is finalized?",finalized; document,2,2,0,,2,,"Can you tell me how to send a document given following the previous discussion, the person handling the matter before the matter is finalized?",,0.0833333333333333,,1.0,0,0,2,0.0,0.0,0.0,,,en,0,0,0.000436706347497584,0.05
nlu_0026_06,S0026,unseen,medical,"The available evidence was considered before deciding how to address the current status of ST-segment elevation; after the latest information became available, the reviewing organization, before the matter is finalized.",elevation; st-segment,2,2,1,st-segment,2,6.0,"The available evidence was considered before deciding how to address the current status of ST Segment Elevation. After the latest information became available, the reviewing organization, before the matter, is finalized.","The available evidence was considered before deciding how to address the current status of ST Segment Elevation. After the latest information became available, the reviewing organization, before the matter is finalized. The latest information was released by the Department of Health and Health, which was released in the past. The latest information was released by the Department of Health, which was released",0.1666666666666666,1.1666666666666667,0.5,1,0,0,1.0,1.0,0.0,,,en,1,1,0.9999847135772085,0.05
nlu_0251_09,S0251,unseen,finance,"The professional handling the matter is reviewing the effect of benchmark rate on the overall situation and the associated observed changes; after the recent update, the reviewing group, before the matter is finalized.",benchmark,1,1,0,,1,,"The professional handling the matter is reviewing the effective benchmark, rate on the overall situation, and the associated observed changes. After the recent update, the reviewing group, before the matter, is finalized.",,0.2121212121212121,,1.0,0,0,1,0.0,0.0,0.0,,,en,0,0,3.114328012072273e-06,0.05
nlu_0275_06,S0275,unseen,finance,"The available evidence was considered before deciding how to address the current status of equity valuation; after the latest information became available, the case team, while comparing the available options.",equity valuation,1,1,0,,1,,"The available evidence was considered before deciding how to address the current status of equity valuation. After the latest information became available, the case team, while comparing the available options.",,0.0666666666666666,,1.0,0,0,1,0.0,0.0,0.0,,,en,0,0,3.829011469763555e-05,0.05
nlu_0115_06,S0115,unseen,medical,"The available evidence was considered before deciding how to address the current status of multiple sclerosis; after the recent update, the assigned professional, after the latest information was reviewed.",multiple sclerosis,1,1,0,,1,,"The available evidence was considered before deciding how to address the current status of multiple sclerosis. After the recent update, the assigned professional, after the latest information was reviewed.",,0.0689655172413793,,1.0,0,0,1,0.0,0.0,0.0,,,en,0,0,0.0033247663119948573,0.05
nlu_0271_04,S0271,unseen,finance,"A detailed incident was requested concerning the implications of equity valuation; at the next decision point, the reviewing organization, while considering the current evidence.",equity valuation,1,1,0,,1,,"A detailed incident was requested concerning the implications of equity valuation. At the next decision point, the reviewing organization, while considering the current evidence.",,0.0833333333333333,,1.0,0,0,1,0.0,0.0,0.0,,,en,0,0,0.00025216612268755164,0.05
nlu_0364_08,S0364,unseen,legal,"The case involves the reported concern involving representations and warranties, and the relevant relevant records is being assessed; after the recent update, the relevant team, while comparing the available options. The record specifically references representations and warranties.",representations warranties,1,0,0,,0,,"The case involves the reported concern involving representations and warranties, and the relevant relevant records is being assessed. After the recent update, the relevant team, while comparing the available options. The records specifically references representations and warranties.",,0.081081081081081,,,0,0,0,0.0,0.0,0.0,,,en,0,0,5.066960032048254e-05,0.05
nlu_0577_03,S0577,unseen,general,"Please help me request contact information; this is during the most recent assessment, the technical or professional team, after the latest information was reviewed.",contact,1,1,0,,1,,"Please help me request contact information. This is during the most recent assessment, the technical or professional team, after the latest information was reviewed.",,0.0833333333333333,,1.0,0,0,1,0.0,0.0,0.0,,,en,0,0,0.00047055200604291953,0.05
nlu_0430_09,S0430,unseen,legal,"The professional handling the matter is reviewing the effect of procedural rule on the overall situation and the associated observed changes; after the recent update, the technical or professional team, while considering the current evidence.",procedural,1,1,0,,1,,"The professional handling the matter is reviewing the effect of procedural rule on the overall situation and the associated observed changes. After the recent update, the technical or professional team, while considering the current evidence.",,0.0571428571428571,,1.0,0,0,1,0.0,0.0,0.0,,,en,0,0,7.355866480206786e-05,0.05
nlu_0090_05,S0090,unseen,medical,"The specialist discussed the documented issue involving seizure disorder during the latest incident; at the next decision point, the reviewing group, while considering the current evidence. The record specifically references epilepsy.",epilepsy; disorder; seizure,3,3,0,,3,,"The specialist discussed the documented issue involving seizure disorder during the latest incident, at the next decision point, the reviewing group, while considering the current evidence. The record specifically references epilepsy.",,0.032258064516129,,1.0,0,0,3,0.0,0.0,0.0,,,en,0,0,0.0004361254641050599,0.05
nlu_0371_10,S0371,unseen,legal,"Further assessment is needed before a final decision is made about the decision surrounding notice period; in the current round of review, the person handling the matter, before the next decision. The record specifically references termination provision.",termination provision; period; notice,3,3,0,,3,,"Further assessment is needed before a final decision is made about the decision surrounding notice period. In the current round of review, the person handling the matter before the next decision. The record specifically references termination provision.",,0.081081081081081,,1.0,0,0,3,0.0,0.0,0.0,,,en,0,0,0.00018138169940428537,0.05
nlu_0353_03,S0353,unseen,legal,"The current available evidence requires further resolution, especially in relation to the relationship between liquidated damages and contractual remedy; as part of the current review, the reviewing organization, before the next decision. The discussion also considers contractual remedy.",liquidated damages; contractual; remedy,3,3,0,,3,,"The current available evidence requires further resolution, especially in relation to the relationship between liquidated damages and contractual remedy. As part of the current review, the reviewing organization before the next decision. The discussion also considers contractual remedy.",,0.0789473684210526,,1.0,0,0,3,0.0,0.0,0.0,,,en,0,0,0.000140553498924553,0.05
nlu_0072_04,S0072,unseen,medical,"A detailed resolution was requested concerning the implications of Parkinson disease; in the current round of review, the case team, before the next decision.",parkinson disease,1,0,0,,0,,"A detailed resolution was requested concerning the implications of Parkinson's disease. In the current round of review, the case team, before the next decision.",,0.125,,,0,0,0,0.0,0.0,0.0,,,en,0,0,0.0003098305664305644,0.05
nlu_0349_07,S0349,unseen,legal,"The latest resolution focused on the evidence related to pre-agreed amount; during the latest review, the person handling the matter, while comparing the available options. The discussion also considers contractual remedy.",contractual; pre-agreed; remedy; amount,4,4,0,,4,,"The latest resolution focused on the evidence related to pre-agreed amount. During the latest review, the person handling the matter while comparing the available options. The discussion also considers contractual remedy.",,0.0967741935483871,,1.0,0,0,4,0.0,0.0,0.0,,,en,0,0,0.00025453755013180653,0.05
nlu_0239_07,S0239,unseen,finance,"The latest risk focused on the evidence related to borrower assessment; at the current stage, the reviewing group, before the next decision. The discussion also considers default probability.",probability; borrower; default,3,3,0,,3,,"The latest risk focused on the evidence related to borrower assessment at the current stage, the reviewing group, before the next decision. The discussion also considers default probability.",,0.0357142857142857,,1.0,0,0,3,0.0,0.0,0.0,,,en,0,0,0.0005312947485825001,0.05
nlu_0324_07,S0324,unseen,legal,"The latest strategy focused on the evidence related to unforeseeable event; as part of the current review, the current reviewer, while considering the current evidence. The discussion also considers contract performance.",unforeseeable; performance; contract,3,3,1,unforeseeable,3,3.0,"The latest strategy focused on the evidence related to unforeseeable event, as part of the current review, the current reviewer, while considering the current evidence. The discussion also considers contract performance.","The latest strategy focused on the evidence related to unforceable event, as part of the current review, the current reviewer, while considering the current evidence. The discussion also considers contract performance.",0.032258064516129,0.064516129032258,0.3333333333333333,2,0,1,1.0,0.6666666666666666,0.0,,,en,1,1,0.9999991876724774,0.05
nlu_0333_05,S0333,unseen,legal,"The specialist discussed the documented issue involving indemnity during the latest authorization; at the current stage, the decision-making group, after the latest information was reviewed. The record specifically references indemnification clause.",indemnification clause; indemnity,2,2,1,indemnification clause,2,3.0,"The specialist discussed the documented issue involving indemnity during the latest authorization. At the current stage, the decision-making group, after the latest information was reviewed. The record specifically references indemnification clause.","The specialist discussed the documented issue involving indemnity during the latest authorization. At the current stage, the decision-making group, after the latest information was reviewed. The record specifically references indemnification flaws.",0.064516129032258,0.0967741935483871,0.3333333333333333,1,0,1,1.0,0.5,0.0,,,en,1,1,0.9999999999987932,0.05
nlu_0096_04,S0096,unseen,medical,"A detailed response was requested concerning the implications of epilepsy; during the ongoing evaluation, the decision-making group, during the present round of discussion.",epilepsy,1,1,0,,1,,"A detailed response was requested concerning the implications of epilepsy. During the ongoing evaluation, the decision-making group during the present round of discussion.",,0.1304347826086956,,1.0,0,0,1,0.0,0.0,0.0,,,en,0,0,0.0005259234021705387,0.05
nlu_0074_03,S0074,unseen,medical,"The current available evidence requires further validation, especially in relation to the relationship between ischemic stroke and cerebral infarction; in the current round of review, the reviewing group, before the next decision. The discussion also considers cerebral infarction.",ischemic stroke; infarction; cerebral,3,3,1,ischemic stroke,3,3.0,"The current available evidence requires further validation, especially in relation to the relationship between ischemic stroke and cerebral infarction, in the current round of review, the reviewing group, before the next decision. The discussion also considers cerebral infarction.","The current available evidence requires further validation, especially in relation to the relationship between a scenic stroke and cerebral infarction, in the current round of review, the reviewing group, before the next decision. The discussion also considers cerebral infarction.",0.0263157894736842,0.0789473684210526,0.25,2,0,1,1.0,0.6666666666666666,0.0,,,en,1,1,1.0,0.05
nlu_0323_03,S0323,unseen,legal,"The current available evidence requires further risk, especially in relation to the relationship between force majeure and contract performance; during the latest review, the decision-making group, after the latest information was reviewed. The discussion also considers contract performance.",force majeure; performance; contract,3,2,0,,2,,"The current available evidence requires further risk, especially in relation to the relationship between force majura and contract performance. During the latest review, the decision-making group, after the latest information was reviewed. The discussion also considers contract performance.",,0.0789473684210526,,1.0,0,0,2,0.0,0.0,0.0,,,en,0,0,1.3366079788473608e-07,0.05
nlu_0364_07,S0364,unseen,legal,"The latest strategy focused on the evidence related to warranty; after the recent update, the relevant team, while comparing the available options. The discussion also considers contractual representation.",contractual; warranty,2,2,0,,2,,"The latest strategy focused on the evidence related to warranty after the recent update, the relevant team, while comparing the available options. The discussion also considers contractual representation.",,0.0357142857142857,,1.0,0,0,2,0.0,0.0,0.0,,,en,0,0,1.0684979190395549e-05,0.05
nlu_0072_08,S0072,unseen,medical,"The case involves the reported concern involving Parkinson disease, and the relevant relevant records is being assessed; in the current round of review, the case team, before the next decision. The record specifically references Parkinson disease.",parkinson disease,1,0,0,,0,,"The case involves the reported concern involving Parkinson's disease and the relevant relevant records is being assessed in the current round of review, the case team, before the next decision. The record specifically references Parkinson's disease.",,0.1111111111111111,,,0,0,0,0.0,0.0,0.0,,,en,0,0,0.00046658477663291453,0.05
nlu_0251_03,S0251,unseen,finance,"The current available evidence requires further account, especially in relation to the relationship between interest-rate reset and benchmark rate; after the recent update, the reviewing group, before the matter is finalized. The discussion also considers benchmark rate.",interest-rate reset; benchmark,2,1,0,,1,,"The current available evidence requires further account, especially in relation to the relationship between interest rate reset and benchmark rate. After the recent update, the reviewing group, before the matter, is finalized. The discussion also considers benchmark rate.",,0.1351351351351351,,1.0,0,0,1,0.0,0.0,0.0,,,en,0,0,0.00035359654856379066,0.05
nlu_0591_01,S0591,unseen,general,"I need help with confirm a meeting, during the ongoing evaluation, the reviewing group, before the next decision.",evaluation; ongoing,2,2,0,,2,,"I need help with confirm a meeting during the ongoing evaluation, the reviewing group, before the next decision.",,0.0555555555555555,,1.0,0,0,2,0.0,0.0,0.0,,,en,0,0,0.0004389774218735409,0.05
nlu_0345_01,S0345,unseen,legal,"The current findings was reviewed in relation to governing law and jurisdiction, after the latest information became available, the decision-making group, before the matter is finalized.",governing; jurisdiction,2,2,0,,2,,"The current findings was reviewed in relation to governing law and jurisdiction. After the latest information became available, the decision-making group, before the matter is finalized.",,0.0769230769230769,,1.0,0,0,2,0.0,0.0,0.0,,,en,0,0,0.00067941429354693,0.05
nlu_0550_10,S0550,unseen,general,"I need some information because I want to send a document; following the previous discussion, the person handling the matter, before the matter is finalized.",because,1,1,0,,1,,"I need some information because I want to send a document. Following the previous discussion, the person handling the matter before the matter is finalized.",,0.12,,1.0,0,0,1,0.0,0.0,0.0,,,en,0,0,0.0004535105258283072,0.05
nlu_0215_04,S0215,unseen,finance,"A detailed transfer was requested concerning the implications of mortgage underwriting; during the latest review, the decision-making group, while considering the current evidence.",mortgage underwriting,1,1,0,,1,,"A detailed transfer was requested concerning the implications of mortgage underwriting. During the latest review, the decision-making group, while considering the current evidence.",,0.0869565217391304,,1.0,0,0,1,0.0,0.0,0.0,,,en,0,0,0.00013674797437051642,0.05
nlu_0297_08,S0297,unseen,finance,"The case involves the reported concern involving bond duration, and the relevant relevant records is being assessed; at the current stage, the assigned professional, while comparing the available options. The record specifically references bond duration.",bond duration,1,1,0,,1,,"The case involves the reported concern involving bond duration and the relevant relevant records is being assessed. At the current stage, the assigned professional, while comparing the available options. The record specifically references bond duration.",,0.0857142857142857,,1.0,0,0,1,0.0,0.0,0.0,,,en,0,0,5.347936985056463e-05,0.05
nlu_0251_05,S0251,unseen,finance,"The specialist discussed the documented issue involving benchmark rate during the latest resolution; after the recent update, the reviewing group, before the matter is finalized. The record specifically references interest-rate reset.",interest-rate reset; benchmark,2,1,0,,1,,"The specialist discussed the documented issue involving benchmark rate during the latest resolution. After the recent update, the reviewing group, before the matter is finalized. The record specifically references interest rate reset.",,0.1290322580645161,,1.0,0,0,1,0.0,0.0,0.0,,,en,0,0,0.00011933531087195731,0.05
nlu_0068_06,S0068,unseen,medical,"The available evidence was considered before deciding how to address the current status of Parkinson disease; after the latest information became available, the assigned professional, before the next decision.",parkinson disease,1,0,0,,0,,"The available evidence was considered before deciding how to address the current status of Parkinson's disease. After the latest information became available, the assigned professional before the next decision.",,0.1379310344827586,,,0,0,0,0.0,0.0,0.0,,,en,0,0,0.00017140530607420216,0.05
nlu_0594_10,S0594,unseen,general,"I need some information because I want to change a calendar event; at the current stage, the technical or professional team, after the latest information was reviewed.",calendar; because; change,3,3,0,,3,,"I need some information because I want to change a calendar event. At the current stage, the technical or professional team after the latest information was reviewed.",,0.1111111111111111,,1.0,0,0,3,0.0,0.0,0.0,,,en,0,0,0.0004252984302311533,0.05
nlu_0411_08,S0411,unseen,legal,"The case involves the reported concern involving motion to dismiss, and the relevant relevant records is being assessed; at the current stage, the relevant team, during the present round of discussion. The record specifically references motion to dismiss.",motion dismiss,1,0,0,,0,,"The case involves the reported concern involving motion to dismiss, and the relevant relevant records is being assessed. At the current stage, the relevant team during the present round of discussion. The record specifically references motion to dismiss.",,0.0789473684210526,,,0,0,0,0.0,0.0,0.0,,,en,0,0,9.17551623494745e-05,0.05
nlu_0274_09,S0274,unseen,finance,"The professional handling the matter is reviewing the effect of discounted cash flow on the overall situation and the associated observed changes; during the ongoing evaluation, the technical or professional team, during the present round of discussion.",discounted,1,1,0,,1,,"The professional handling the matter is reviewing the effect of discounted cash flow on the overall situation and the associated observed changes. During the ongoing evaluation, the technical or professional team during the present round of discussion.",,0.081081081081081,,1.0,0,0,1,0.0,0.0,0.0,,,en,0,0,3.1131502510675375e-05,0.05
nlu_0090_06,S0090,unseen,medical,"The available evidence was considered before deciding how to address the current status of epilepsy; at the next decision point, the reviewing group, while considering the current evidence.",epilepsy,1,1,0,,1,,"The available evidence was considered before deciding how to address the current status of epilepsy. At the next decision point, the reviewing group, while considering the current evidence.",,0.0714285714285714,,1.0,0,0,1,0.0,0.0,0.0,,,en,0,0,0.0003620723860522003,0.05
nlu_0460_03,S0460,unseen,technology,"The current available evidence requires further analysis, especially in relation to the relationship between OAuth 2.0 and authorization server; following the previous discussion, the technical or professional team, before the next decision. The discussion also considers authorization server.",oauth; server,2,2,0,,2,,"The current available evidence requires further analysis, especially in relation to the relationship between OAuth 2 and authorization server, following the previous discussion, the technical or professional team, before the next decision. The discussion also considers authorization server.",,0.0526315789473684,,1.0,0,0,2,0.0,0.0,0.0,,,en,0,0,1.9783025396266897e-05,0.05
nlu_0282_07,S0282,unseen,finance,"The latest monitoring focused on the evidence related to earnings per share; at the next decision point, the reviewing group, during the present round of discussion. The discussion also considers P/E.",earnings,1,1,0,,1,,"The latest monitoring focused on the evidence related to earnings per share. At the next decision point, the reviewing group during the present round of discussion. The discussion also considers PE.",,0.1290322580645161,,1.0,0,0,1,0.0,0.0,0.0,,,en,0,0,1.6011202483937536e-06,0.05
nlu_0164_02,S0164,unseen,medical,"The team is evaluating warfarin in the context of INR, with particular attention to the reported issue; following the previous discussion, the decision-making group, before the matter is finalized. The record specifically references warfarin.",warfarin,1,1,0,,1,,"The team is evaluating Warfarin in the context of INR, with particular attention to the reported issue. Following the previous discussion, the decision-making group, before the matter is finalized. The record specifically references Warfarin.",,0.1176470588235294,,1.0,0,0,1,0.0,0.0,0.0,,,en,0,0,4.3465965457748285e-05,0.05
nlu_0374_01,S0374,unseen,legal,"The current findings was reviewed in relation to termination provision and termination right, during the latest review, the decision-making group, before the next decision.",termination provision,1,1,0,,1,,"The current findings was reviewed in relation to termination provision and termination right. During the latest review, the decision-making group, before the next decision.",,0.0833333333333333,,1.0,0,0,1,0.0,0.0,0.0,,,en,0,0,0.00030634190097954625,0.05
nlu_0586_09,S0586,unseen,general,"Could you check this for me regarding check train status, following the previous discussion, the reviewing organization, during the present round of discussion?",regarding,1,1,0,,1,,"Could you check this for me regarding check train status? Following the previous discussion, the reviewing organization during the present round of discussion.",,0.1739130434782608,,1.0,0,0,1,0.0,0.0,0.0,,,en,0,0,0.0004426657617863195,0.05
nlu_0164_06,S0164,unseen,medical,"The available evidence was considered before deciding how to address the current status of warfarin; following the previous discussion, the decision-making group, before the matter is finalized.",warfarin,1,1,1,warfarin,1,6.0,"The available evidence was considered before deciding how to address the current status of Warfarin. Following the previous discussion, the decision-making group, before the matter is finalized.","The available evidence was considered before deciding how to address the current status of Warframe. Following the previous discussion, the decision-making group, before the matter is finalized.",0.074074074074074,0.074074074074074,1.0,0,0,1,0.0,0.0,0.0,,,en,1,1,1.0,0.05
nlu_0465_07,S0465,unseen,technology,"The latest screening focused on the evidence related to request; after the latest information became available, the current reviewer, while considering the current evidence. The discussion also considers HTTP endpoint.",endpoint,1,1,0,,1,,"The latest screening focused on the evidence related to request. After the latest information became available, the current reviewer, while considering the current evidence. The discussion also considers HTTP endpoint.",,0.0666666666666666,,1.0,0,0,1,0.0,0.0,0.0,,,en,0,0,6.767949919105218e-05,0.05
nlu_0215_02,S0215,unseen,finance,"The team is evaluating mortgage underwriting in the context of debt-to-income, with particular attention to the reported issue; during the latest review, the decision-making group, while considering the current evidence. The record specifically references mortgage underwriting.",mortgage underwriting; debt-to-income,2,2,1,debt-to-income,2,6.0,"The team is evaluating mortgage underwriting in the context of debt to income, with particular attention to the reported issue, during the latest review, the decision-making group, while considering the current evidence. The record specifically references mortgage underwriting.","The team is evaluating mortgage underwriting in the context of debt to income, with particular attention to the reported issue, during the latest review, the decision-making group, while considering the current evidence. The record specifically references mortgage underwriting.",0.1111111111111111,0.1111111111111111,0.3333333333333333,1,0,0,1.0,1.0,0.0,,,en,1,1,0.9999999990394706,0.05
nlu_0275_05,S0275,unseen,finance,"The specialist discussed the documented issue involving discounted cash flow during the latest response; after the latest information became available, the case team, while comparing the available options. The record specifically references equity valuation.",equity valuation; discounted,2,2,0,,2,,"The specialist discussed the documented issue involving discounted cash flow during the latest response. After the latest information became available, the case team, while comparing the available options. The record specifically references equity valuation.",,0.0588235294117647,,1.0,0,0,2,0.0,0.0,0.0,,,en,0,0,1.1976422134301278e-05,0.05
nlu_0168_10,S0168,unseen,medical,"Further authorization is needed before a final decision is made about the decision surrounding activated partial thromboplastin time; at the next decision point, the responsible specialist, after the latest information was reviewed. The record specifically references heparin.",heparin; thromboplastin; activated; partial,4,4,1,thromboplastin,4,6.0,"Further authorization is needed before a final decision is made about the decisions surrounding activated partial thrombo-plastin time. At the next decision point, the responsible specialist, after the latest information was reviewed. The record specifically references Heparin.","Further authorization is needed before a final decision is made about the decisions surrounding activated partial thrombo-plastentime. At the next decision point, the responsible specialist, after the latest information was reviewed. The record specifically references Heparin.",0.1351351351351351,0.1351351351351351,0.25,3,0,1,1.0,0.75,0.0,,,en,1,1,0.9999998713197963,0.05
nlu_0368_03,S0368,unseen,legal,"The current available evidence requires further strategy, especially in relation to the relationship between representations and warranties and contractual representation; during the latest review, the reviewing group, during the present round of discussion. The discussion also considers contractual representation.",representations warranties; contractual,2,1,0,,1,,"The current available evidence requires further strategy, especially in relation to the relationship between representations and warranties and contractual representation. During the latest review, the reviewing group, during the present round of discussion. The discussion also considers contractual representation.",,0.0512820512820512,,1.0,0,0,1,0.0,0.0,0.0,,,en,0,0,4.155021724514562e-05,0.05
nlu_0285_10,S0285,unseen,finance,"Further incident is needed before a final decision is made about the decision surrounding cost basis; in the current round of review, the current reviewer, while considering the current evidence. The record specifically references capital gains.",capital gains,1,1,0,,1,,"Further incident is needed before a final decision is made about the decision surrounding cost basis, in the current round of review, the current reviewer, while considering the current evidence. The record specifically references capital gains.",,0.0277777777777777,,1.0,0,0,1,0.0,0.0,0.0,,,en,0,0,0.0002665241263577337,0.05
nlu_0167_05,S0167,unseen,medical,"The specialist discussed the documented issue involving anticoagulation during the latest screening; during the ongoing evaluation, the case team, before the matter is finalized. The record specifically references warfarin.",anticoagulation; warfarin,2,2,2,anticoagulation; warfarin,2,3.0,"The specialist discussed the documented issue involving anti-coagulation during the latest screening. During the ongoing evaluation, the case team, before the matter is finalized. The record specifically references Warfarin.","The specialist discussed the documented issue involving anti-collagulation during the latest screening. During the ongoing evaluation, the case team, before the matter is finalized. The record specifically references Warframe.",0.1379310344827586,0.1379310344827586,1.0,0,0,2,0.0,0.0,0.0,,,en,1,1,0.9999999999999074,0.05
nlu_0577_02,S0577,unseen,general,"Could you help me with request contact information? This is during the most recent assessment, the technical or professional team, after the latest information was reviewed.",contact,1,1,0,,1,,"Could you help me with request contact information? This is during the most recent assessment, the technical or professional team, after the latest information was reviewed.",,0.0,,1.0,0,0,1,0.0,0.0,0.0,,,en,0,0,0.00044828413648941663,0.05
nlu_0518_08,S0518,unseen,general,"Is it possible to ask about a commute, considering following the previous discussion, the decision-making group, while comparing the available options?",possible; commute,2,2,0,,2,,"Is it possible to ask about a commute, considering following the previous discussion, the decision-making group, while comparing the available options?",,0.0,,1.0,0,0,2,0.0,0.0,0.0,,,en,0,0,0.00042854694521003066,0.05
nlu_0368_06,S0368,unseen,legal,"The available evidence was considered before deciding how to address the current status of representations and warranties; during the latest review, the reviewing group, during the present round of discussion.",representations warranties,1,0,0,,0,,"The available evidence was considered before deciding how to address the current status of representations and warranties. During the latest review, the reviewing group, during the present round of discussion.",,0.0666666666666666,,,0,0,0,0.0,0.0,0.0,,,en,0,0,6.125892253340698e-05,0.05
nlu_0593_09,S0593,unseen,general,"Could you check this for me regarding ask about a parcel, in the current round of review, the assigned professional, before the next decision?",regarding; parcel,2,2,1,parcel,2,0.0,"Could you check this for me regarding Ask About a parcel in the current round of review, the assigned professional before the next decision?","Could you check this for me regarding Ask About a Partful in the current round of review, the assigned professional before the next decision?",0.1666666666666666,0.1666666666666666,0.5,1,0,1,1.0,0.5,0.0,,,en,1,1,0.9999998574478771,0.05
nlu_0100_02,S0100,unseen,medical,"The team is evaluating seizure disorder in the context of EEG, with particular attention to the reported issue; at the next decision point, the reviewing group, before the next decision. The record specifically references seizure disorder.",seizure disorder,1,1,0,,1,,"The team is evaluating seizure disorder in the context of EEG, with particular attention to the reported issue. At the next decision point, the reviewing group before the next decision. The record specifically references seizure disorder.",,0.0833333333333333,,1.0,0,0,1,0.0,0.0,0.0,,,en,0,0,0.00019258920444935565,0.05
nlu_0518_04,S0518,unseen,general,"I wanted to ask about ask about a commute, particularly following the previous discussion, the decision-making group, while comparing the available options.",particularly; commute; wanted,3,3,0,,3,,"I wanted to ask about ASK about a commute, particularly following the previous discussion, the decision-making group, while comparing the available options.",,0.0454545454545454,,1.0,0,0,3,0.0,0.0,0.0,,,en,0,0,0.00042025627473241687,0.05
nlu_0115_09,S0115,unseen,medical,"The professional handling the matter is reviewing the effect of demyelinating lesion on the overall situation and the associated observed changes; after the recent update, the assigned professional, after the latest information was reviewed.",demyelinating; lesion,2,2,1,lesion,2,6.0,"The professional handling the matter is reviewing the effect of demyelinating lesion on the overall situation and the associated observed changes. After the recent update, the assigned professional, after the latest information, was reviewed.","The professional handling the matter is reviewing the effect of demyelinating Asian on the overall situation and the associated observed changes. After the recent update, the assigned professional, after the latest information was reviewed.",0.088235294117647,0.088235294117647,0.5,1,0,1,1.0,0.5,0.0,,,en,1,1,1.0,0.05
nlu_0058_05,S0058,unseen,medical,"The specialist discussed the documented issue involving wide-complex rhythm during the latest analysis; during the most recent assessment, the person handling the matter, before the matter is finalized. The record specifically references ventricular tachycardia.",ventricular tachycardia; wide-complex; rhythm,3,3,1,wide-complex,3,6.0,"The specialist discussed the documented issue involving wide complex rhythm during the latest analysis. During the most recent assessment, the person handling the matter before the matter is finalized. The record specifically references ventricular tachycardia.","The specialist discussed the documented issue involving wide complex rhythm during the latest analysis. During the most recent assessment, the person handling the matter before the matter is finalized. The record specifically references ventricular tachycardia.",0.1470588235294117,0.1470588235294117,0.25,2,0,0,1.0,1.0,0.0,,,en,1,1,0.9999993131359953,0.05
nlu_0374_07,S0374,unseen,legal,"The latest assessment focused on the evidence related to notice period; during the latest review, the decision-making group, before the next decision. The discussion also considers termination right.",termination; period; notice,3,3,0,,3,,"The latest assessment focused on the evidence related to notice period during the latest review, the decision-making group, before the next decision. The discussion also considers termination right.",,0.0357142857142857,,1.0,0,0,3,0.0,0.0,0.0,,,en,0,0,0.0005298251845329967,0.05
nlu_0271_02,S0271,unseen,finance,"The team is evaluating equity valuation in the context of enterprise value, with particular attention to the reported issue; at the next decision point, the reviewing organization, while considering the current evidence. The record specifically references equity valuation.",equity valuation; enterprise,2,2,0,,2,,"The team is evaluating equity valuation in the context of enterprise value, with particular attention to the reported issue. At the next decision point, the reviewing organization while considering the current evidence. The record specifically references equity valuation.",,0.0789473684210526,,1.0,0,0,2,0.0,0.0,0.0,,,en,0,0,6.33879193548923e-05,0.05
nlu_0406_08,S0406,unseen,legal,"The case involves the reported concern involving discovery, and the relevant relevant records is being assessed; at the current stage, the case team, before the next decision. The record specifically references discovery.",discovery,1,1,0,,1,,"The case involves the reported concern involving discovery, and the relevant, relevant records is being assessed. At the current stage, the case team before the next decision. The record specifically references discovery.",,0.125,,1.0,0,0,1,0.0,0.0,0.0,,,en,0,0,5.104178660190226e-05,0.05
nlu_0301_10,S0301,unseen,finance,"Further strategy is needed before a final decision is made about the decision surrounding underlying exposure; at the next decision point, the current reviewer, while considering the current evidence. The record specifically references derivative hedge.",derivative hedge; underlying,2,2,1,derivative hedge,2,0.0,"Further strategy is needed before a final decision is made about the decision surrounding underlying exposure. At the next decision point, the current reviewer, while considering the current evidence. The record specifically references derivative hedge.","Further strategy is needed before a final decision is made about the decision surrounding underlying exposure. At the next decision point, the current reviewer, while considering the current evidence. The record specifically references the riveted catch.",0.0571428571428571,0.1428571428571428,0.6666666666666666,1,0,1,1.0,0.5,0.0,,,en,1,1,0.9993302433097109,0.05
nlu_0594_09,S0594,unseen,general,"Could you check this for me regarding change a calendar event, at the current stage, the technical or professional team, after the latest information was reviewed?",regarding; calendar; change,3,3,0,,3,,Could you check this for me regarding change a calendar event at the current stage? The technical or professional team after the latest information was reviewed.,,0.1923076923076923,,1.0,0,0,3,0.0,0.0,0.0,,,en,0,0,0.0004323954482472624,0.05
nlu_0274_04,S0274,unseen,finance,"A detailed authorization was requested concerning the implications of equity valuation; during the ongoing evaluation, the technical or professional team, during the present round of discussion.",equity valuation,1,1,0,,1,,"A detailed authorization was requested concerning the implications of equity valuation. During the ongoing evaluation, the technical or professional team during the present round of discussion.",,0.1153846153846153,,1.0,0,0,1,0.0,0.0,0.0,,,en,0,0,0.00010709631476939969,0.05
nlu_0333_08,S0333,unseen,legal,"The case involves the reported concern involving indemnification clause, and the relevant relevant records is being assessed; at the current stage, the decision-making group, after the latest information was reviewed. The record specifically references indemnification clause.",indemnification clause,1,1,0,,1,,"The case involves the reported concern involving indemnification clause and the relevant relevant records is being assessed. At the current stage, the decision-making group, after the latest information, was reviewed. The record specifically references indemnification clause.",,0.1111111111111111,,1.0,0,0,1,0.0,0.0,0.0,,,en,0,0,0.0001425013325955488,0.05
nlu_0031_02,S0031,unseen,medical,"The team is evaluating ST-segment elevation in the context of ischemic pattern, with particular attention to the reported issue; as part of the current review, the reviewing group, during the present round of discussion. The record specifically references ST-segment elevation.",elevation; st-segment; ischemic; pattern,4,4,2,st-segment; ischemic,4,6.0,"The team is evaluating SD segment elevation in the context of a schematic pattern, with particular attention to the reported issue. As part of the current review, the reviewing group during the present round of discussion. The record specifically references SD segment elevation.","The team is evaluating SD Segment Elevation in the context of a schematic pattern with particular attention to the reported issue. As part of the current review, the reviewing group during the present round of discussion. The record specifically references SD Segment Elevation.",0.225,0.3,0.5,2,0,0,1.0,1.0,0.0,,,en,1,1,0.9999992913145967,0.05
nlu_0221_06,S0221,unseen,finance,"The available evidence was considered before deciding how to address the current status of loan-to-value ratio; during the most recent assessment, the person handling the matter, while considering the current evidence.",loan-to-value ratio,1,0,0,,0,,"The available evidence was considered before deciding how to address the current status of loan-to-value ratio. During the most recent assessment, the person handling the matter while considering the current evidence.",,0.0967741935483871,,,0,0,0,0.0,0.0,0.0,,,en,0,0,5.9625167884072346e-05,0.05
nlu_0465_03,S0465,unseen,technology,"The current available evidence requires further record, especially in relation to the relationship between REST API and HTTP endpoint; after the latest information became available, the current reviewer, while considering the current evidence. The discussion also considers HTTP endpoint.",rest; endpoint,2,2,0,,2,,"The current available evidence requires further record, especially in relation to the relationship between REST API and HTTP endpoint. After the latest information became available, the current reviewer, while considering the current evidence. The discussion also considers HTTP endpoint.",,0.0512820512820512,,1.0,0,0,2,0.0,0.0,0.0,,,en,0,0,4.792445184534966e-05,0.05
nlu_0082_06,S0082,unseen,medical,"The available evidence was considered before deciding how to address the current status of cerebral infarction; during the latest review, the reviewing group, while considering the current evidence.",cerebral infarction,1,1,0,,1,,"The available evidence was considered before deciding how to address the current status of cerebral infarction. During the latest review, the reviewing group, while considering the current evidence.",,0.0714285714285714,,1.0,0,0,1,0.0,0.0,0.0,,,en,0,0,0.0002586521822556409,0.05
nlu_0096_10,S0096,unseen,medical,"Further risk is needed before a final decision is made about the decision surrounding electroencephalography; during the ongoing evaluation, the decision-making group, during the present round of discussion. The record specifically references epilepsy.",electroencephalography; epilepsy,2,2,1,electroencephalography,2,6.0,"Further risk is needed before a final decision is made about the decision surrounding electroencephalography. During the ongoing evaluation, the decision-making group, during the present round of discussion. The record specifically references epilepsy.",Further risk is needed before a final decision is made about the decision surrounding electroence Epilography during the ongoing evaluation the decision-making group during the present round of discussion The record specifically references epilepsy,0.0606060606060606,0.1818181818181818,0.5,1,0,1,1.0,0.5,0.0,,,en,1,1,0.9999999968872797,0.05
nlu_0105_06,S0105,unseen,medical,"The available evidence was considered before deciding how to address the current status of migraine with aura; after the latest information became available, the reviewing group, during the present round of discussion.",migraine with aura,1,1,0,,1,,"The available evidence was considered before deciding how to address the current status of migraine with aura. After the latest information became available, the reviewing group, during the present round of discussion.",,0.0625,,1.0,0,0,1,0.0,0.0,0.0,,,en,0,0,0.0006411183025734425,0.05
nlu_0345_07,S0345,unseen,legal,"The latest screening focused on the evidence related to contract interpretation; after the latest information became available, the decision-making group, before the matter is finalized. The discussion also considers jurisdiction.",interpretation; jurisdiction; contract,3,3,0,,3,,"The latest screening focused on the evidence related to contract interpretation. After the latest information became available, the decision-making group, before the matter is finalized. The discussion also considers jurisdiction.",,0.0666666666666666,,1.0,0,0,3,0.0,0.0,0.0,,,en,0,0,0.00033253613851545277,0.05
nlu_0096_05,S0096,unseen,medical,"The specialist discussed the documented issue involving seizure disorder during the latest assessment; during the ongoing evaluation, the decision-making group, during the present round of discussion. The record specifically references epilepsy.",epilepsy; disorder; seizure,3,3,0,,3,,"The specialist discussed the documented issue involving seizure disorder during the latest assessment. During the ongoing evaluation, the decision-making group during the present round of discussion. The record specifically references epilepsy.",,0.0967741935483871,,1.0,0,0,3,0.0,0.0,0.0,,,en,0,0,0.00041894680761198446,0.05
nlu_0274_06,S0274,unseen,finance,"The available evidence was considered before deciding how to address the current status of equity valuation; during the ongoing evaluation, the technical or professional team, during the present round of discussion.",equity valuation,1,1,1,equity valuation,1,6.0,"The available evidence was considered before deciding how to address the current status of equity valuation. During the ongoing evaluation, the technical or professional team during the present round of discussion.","The available evidence was considered before deciding how to address the current status of equity evaluation. During the ongoing evaluation, the technical or professional team during the present round of discussion.",0.0967741935483871,0.0967741935483871,0.5,0,0,1,0.0,0.0,0.0,,,en,1,1,1.0,0.05
nlu_0474_06,S0474,unseen,technology,"The available evidence was considered before deciding how to address the current status of PostgreSQL; during the latest review, the relevant team, before the matter is finalized.",postgresql,1,1,1,postgresql,1,6.0,"The available evidence was considered before deciding how to address the current status of PostGIR SQL. During the latest review, the relevant team, before the matter, is finalized.","The available evidence was considered before deciding how to address the current status of Posture SQL. During the latest review, the relevant team, before the matter, is finalized.",0.1481481481481481,0.1481481481481481,1.0,0,0,0,0.0,0.0,0.0,,,en,1,1,0.999999217793578,0.05
nlu_0096_07,S0096,unseen,medical,"The latest analysis focused on the evidence related to electroencephalography; during the ongoing evaluation, the decision-making group, during the present round of discussion. The discussion also considers seizure disorder.",electroencephalography; disorder; seizure,3,3,0,,3,,"The latest analysis focused on the evidence related to electroencephalography during the ongoing evaluation, the decision-making group during the present round of discussion. The discussion also considers seizure disorder.",,0.0689655172413793,,1.0,0,0,3,0.0,0.0,0.0,,,en,0,0,1.6135058113116455e-06,0.05
nlu_0380_02,S0380,unseen,legal,"The team is evaluating plaintiff in the context of civil action, with particular attention to the reported issue; as part of the current review, the relevant team, while comparing the available options. The record specifically references plaintiff.",plaintiff; action,2,2,0,,2,,"The team is evaluating plaintiff in the context of civil action, with particular attention to the reported issue. As part of the current review, the relevant team, while comparing the available options. The record specifically references plaintiff.",,0.054054054054054,,1.0,0,0,2,0.0,0.0,0.0,,,en,0,0,2.437359537242983e-05,0.05
nlu_0324_05,S0324,unseen,legal,"The specialist discussed the documented issue involving contract performance during the latest monitoring; as part of the current review, the current reviewer, while considering the current evidence. The record specifically references force majeure.",force majeure; performance; contract,3,2,0,,2,,"The specialist discussed the documented issue involving contract performance during the latest monitoring, as part of the current review, the current reviewer, while considering the current evidence. The record specifically references Force Majora.",,0.0909090909090909,,1.0,0,0,2,0.0,0.0,0.0,,,en,0,0,8.173426291885002e-05,0.05
nlu_0297_02,S0297,unseen,finance,"The team is evaluating bond duration in the context of fixed income, with particular attention to the reported issue; at the current stage, the assigned professional, while comparing the available options. The record specifically references bond duration.",bond duration; income,2,2,0,,2,,"The team is evaluating bond duration in the context of fixed income, with particular attention to the reported issue. At the current stage, the assigned professional, while comparing the available options. The record specifically references bond duration.",,0.054054054054054,,1.0,0,0,2,0.0,0.0,0.0,,,en,0,0,3.768343018091504e-05,0.05
nlu_0221_01,S0221,unseen,finance,"The current findings was reviewed in relation to loan-to-value ratio and collateral value, during the most recent assessment, the person handling the matter, while considering the current evidence.",loan-to-value ratio; collateral,2,1,0,,1,,"The current findings was reviewed in relation to loan-to-value ratio and collateral value. During the most recent assessment, the person handling the matter while considering the current evidence.",,0.1071428571428571,,1.0,0,0,1,0.0,0.0,0.0,,,en,0,0,0.00015837157080848268,0.05
nlu_0026_04,S0026,unseen,medical,"A detailed adjustment was requested concerning the implications of ST-segment elevation; after the latest information became available, the reviewing organization, before the matter is finalized.",elevation; st-segment,2,2,1,st-segment,2,6.0,"A detailed adjustment was requested concerning the implications of ST segment elevation. After the latest information became available, the reviewing organization, before the matter is finalized.","A detailed adjustment was requested concerning the implications of ST segment elevation. After the latest information became available, the reviewing organization, before the matter is finalized.",0.16,0.16,0.5,1,0,0,1.0,1.0,0.0,,,en,1,1,0.9999996214116645,0.05
nlu_0226_06,S0226,unseen,finance,"The available evidence was considered before deciding how to address the current status of loan-to-value ratio; following the previous discussion, the case team, before the matter is finalized.",loan-to-value ratio,1,0,0,,0,,"The available evidence was considered before deciding how to address the current status of loan-to-value ratio. Following the previous discussion, the case team, before the matter is finalized.",,0.0714285714285714,,,0,0,0,0.0,0.0,0.0,,,en,0,0,0.00023313702088904032,0.05
nlu_0586_04,S0586,unseen,general,"I wanted to ask about check train status, particularly following the previous discussion, the reviewing organization, during the present round of discussion.",particularly; wanted,2,2,0,,2,,"I wanted to ask about check-trained status, particularly following the previous discussion, the reviewing organization during the present round of discussion.",,0.1363636363636363,,1.0,0,0,2,0.0,0.0,0.0,,,en,0,0,0.0004412059493891055,0.05
nlu_0474_07,S0474,unseen,technology,"The latest assessment focused on the evidence related to SQL query; during the latest review, the relevant team, before the matter is finalized. The discussion also considers relational database.",relational; database,2,2,0,,2,,"The latest assessment focused on the evidence related to SQL query during the latest review, the relevant team, before the matter is finalized. The discussion also considers relational database.",,0.0344827586206896,,1.0,0,0,2,0.0,0.0,0.0,,,en,0,0,2.6355928056663078e-05,0.05
nlu_0239_06,S0239,unseen,finance,"The available evidence was considered before deciding how to address the current status of credit risk; at the current stage, the reviewing group, before the next decision.",credit risk,1,1,0,,1,,"The available evidence was considered before deciding how to address the current status of credit risk. At the current stage, the reviewing group before the next decision.",,0.1111111111111111,,1.0,0,0,1,0.0,0.0,0.0,,,en,0,0,0.00028628138141729867,0.05
nlu_0282_02,S0282,unseen,finance,"The team is evaluating price-to-earnings ratio in the context of earnings per share, with particular attention to the reported issue; at the next decision point, the reviewing group, during the present round of discussion. The record specifically references price-to-earnings ratio.",price-to-earnings ratio; earnings,2,1,0,,1,,"The team is evaluating price-to-earnings ratio in the context of earnings per share, with particular attention to the reported issue. At the next decision point, the reviewing group during the present round of discussion. The record specifically references price-to-earnings ratio.",,0.075,,1.0,0,0,1,0.0,0.0,0.0,,,en,0,0,4.4085336337239935e-05,0.05
nlu_0115_08,S0115,unseen,medical,"The case involves the reported concern involving multiple sclerosis, and the relevant relevant records is being assessed; after the recent update, the assigned professional, after the latest information was reviewed. The record specifically references multiple sclerosis.",multiple sclerosis,1,1,0,,1,,"The case involves the reported concern involving multiple sclerosis, and the relevant relevant records is being assessed. After the recent update, the assigned professional, after the latest information was reviewed. The record specifically references multiple sclerosis.",,0.0555555555555555,,1.0,0,0,1,0.0,0.0,0.0,,,en,0,0,0.0023519693806503925,0.05
nlu_0518_03,S0518,unseen,general,"Please help me ask about a commute; this is following the previous discussion, the decision-making group, while comparing the available options.",commute,1,1,0,,1,,"Please help me ask about a commute. This is following the previous discussion, the decision-making group, while comparing the available options.",,0.0952380952380952,,1.0,0,0,1,0.0,0.0,0.0,,,en,0,0,0.000440464130742001,0.05
nlu_0474_08,S0474,unseen,technology,"The case involves the reported concern involving PostgreSQL, and the relevant relevant records is being assessed; during the latest review, the relevant team, before the matter is finalized. The record specifically references PostgreSQL.",postgresql,1,1,1,postgresql,1,6.0,"The case involves the reported concern involving Postgres SQL, and the relevant relevant records is being assessed. During the latest review, the relevant team, before the matter is finalized. The record specifically references Postgres SQL.","The case involves the reported concern involving Postgres SQL and the relevant relevant records is being assessed. During the latest review, the relevant team, before the matter, is finalized. The record specifically references Postgres SQL.",0.1818181818181818,0.2121212121212121,1.0,0,0,0,0.0,0.0,0.0,,,en,1,1,0.9999999992368194,0.05
nlu_0217_01,S0217,unseen,finance,"The current findings was reviewed in relation to mortgage underwriting and loan-to-value ratio, following the previous discussion, the responsible specialist, during the present round of discussion.",mortgage underwriting; loan-to-value,2,2,0,,2,,"The current findings was reviewed in relation to mortgage underwriting and loan-to-value ratio. Following the previous discussion, the responsible specialist during the present round of discussion.",,0.1153846153846153,,1.0,0,0,2,0.0,0.0,0.0,,,en,0,0,0.00016782797650496573,0.05
nlu_0594_07,S0594,unseen,general,"I would like to change a calendar event; the situation is at the current stage, the technical or professional team, after the latest information was reviewed.",calendar; change,2,2,0,,2,,"I would like to change a calendar event. The situation is at the current stage, the technical or professional team after the latest information was reviewed.",,0.1153846153846153,,1.0,0,0,2,0.0,0.0,0.0,,,en,0,0,0.0004293195406087593,0.05
nlu_0164_07,S0164,unseen,medical,"The latest strategy focused on the evidence related to INR; following the previous discussion, the decision-making group, before the matter is finalized. The discussion also considers anticoagulation.",anticoagulation,1,1,1,anticoagulation,1,0.0,"The latest strategy focused on the evidence related to INR. Following the previous discussion, the decision-making group, before the matter is finalized. The discussion also considers anticoagulation. The decision-making group, before the matter is finalized, is the decision-making group. The decision-making group, before the matter is finalized, is the decision-making group.","The latest strategy focused on the evidence related to INR. Following the previous discussion, the decision-making group, before the matter is finalized. The discussion also considers anti-graduation.",0.9629629629629628,0.1111111111111111,1.0,0,0,1,0.0,0.0,0.0,,,en,1,1,0.9999999999890141,0.05
nlu_0590_07,S0590,unseen,general,"I would like to send a document; the situation is during the latest review, the current reviewer, after the latest information was reviewed.",document,1,1,0,,1,,"I would like to send a document. The situation is during the latest review, the current reviewer, after the latest information was reviewed.",,0.0869565217391304,,1.0,0,0,1,0.0,0.0,0.0,,,en,0,0,0.00043913799901800366,0.05
nlu_0345_06,S0345,unseen,legal,"The available evidence was considered before deciding how to address the current status of governing law; after the latest information became available, the decision-making group, before the matter is finalized.",governing,1,1,0,,1,,"The available evidence was considered before deciding how to address the current status of governing law. After the latest information became available, the decision-making group, before the matter is finalized.",,0.0666666666666666,,1.0,0,0,1,0.0,0.0,0.0,,,en,0,0,0.00011862234266824873,0.05
nlu_0550_07,S0550,unseen,general,"I would like to send a document; the situation is following the previous discussion, the person handling the matter, before the matter is finalized.",finalized; document,2,2,0,,2,,"I would like to send a document. The situation is following the previous discussion, the person handling the matter, before the matter is finalized.",,0.0833333333333333,,1.0,0,0,2,0.0,0.0,0.0,,,en,0,0,0.00044044839638634873,0.05
nlu_0224_08,S0224,unseen,finance,"The case involves the reported concern involving loan-to-value ratio, and the relevant relevant records is being assessed; at the current stage, the reviewing group, during the present round of discussion. The record specifically references loan-to-value ratio.",loan-to-value ratio,1,0,0,,0,,"The case involves the reported concern involving loan-to-value ratio and the relevant relevant records is being assessed. At the current stage, the reviewing group during the present round of discussion. The record specifically references loan-to-value ratio.",,0.1111111111111111,,,0,0,0,0.0,0.0,0.0,,,en,0,0,0.00013090152118360381,0.05
nlu_0204_09,S0204,unseen,finance,"The professional handling the matter is reviewing the effect of anti-money laundering on the overall situation and the associated observed changes; during the ongoing evaluation, the reviewing organization, before the next decision.",laundering; anti-money,2,2,1,anti-money,2,3.0,"The professional handling the matter is reviewing the effect of anti-money laundering on the overall situation and the associated observed changes. During the ongoing evaluation, the reviewing organization before the next decision.","The professional handling the matter is reviewing the effect of antimony laundering on the overall situation and the associated observed changes. During the ongoing evaluation, the reviewing organization before the next decision.",0.09375,0.125,0.5,1,0,1,1.0,0.5,0.0,,,en,1,1,0.926630463098303,0.05
nlu_0167_04,S0167,unseen,medical,"A detailed strategy was requested concerning the implications of warfarin; during the ongoing evaluation, the case team, before the matter is finalized.",warfarin,1,1,0,,1,,"A detailed strategy was requested concerning the implications of Warfarin. During the ongoing evaluation, the case team, before the matter, is finalized.",,0.1363636363636363,,1.0,0,0,1,0.0,0.0,0.0,,,en,0,0,1.4472201861143294e-05,0.05
nlu_0593_02,S0593,unseen,general,"Could you help me with ask about a parcel? This is in the current round of review, the assigned professional, before the next decision.",parcel,1,1,0,,1,,Could you help me with Ask About a parcel? This is in the current round of review the assigned professional before the next decision.,,0.1666666666666666,,1.0,0,0,1,0.0,0.0,0.0,,,en,0,0,0.0004334259504777414,0.05
nlu_0595_04,S0595,unseen,general,"I wanted to ask about ask for opening hours, particularly after the recent update, the assigned professional, during the present round of discussion.",particularly; opening; wanted,3,3,0,,3,,"I wanted to ask about Ask for Opening Hours, particularly after the recent update, the assigned professional during the present round of discussion.",,0.1739130434782608,,1.0,0,0,3,0.0,0.0,0.0,,,en,0,0,0.0004333252958961377,0.05
nlu_0160_08,S0160,unseen,medical,"The case involves the reported concern involving azithromycin, and the relevant relevant records is being assessed; after the recent update, the decision-making group, after the latest information was reviewed. The record specifically references azithromycin.",azithromycin,1,0,0,,0,,"The case involves the reported concern involving Azath Ramesan and the relevant relevant records is being assessed. After the recent update, the decision-making group, after the latest information was reviewed. The record specifically references Azath Ramesan.",,0.1764705882352941,,,0,0,0,0.0,0.0,0.0,,,en,0,0,6.760536173301964e-05,0.05
nlu_0168_09,S0168,unseen,medical,"The professional handling the matter is reviewing the effect of anticoagulation on the overall situation and the associated observed changes; at the next decision point, the responsible specialist, after the latest information was reviewed.",anticoagulation,1,1,0,,1,,"The professional handling the matter is reviewing the effect of anticoagulation on the overall situation and the associated observed changes. At the next decision point, the responsible specialist, after the latest information was reviewed.",,0.0588235294117647,,1.0,0,0,1,0.0,0.0,0.0,,,en,0,0,0.00013326713727120917,0.05
nlu_0176_08,S0176,unseen,medical,"The case involves the reported concern involving atorvastatin, and the relevant relevant records is being assessed; after the recent update, the case team, before the matter is finalized. The record specifically references atorvastatin.",atorvastatin,1,1,1,atorvastatin,1,6.0,"The case involves the reported concern involving Ador Vastatin and the relevant relevant records is being assessed. After the recent update, the case team, before the matter, is finalized. The record specifically references Ador Vastatin.","The case involves the reported concern involving Ador Vastitin and the relevant relevant records is being assessed. After the recent update, the case team, before the matter, is finalized. The record specifically references Ador Vastitin.",0.2121212121212121,0.2121212121212121,1.0,0,0,0,0.0,0.0,0.0,,,en,1,1,0.999999993552569,0.05
nlu_0512_07,S0512,unseen,general,"I would like to plan a trip; the situation is in the current round of review, the reviewing organization, before the next decision.",organization; before,2,2,0,,2,,"I would like to plan a trip. The situation is in the current round of review, the reviewing organization before the next decision.",,0.1304347826086956,,1.0,0,0,2,0.0,0.0,0.0,,,en,0,0,0.00042753626482841154,0.05
nlu_0559_02,S0559,unseen,general,"Could you help me with set a personal reminder? This is in the current round of review, the responsible specialist, while considering the current evidence.",reminder; personal,2,2,0,,2,,"Could you help me with set a personal reminder? This is in the current round of review, the responsible specialist, while considering the current evidence.",,0.0,,1.0,0,0,2,0.0,0.0,0.0,,,en,0,0,0.00041848372138948687,0.05
nlu_0274_02,S0274,unseen,finance,"The team is evaluating equity valuation in the context of enterprise value, with particular attention to the reported issue; during the ongoing evaluation, the technical or professional team, during the present round of discussion. The record specifically references equity valuation.",equity valuation; enterprise,2,2,0,,2,,"The team is evaluating equity valuation in the context of enterprise value, with particular attention to the reported issue, during the ongoing evaluation, the technical or professional team during the present round of discussion. The record specifically references equity valuation.",,0.05,,1.0,0,0,2,0.0,0.0,0.0,,,en,0,0,7.349450466825507e-05,0.05
nlu_0081_05,S0081,unseen,medical,"The specialist discussed the documented issue involving brain MRI during the latest risk; after the recent update, the reviewing organization, before the matter is finalized. The record specifically references cerebral infarction.",cerebral infarction,1,1,0,,1,,"The specialist discussed the documented issue involving brain MRI during the latest risk. After the recent update, the reviewing organization, before the matter is finalized. The record specifically references cerebral infarction.",,0.064516129032258,,1.0,0,0,1,0.0,0.0,0.0,,,en,0,0,0.001577026528104686,0.05
nlu_0460_09,S0460,unseen,technology,"The professional handling the matter is reviewing the effect of authorization server on the overall situation and the associated observed changes; following the previous discussion, the technical or professional team, before the next decision.",server,1,1,0,,1,,"The professional handling the matter is reviewing the effect of authorization server on the overall situation and the associated observed changes. Following the previous discussion, the technical or professional team before the next decision.",,0.088235294117647,,1.0,0,0,1,0.0,0.0,0.0,,,en,0,0,5.16899706008747e-05,0.05
nlu_0007_05,S0007,unseen,medical,"The specialist discussed the documented issue involving ST-segment elevation during the latest screening; after the recent update, the responsible specialist, during the present round of discussion. The record specifically references myocardial ischemia.",st-segment; myocardial; elevation; ischemia,4,4,1,st-segment,4,6.0,"The specialist discussed the documented issue involving ST segment elevation during the latest screening after the recent update, the responsible specialist, during the present round of discussion. The record specifically references myocardial ischemia.","The specialist discussed the documented issue involving ST segment elevation during the latest screening after the recent update, the responsible specialist, during the present round of discussion. The record specifically references myocardial ischemia.",0.09375,0.09375,0.25,3,0,0,1.0,1.0,0.0,,,en,1,1,0.9999999996933993,0.05
nlu_0389_05,S0389,unseen,legal,"The specialist discussed the documented issue involving answer during the latest account; at the next decision point, the person handling the matter, before the next decision. The record specifically references defendant.",defendant; answer,2,2,0,,2,,"The specialist discussed the documented issue involving answer during the latest account. At the next decision point, the person handling the matter before the next decision. The record specifically references defendant.",,0.0967741935483871,,1.0,0,0,2,0.0,0.0,0.0,,,en,0,0,1.4479555500798662e-06,0.05
nlu_0128_06,S0128,unseen,medical,"The available evidence was considered before deciding how to address the current status of neuropathy; during the most recent assessment, the case team, before the matter is finalized.",neuropathy,1,1,0,,1,,"The available evidence was considered before deciding how to address the current status of neuropathy. During the most recent assessment, the case team, before the matter, is finalized.",,0.1071428571428571,,1.0,0,0,1,0.0,0.0,0.0,,,en,0,0,0.0020954045994102536,0.05
nlu_0100_06,S0100,unseen,medical,"The available evidence was considered before deciding how to address the current status of seizure disorder; at the next decision point, the reviewing group, before the next decision.",seizure disorder,1,1,0,,1,,"The available evidence was considered before deciding how to address the current status of seizure disorder. At the next decision point, the reviewing group before the next decision.",,0.1071428571428571,,1.0,0,0,1,0.0,0.0,0.0,,,en,0,0,0.00012985890991030612,0.05
nlu_0430_08,S0430,unseen,legal,"The case involves the reported concern involving civil procedure, and the relevant relevant records is being assessed; after the recent update, the technical or professional team, while considering the current evidence. The record specifically references civil procedure.",civil procedure,1,1,0,,1,,"The case involves the reported concern involving civil procedure, and the relevant, relevant records is being assessed after the recent update, the technical or professional team, while considering the current evidence. The record specifically references civil procedure.",,0.054054054054054,,1.0,0,0,1,0.0,0.0,0.0,,,en,0,0,7.741844612118301e-05,0.05
nlu_0390_01,S0390,unseen,legal,"The current findings was reviewed in relation to defendant and answer, during the ongoing evaluation, the reviewing group, before the matter is finalized.",defendant; answer,2,2,0,,2,,"The current findings was reviewed in relation to defendant and answer. During the ongoing evaluation, the reviewing group, before the matter is finalized.",,0.0869565217391304,,1.0,0,0,2,0.0,0.0,0.0,,,en,0,0,1.1335935944183986e-06,0.05
nlu_0127_08,S0127,unseen,medical,"The case involves the reported concern involving neuropathy, and the relevant relevant records is being assessed; at the current stage, the case team, after the latest information was reviewed. The record specifically references neuropathy.",neuropathy,1,1,0,,1,,"The case involves the reported concern involving neuropathy and the relevant relevant records is being assessed. At the current stage, the case team, after the latest information, was reviewed. The record specifically references neuropathy.",,0.1176470588235294,,1.0,0,0,1,0.0,0.0,0.0,,,en,0,0,0.0008142037787262518,0.05
nlu_0301_06,S0301,unseen,finance,"The available evidence was considered before deciding how to address the current status of derivative hedge; at the next decision point, the current reviewer, while considering the current evidence.",derivative hedge,1,1,0,,1,,"The available evidence was considered before deciding how to address the current status of derivative hedge. At the next decision point, the current reviewer, while considering the current evidence.",,0.0689655172413793,,1.0,0,0,1,0.0,0.0,0.0,,,en,0,0,0.00011616015436432021,0.05
nlu_0274_05,S0274,unseen,finance,"The specialist discussed the documented issue involving discounted cash flow during the latest transfer; during the ongoing evaluation, the technical or professional team, during the present round of discussion. The record specifically references equity valuation.",equity valuation; discounted,2,1,0,,1,,"The specialist discussed the documented issue involving discounted cash flow during the latest transfer. During the ongoing evaluation, the technical or professional team during the present round of discussion. The record specifically references equity evaluation.",,0.1142857142857142,,1.0,0,0,1,0.0,0.0,0.0,,,en,0,0,7.839685983249202e-06,0.05
nlu_0275_08,S0275,unseen,finance,"The case involves the reported concern involving equity valuation, and the relevant relevant records is being assessed; after the latest information became available, the case team, while comparing the available options. The record specifically references equity valuation.",equity valuation,1,1,0,,1,,"The case involves the reported concern involving equity valuation, and the relevant relevant records is being assessed. After the latest information became available, the case team, while comparing the available options. The record specifically references equity valuation.",,0.054054054054054,,1.0,0,0,1,0.0,0.0,0.0,,,en,0,0,1.580460333064068e-05,0.05
nlu_0345_05,S0345,unseen,legal,"The specialist discussed the documented issue involving jurisdiction during the latest adjustment; after the latest information became available, the decision-making group, before the matter is finalized. The record specifically references governing law.",governing; jurisdiction,2,2,0,,2,,"The specialist discussed the documented issue involving jurisdiction during the latest adjustment. After the latest information became available, the decision-making group, before the matter is finalized. The record specifically references governing law.",,0.0625,,1.0,0,0,2,0.0,0.0,0.0,,,en,0,0,3.2267533243218427e-06,0.05
nlu_0047_07,S0047,unseen,medical,"The latest account focused on the evidence related to ejection fraction; after the recent update, the reviewing group, before the next decision. The discussion also considers left ventricular function.",ventricular; function; fraction; ejection,4,4,1,ejection,4,0.0,"The latest account focused on the evidence related to ejection fraction after the recent update, the reviewing group, before the next decision. The discussion also considers left ventricular function.","The latest account focused on the evidence related to objection fraction after the recent update, the reviewing group, before the next decision. The discussion also considers left ventricular function.",0.0344827586206896,0.0689655172413793,0.25,3,0,1,1.0,0.75,0.0,,,en,1,1,1.0,0.05
